emprestimo_id,cliente_id,agencia_id,produto_id,data_contratacao,valor_contratado,quantidade_parcelas,taxa_mensal,status_emprestimo
500001,10001,101,3,2023-08-09,73692.19,48,0.0338,Ativo
500002,10038,102,3,2022-04-14,96408.43,48,0.0430,Quitado
500003,10075,103,4,2022-02-01,70519.28,24,0.0134,Quitado
500004,10112,104,3,2024-02-20,77899.66,12,0.0282,Em atraso
500005,10149,105,4,2026-08-06,41181.15,12,0.0248,Quitado
500006,10186,106,3,2025-09-02,21219.99,24,0.0377,Ativo
500007,10223,107,4,2021-11-17,52083.68,36,0.0362,Ativo
500008,10260,108,3,2025-04-03,38408.33,12,0.0273,Ativo
500009,10297,109,3,2022-04-17,117841.29,6,0.0097,Ativo
500010,10334,110,3,2022-08-10,61309.88,6,0.0238,Quitado
500011,10371,111,4,2026-01-09,42234.96,36,0.0315,Ativo
500012,10408,112,3,2020-12-08,31225.16,48,0.0367,Ativo
500013,10445,113,3,2022-10-14,4431.05,24,0.0164,Em atraso
500014,10482,114,3,2023-06-05,100296.26,6,0.0410,Quitado
500015,10519,115,3,2021-03-04,44101.51,6,0.0104,Quitado
500016,10556,116,3,2022-09-07,84146.11,12,0.0111,Ativo
500017,10593,117,4,2021-09-24,79835.99,60,0.0229,Quitado
500018,10630,118,4,2025-06-24,53036.23,18,0.0234,Em atraso
500019,10667,119,3,2024-04-25,101986.70,12,0.0439,Ativo
500020,10704,120,3,2023-10-31,51558.66,48,0.0412,Em atraso
500021,10741,101,3,2020-04-19,91836.37,24,0.0359,Quitado
500022,10778,102,4,2021-04-11,60627.79,12,0.0134,Em atraso
500023,10815,103,4,2026-09-28,81730.22,36,0.0139,Quitado
500024,10852,104,4,2021-12-02,36287.47,24,0.0209,Ativo
500025,10889,105,4,2025-07-29,86562.28,36,0.0206,Ativo
500026,10926,106,4,2024-07-20,8599.32,24,0.0363,Quitado
500027,10963,107,4,2022-05-25,23756.92,6,0.0216,Quitado
500028,11000,108,3,2023-12-22,15627.60,18,0.0270,Ativo
500029,11037,109,4,2021-05-28,6636.14,18,0.0362,Em atraso
500030,11074,110,3,2023-04-11,34286.50,36,0.0212,Ativo
500031,11111,111,3,2022-09-04,116813.11,12,0.0207,Ativo
500032,11148,112,4,2020-09-26,99565.22,36,0.0435,Ativo
500033,11185,113,3,2023-08-29,100002.84,60,0.0132,Ativo
500034,11222,114,3,2020-08-06,119396.76,18,0.0123,Ativo
500035,11259,115,3,2022-09-12,54390.39,60,0.0378,Quitado
500036,11296,116,3,2020-11-01,112185.78,6,0.0127,Ativo
500037,11333,117,4,2023-12-14,116447.30,24,0.0152,Ativo
500038,11370,118,4,2023-09-28,76761.28,12,0.0413,Ativo
500039,11407,119,3,2023-12-17,34836.99,48,0.0366,Ativo
500040,11444,120,4,2025-11-19,43269.77,6,0.0368,Em atraso
500041,11481,101,4,2024-10-15,28799.54,12,0.0380,Ativo
500042,11518,102,3,2022-10-24,50274.40,6,0.0113,Ativo
500043,11555,103,3,2022-06-21,73156.63,36,0.0210,Ativo
500044,11592,104,3,2023-07-11,61075.86,36,0.0304,Em atraso
500045,11629,105,3,2026-03-01,17827.26,12,0.0137,Ativo
500046,11666,106,4,2022-07-30,100020.55,36,0.0109,Em atraso
500047,11703,107,4,2025-04-20,4494.77,36,0.0261,Quitado
500048,11740,108,4,2026-05-27,86311.66,6,0.0146,Quitado
500049,11777,109,3,2026-07-29,77815.91,60,0.0164,Em atraso
500050,11814,110,4,2022-02-21,62588.80,6,0.0093,Ativo
500051,11851,111,4,2025-08-01,60312.50,6,0.0329,Ativo
500052,11888,112,4,2024-02-02,117291.88,6,0.0360,Em atraso
500053,11925,113,4,2024-06-26,75836.32,6,0.0430,Ativo
500054,11962,114,3,2026-08-04,43574.70,18,0.0180,Ativo
500055,11999,115,4,2026-12-09,113247.87,6,0.0160,Em atraso
500056,12036,116,4,2022-12-06,116284.05,60,0.0276,Em atraso
500057,12073,117,4,2020-03-27,26699.68,12,0.0316,Ativo
500058,12110,118,3,2020-07-28,114269.80,24,0.0179,Quitado
500059,12147,119,4,2026-05-07,89664.67,36,0.0208,Em atraso
500060,12184,120,4,2026-11-01,52041.73,48,0.0298,Ativo
500061,12221,101,3,2025-05-12,107600.23,12,0.0131,Quitado
500062,12258,102,4,2022-10-17,45538.60,24,0.0370,Quitado
500063,12295,103,4,2025-06-15,2888.80,60,0.0227,Ativo
500064,12332,104,3,2022-01-06,98525.20,12,0.0381,Quitado
500065,12369,105,3,2023-05-27,55445.25,60,0.0119,Ativo
500066,12406,106,3,2025-06-20,30882.97,18,0.0302,Em atraso
500067,12443,107,3,2021-04-26,83132.08,18,0.0260,Quitado
500068,12480,108,3,2021-08-21,37809.69,36,0.0363,Em atraso
500069,12517,109,3,2022-01-27,88872.68,36,0.0099,Ativo
500070,12554,110,4,2021-09-19,18694.13,48,0.0135,Ativo
500071,12591,111,3,2025-08-01,52103.59,6,0.0152,Ativo
500072,12628,112,4,2023-06-10,9181.02,6,0.0406,Ativo
500073,12665,113,4,2021-12-13,22956.19,48,0.0433,Ativo
500074,12702,114,3,2022-11-14,33692.11,24,0.0358,Ativo
500075,12739,115,4,2021-02-10,41308.50,36,0.0410,Em atraso
500076,12776,116,4,2020-04-04,105418.89,18,0.0151,Ativo
500077,12813,117,3,2020-07-14,27597.77,18,0.0137,Ativo
500078,12850,118,4,2023-09-27,59552.66,48,0.0200,Em atraso
500079,12887,119,4,2024-01-11,60034.37,48,0.0181,Quitado
500080,12924,120,4,2021-07-07,6267.50,60,0.0423,Em atraso
500081,12961,101,3,2023-10-16,54607.77,24,0.0171,Em atraso
500082,12998,102,4,2020-10-21,77721.77,6,0.0364,Em atraso
500083,13035,103,4,2020-03-23,36025.01,12,0.0429,Ativo
500084,13072,104,3,2022-08-22,77093.83,36,0.0158,Quitado
500085,13109,105,3,2023-02-10,75472.53,36,0.0365,Quitado
500086,13146,106,4,2020-05-14,24417.55,48,0.0261,Ativo
500087,13183,107,3,2021-04-11,71841.79,12,0.0389,Em atraso
500088,13220,108,3,2020-05-29,5733.27,18,0.0428,Ativo
500089,13257,109,3,2021-09-14,58809.42,36,0.0131,Ativo
500090,13294,110,4,2022-08-10,22819.75,12,0.0258,Em atraso
500091,13331,111,3,2022-10-31,83912.48,12,0.0257,Em atraso
500092,13368,112,4,2025-03-31,94522.88,18,0.0185,Ativo
500093,13405,113,3,2026-06-10,44509.44,6,0.0152,Quitado
500094,13442,114,4,2023-08-03,57446.66,48,0.0186,Ativo
500095,13479,115,4,2026-05-26,14267.56,36,0.0314,Quitado
500096,13516,116,3,2021-06-14,90522.07,36,0.0152,Quitado
500097,13553,117,4,2026-02-18,76567.27,18,0.0169,Quitado
500098,13590,118,4,2021-03-23,42719.59,18,0.0403,Quitado
500099,13627,119,4,2026-08-11,19964.08,18,0.0334,Ativo
500100,13664,120,4,2022-05-11,75920.79,36,0.0190,Ativo
500101,13701,101,4,2026-03-27,113598.88,60,0.0190,Ativo
500102,13738,102,3,2025-02-23,47714.82,36,0.0173,Ativo
500103,13775,103,4,2026-11-18,45196.96,48,0.0330,Quitado
500104,13812,104,4,2024-06-11,86635.25,18,0.0257,Ativo
500105,13849,105,4,2021-01-03,36046.60,18,0.0235,Ativo
500106,13886,106,3,2021-07-16,82103.05,36,0.0343,Ativo
500107,13923,107,4,2020-07-21,85097.81,12,0.0178,Ativo
500108,13960,108,3,2021-05-19,6091.15,12,0.0092,Ativo
500109,13997,109,4,2022-02-03,107071.69,12,0.0374,Ativo
500110,14034,110,4,2025-11-19,38276.37,18,0.0198,Em atraso
500111,14071,111,3,2021-06-05,70221.30,24,0.0231,Ativo
500112,14108,112,4,2021-12-26,91194.30,24,0.0394,Ativo
500113,14145,113,3,2024-07-20,102134.41,24,0.0342,Ativo
500114,14182,114,3,2020-09-02,27662.67,12,0.0352,Quitado
500115,14219,115,3,2024-10-08,85718.95,18,0.0113,Ativo
500116,14256,116,4,2023-03-02,107488.93,18,0.0274,Ativo
500117,14293,117,3,2022-04-26,82261.62,36,0.0134,Em atraso
500118,14330,118,3,2023-01-10,40227.64,6,0.0171,Quitado
500119,14367,119,4,2024-10-03,92200.47,18,0.0253,Ativo
500120,14404,120,3,2021-10-05,48503.31,36,0.0404,Quitado
500121,14441,101,3,2024-02-06,74001.85,12,0.0199,Em atraso
500122,14478,102,4,2023-04-17,117164.20,12,0.0189,Em atraso
500123,14515,103,3,2025-04-25,100282.59,48,0.0195,Em atraso
500124,14552,104,3,2023-05-01,59282.98,24,0.0336,Em atraso
500125,14589,105,3,2020-09-21,84067.85,36,0.0155,Ativo
500126,14626,106,3,2025-07-09,84769.46,18,0.0090,Ativo
500127,14663,107,3,2023-06-14,84825.39,36,0.0354,Ativo
500128,14700,108,4,2026-11-18,40111.47,6,0.0121,Ativo
500129,14737,109,4,2022-11-27,91666.74,48,0.0242,Quitado
500130,14774,110,4,2021-12-09,39509.16,6,0.0301,Quitado
500131,14811,111,4,2020-12-26,114856.13,48,0.0194,Ativo
500132,14848,112,3,2020-07-20,1418.50,60,0.0297,Em atraso
500133,14885,113,4,2022-06-17,18517.51,12,0.0263,Quitado
500134,14922,114,3,2020-04-30,37269.63,24,0.0191,Em atraso
500135,14959,115,4,2022-09-26,104180.56,12,0.0197,Quitado
500136,14996,116,4,2023-03-08,98875.63,60,0.0226,Em atraso
500137,15033,117,3,2023-12-15,33556.13,24,0.0204,Quitado
500138,15070,118,4,2026-05-03,57797.27,6,0.0228,Em atraso
500139,15107,119,4,2021-02-20,15681.78,6,0.0267,Quitado
500140,15144,120,3,2024-11-20,110679.56,24,0.0401,Em atraso
500141,15181,101,4,2020-10-21,2328.13,24,0.0097,Em atraso
500142,15218,102,3,2022-10-01,6325.47,48,0.0402,Em atraso
500143,15255,103,4,2023-04-22,43306.52,6,0.0169,Ativo
500144,15292,104,3,2022-07-12,23022.73,24,0.0300,Em atraso
500145,15329,105,4,2020-10-14,104068.69,18,0.0152,Ativo
500146,15366,106,3,2022-09-09,109389.05,18,0.0150,Ativo
500147,15403,107,4,2022-07-07,57739.03,24,0.0243,Em atraso
500148,15440,108,4,2024-02-07,57751.60,12,0.0216,Ativo
500149,15477,109,4,2023-01-01,117470.19,12,0.0143,Ativo
500150,15514,110,4,2021-09-26,38826.26,6,0.0148,Quitado
500151,15551,111,4,2026-02-19,100762.37,48,0.0318,Em atraso
500152,15588,112,3,2022-02-20,23212.32,18,0.0377,Ativo
500153,15625,113,4,2023-04-15,112137.30,60,0.0109,Ativo
500154,15662,114,3,2024-01-06,95968.20,60,0.0350,Em atraso
500155,15699,115,4,2021-01-10,24307.22,18,0.0294,Ativo
500156,15736,116,3,2026-12-15,11283.93,48,0.0192,Em atraso
500157,15773,117,4,2020-01-17,46729.59,36,0.0306,Quitado
500158,15810,118,3,2023-03-12,53015.80,36,0.0253,Ativo
500159,15847,119,4,2023-04-21,59188.25,24,0.0325,Ativo
500160,15884,120,3,2026-11-26,60599.08,36,0.0397,Quitado
500161,15921,101,4,2020-07-09,58791.53,18,0.0382,Ativo
500162,15958,102,3,2022-06-09,54604.22,60,0.0307,Em atraso
500163,15995,103,3,2023-08-08,52527.94,36,0.0218,Quitado
500164,16032,104,3,2022-07-12,94952.23,60,0.0410,Ativo
500165,16069,105,3,2026-07-06,18270.16,24,0.0243,Ativo
500166,16106,106,3,2023-04-19,9554.87,18,0.0293,Quitado
500167,16143,107,3,2023-10-09,110867.88,48,0.0186,Quitado
500168,16180,108,4,2022-09-04,17895.32,12,0.0357,Ativo
500169,16217,109,4,2020-07-14,10720.11,12,0.0147,Em atraso
500170,16254,110,4,2025-07-09,90814.81,18,0.0256,Quitado
500171,16291,111,4,2024-12-20,30967.63,24,0.0116,Em atraso
500172,16328,112,3,2023-07-15,82521.03,12,0.0388,Ativo
500173,16365,113,4,2022-05-18,84196.18,24,0.0389,Quitado
500174,16402,114,4,2023-10-26,82583.74,18,0.0150,Quitado
500175,16439,115,4,2023-03-28,17291.02,24,0.0187,Ativo
500176,16476,116,3,2026-08-10,108433.44,48,0.0119,Quitado
500177,16513,117,4,2020-03-02,92833.45,12,0.0218,Ativo
500178,16550,118,3,2022-07-24,73628.43,6,0.0289,Em atraso
500179,16587,119,3,2026-06-26,68180.00,24,0.0367,Ativo
500180,16624,120,4,2025-08-20,44906.24,24,0.0279,Em atraso
500181,16661,101,3,2020-10-21,113114.83,12,0.0186,Em atraso
500182,16698,102,3,2026-06-01,116784.69,48,0.0162,Ativo
500183,16735,103,3,2022-12-03,53715.97,24,0.0186,Ativo
500184,16772,104,4,2025-06-12,95228.47,48,0.0260,Em atraso
500185,16809,105,4,2023-11-16,4826.15,48,0.0233,Ativo
500186,16846,106,3,2020-11-30,44646.79,12,0.0155,Em atraso
500187,16883,107,3,2026-12-09,9268.59,6,0.0211,Quitado
500188,16920,108,4,2022-09-30,45237.65,6,0.0334,Ativo
500189,16957,109,3,2023-12-25,20698.73,18,0.0158,Ativo
500190,16994,110,3,2026-12-17,36444.46,18,0.0231,Ativo
500191,17031,111,4,2020-05-24,49732.12,60,0.0287,Ativo
500192,17068,112,4,2025-11-06,57040.56,24,0.0125,Ativo
500193,17105,113,3,2020-07-11,84739.48,60,0.0375,Ativo
500194,17142,114,4,2026-04-18,32107.32,6,0.0120,Quitado
500195,17179,115,3,2020-05-17,23449.24,18,0.0175,Ativo
500196,17216,116,4,2022-05-08,71921.39,36,0.0344,Em atraso
500197,17253,117,4,2020-12-02,119248.44,48,0.0145,Quitado
500198,17290,118,3,2023-11-08,16516.81,18,0.0322,Ativo
500199,17327,119,3,2021-05-15,95822.39,18,0.0120,Quitado
500200,17364,120,4,2020-09-16,83437.48,6,0.0430,Quitado
500201,17401,101,3,2023-03-24,111523.90,60,0.0306,Quitado
500202,17438,102,4,2023-02-09,102945.70,24,0.0413,Quitado
500203,17475,103,3,2021-11-22,1612.59,60,0.0300,Em atraso
500204,17512,104,3,2025-10-24,90702.48,6,0.0151,Ativo
500205,17549,105,4,2020-04-07,39254.94,12,0.0325,Em atraso
500206,17586,106,3,2026-04-26,58684.99,6,0.0268,Ativo
500207,17623,107,3,2023-07-16,59925.76,24,0.0218,Ativo
500208,17660,108,4,2025-06-11,88857.10,36,0.0266,Ativo
500209,17697,109,3,2025-02-15,11601.55,24,0.0192,Quitado
500210,17734,110,4,2024-09-26,57858.37,36,0.0335,Em atraso
500211,17771,111,4,2023-06-22,24886.57,12,0.0120,Em atraso
500212,17808,112,3,2022-09-13,96727.28,36,0.0146,Quitado
500213,17845,113,3,2020-02-17,30962.15,60,0.0146,Ativo
500214,17882,114,4,2020-09-25,43424.22,24,0.0274,Em atraso
500215,17919,115,4,2021-05-15,55999.76,12,0.0250,Quitado
500216,17956,116,3,2023-05-03,102669.92,60,0.0403,Ativo
500217,17993,117,4,2025-03-26,89428.73,18,0.0334,Quitado
500218,18030,118,3,2025-11-16,78365.00,12,0.0156,Quitado
500219,18067,119,3,2026-10-10,119198.95,24,0.0391,Quitado
500220,18104,120,4,2020-01-28,47606.06,18,0.0378,Em atraso
500221,18141,101,3,2026-11-15,4929.39,6,0.0404,Ativo
500222,18178,102,4,2020-12-08,20064.24,12,0.0367,Ativo
500223,18215,103,4,2024-12-02,79582.98,60,0.0391,Ativo
500224,18252,104,3,2022-10-26,83241.57,48,0.0291,Em atraso
500225,18289,105,4,2026-03-25,68058.44,12,0.0090,Em atraso
500226,18326,106,4,2024-11-02,64870.98,18,0.0225,Ativo
500227,18363,107,3,2026-12-17,9839.77,18,0.0269,Quitado
500228,18400,108,3,2022-10-28,34475.41,6,0.0349,Ativo
500229,18437,109,4,2024-12-11,119593.95,36,0.0419,Ativo
500230,18474,110,3,2020-07-16,20851.75,48,0.0204,Quitado
500231,18511,111,4,2022-08-30,119357.57,12,0.0258,Quitado
500232,18548,112,3,2023-10-22,88995.27,18,0.0314,Em atraso
500233,18585,113,3,2025-04-12,33702.86,60,0.0311,Ativo
500234,18622,114,3,2024-11-09,45729.99,36,0.0418,Em atraso
500235,18659,115,4,2024-07-04,66023.89,36,0.0434,Quitado
500236,18696,116,3,2020-12-21,96060.82,18,0.0226,Ativo
500237,18733,117,3,2023-09-06,59833.53,18,0.0113,Quitado
500238,18770,118,3,2022-03-26,113012.99,36,0.0269,Ativo
500239,18807,119,4,2021-04-11,30711.73,12,0.0280,Em atraso
500240,18844,120,4,2026-01-01,92474.37,36,0.0194,Ativo
500241,18881,101,4,2025-11-02,71295.83,36,0.0164,Quitado
500242,18918,102,4,2021-06-01,110306.40,6,0.0293,Ativo
500243,18955,103,4,2023-01-05,103453.48,6,0.0277,Em atraso
500244,18992,104,3,2025-12-22,32739.13,36,0.0287,Em atraso
500245,19029,105,3,2020-02-13,100528.75,6,0.0343,Quitado
500246,19066,106,4,2025-02-09,93816.14,48,0.0281,Ativo
500247,19103,107,4,2022-06-24,4302.20,12,0.0287,Em atraso
500248,19140,108,3,2023-03-18,32404.85,60,0.0192,Em atraso
500249,19177,109,3,2021-06-23,19055.40,6,0.0260,Ativo
500250,19214,110,4,2024-07-17,104037.87,12,0.0293,Quitado
500251,19251,111,4,2020-01-04,90880.50,12,0.0318,Em atraso
500252,19288,112,4,2023-01-22,53601.06,6,0.0378,Em atraso
500253,19325,113,4,2024-10-19,28125.67,24,0.0422,Em atraso
500254,19362,114,4,2025-12-21,18633.91,18,0.0395,Quitado
500255,19399,115,3,2020-10-28,82616.81,60,0.0175,Em atraso
500256,19436,116,4,2025-08-23,103757.78,24,0.0215,Ativo
500257,19473,117,3,2021-09-06,56046.27,36,0.0187,Quitado
500258,19510,118,4,2025-02-20,37497.76,24,0.0148,Ativo
500259,19547,119,3,2025-10-10,23669.23,24,0.0091,Em atraso
500260,19584,120,3,2021-07-06,114513.69,60,0.0414,Em atraso
500261,19621,101,3,2024-08-13,85198.29,36,0.0203,Ativo
500262,19658,102,4,2020-08-24,15005.98,18,0.0307,Ativo
500263,19695,103,3,2022-07-12,33536.90,24,0.0247,Em atraso
500264,19732,104,3,2026-03-31,95811.87,12,0.0314,Ativo
500265,19769,105,3,2021-09-04,99742.33,60,0.0231,Ativo
500266,19806,106,4,2024-04-14,19457.70,12,0.0431,Quitado
500267,19843,107,3,2026-03-01,35358.75,60,0.0221,Quitado
500268,19880,108,3,2021-01-02,89182.96,48,0.0186,Ativo
500269,19917,109,3,2022-07-31,11011.03,24,0.0403,Quitado
500270,19954,110,4,2026-04-16,96701.54,24,0.0103,Em atraso
500271,19991,111,4,2022-04-08,56899.90,60,0.0130,Quitado
500272,20028,112,3,2022-12-30,39215.93,24,0.0142,Quitado
500273,20065,113,4,2021-03-25,36589.16,18,0.0310,Em atraso
500274,20102,114,4,2020-07-19,70950.06,6,0.0257,Em atraso
500275,20139,115,3,2022-05-23,33225.44,60,0.0298,Quitado
500276,20176,116,4,2026-11-25,59216.20,24,0.0208,Quitado
500277,20213,117,4,2021-08-30,105081.23,18,0.0134,Ativo
500278,20250,118,4,2026-09-17,96781.75,24,0.0417,Ativo
500279,20287,119,4,2022-01-02,63061.78,60,0.0162,Ativo
500280,20324,120,3,2020-03-23,20051.41,48,0.0153,Em atraso
500281,20361,101,3,2022-06-19,71566.51,48,0.0300,Quitado
500282,20398,102,3,2025-04-18,58330.44,48,0.0242,Ativo
500283,20435,103,3,2021-11-11,47845.48,18,0.0261,Ativo
500284,20472,104,4,2023-07-30,9184.58,60,0.0126,Em atraso
500285,20509,105,3,2022-08-07,29741.67,18,0.0379,Ativo
500286,20546,106,3,2022-09-04,76662.28,18,0.0132,Ativo
500287,20583,107,4,2021-10-18,22459.57,12,0.0314,Ativo
500288,20620,108,4,2022-12-03,112894.85,12,0.0357,Quitado
500289,20657,109,3,2020-09-06,6750.81,18,0.0362,Ativo
500290,20694,110,3,2022-01-10,102340.18,36,0.0199,Em atraso
500291,20731,111,4,2021-12-23,106657.38,60,0.0373,Ativo
500292,20768,112,3,2024-09-21,116685.65,18,0.0266,Quitado
500293,20805,113,4,2021-09-13,111703.07,6,0.0123,Ativo
500294,20842,114,3,2026-03-22,21175.79,12,0.0383,Ativo
500295,20879,115,4,2024-08-05,77173.85,60,0.0171,Ativo
500296,20916,116,3,2024-01-22,75880.43,6,0.0125,Quitado
500297,20953,117,4,2023-02-28,66877.67,6,0.0221,Quitado
500298,20990,118,3,2023-08-27,35168.89,12,0.0345,Quitado
500299,21027,119,4,2021-12-17,107524.41,36,0.0148,Quitado
500300,21064,120,3,2025-08-29,90405.83,36,0.0392,Quitado
500301,21101,101,3,2022-09-02,25616.55,48,0.0178,Em atraso
500302,21138,102,4,2026-12-23,9634.42,6,0.0158,Quitado
500303,21175,103,3,2020-01-30,57491.25,36,0.0311,Ativo
500304,21212,104,4,2026-11-22,116762.43,18,0.0439,Ativo
500305,21249,105,3,2025-12-22,58904.39,60,0.0197,Em atraso
500306,21286,106,4,2024-10-30,47516.89,6,0.0407,Em atraso
500307,21323,107,4,2020-08-23,49297.19,12,0.0432,Em atraso
500308,21360,108,3,2025-08-30,55182.90,18,0.0205,Ativo
500309,21397,109,3,2020-05-31,95636.20,60,0.0362,Ativo
500310,21434,110,3,2021-06-17,29892.32,36,0.0306,Ativo
500311,21471,111,3,2024-06-16,69466.97,12,0.0179,Quitado
500312,21508,112,4,2025-04-12,111977.76,18,0.0197,Ativo
500313,21545,113,4,2025-10-24,78572.42,36,0.0126,Ativo
500314,21582,114,3,2024-04-12,26657.75,36,0.0118,Ativo
500315,21619,115,3,2021-04-23,24376.12,12,0.0229,Em atraso
500316,21656,116,4,2022-04-01,9068.52,24,0.0201,Quitado
500317,21693,117,3,2026-11-05,97981.49,6,0.0179,Ativo
500318,21730,118,4,2021-05-27,30408.12,24,0.0187,Em atraso
500319,21767,119,3,2022-04-12,11487.26,48,0.0170,Ativo
500320,21804,120,4,2025-12-28,15708.44,6,0.0213,Ativo
500321,21841,101,4,2024-10-12,26969.93,18,0.0398,Quitado
500322,21878,102,3,2026-01-27,84500.80,18,0.0426,Em atraso
500323,21915,103,4,2022-06-24,92273.92,48,0.0181,Ativo
500324,21952,104,3,2026-07-07,113390.70,60,0.0417,Ativo
500325,21989,105,4,2026-09-19,86499.88,48,0.0193,Ativo
500326,22026,106,3,2020-01-23,91307.45,12,0.0274,Ativo
500327,22063,107,4,2020-03-31,42831.90,18,0.0203,Ativo
500328,22100,108,3,2022-01-09,30944.11,36,0.0227,Em atraso
500329,22137,109,4,2021-03-21,79094.23,24,0.0175,Em atraso
500330,22174,110,3,2026-12-21,14653.58,12,0.0146,Quitado
500331,22211,111,3,2022-09-28,34178.09,12,0.0093,Quitado
500332,22248,112,4,2022-06-10,30816.33,12,0.0241,Em atraso
500333,22285,113,4,2024-05-30,28229.20,24,0.0262,Ativo
500334,22322,114,3,2021-07-09,119445.43,6,0.0210,Ativo
500335,22359,115,4,2024-01-12,100236.76,60,0.0404,Quitado
500336,22396,116,3,2021-11-28,66544.53,18,0.0100,Ativo
500337,22433,117,3,2021-07-04,81414.35,18,0.0175,Ativo
500338,22470,118,3,2024-09-20,58484.42,36,0.0310,Quitado
500339,22507,119,4,2025-07-23,59513.45,18,0.0314,Em atraso
500340,22544,120,3,2024-03-10,48413.66,48,0.0311,Ativo
500341,22581,101,4,2020-10-06,33960.25,6,0.0211,Em atraso
500342,22618,102,3,2021-01-08,19469.15,24,0.0357,Em atraso
500343,22655,103,3,2022-02-02,9456.25,60,0.0378,Ativo
500344,22692,104,4,2023-01-12,27302.07,12,0.0324,Em atraso
500345,22729,105,3,2023-11-22,20433.47,60,0.0202,Quitado
500346,22766,106,3,2026-05-17,5184.84,6,0.0123,Ativo
500347,22803,107,4,2023-01-28,84504.64,12,0.0317,Ativo
500348,22840,108,3,2021-06-12,58714.81,12,0.0221,Quitado
500349,22877,109,3,2024-11-17,112799.24,48,0.0162,Ativo
500350,22914,110,3,2020-04-05,102880.24,48,0.0202,Ativo
500351,22951,111,3,2025-06-19,72825.83,36,0.0243,Ativo
500352,22988,112,3,2026-12-10,104004.23,36,0.0418,Quitado
500353,23025,113,4,2023-04-15,15251.46,6,0.0166,Ativo
500354,23062,114,4,2021-08-09,76832.13,12,0.0268,Em atraso
500355,23099,115,3,2021-12-10,81738.58,36,0.0419,Em atraso
500356,23136,116,3,2022-09-13,87778.26,12,0.0420,Quitado
500357,23173,117,4,2023-12-09,45730.32,12,0.0163,Em atraso
500358,23210,118,4,2021-09-13,69097.27,6,0.0258,Ativo
500359,23247,119,4,2023-08-11,109824.52,36,0.0252,Quitado
500360,23284,120,3,2026-08-30,111496.10,60,0.0139,Quitado
500361,23321,101,4,2023-02-02,72127.36,36,0.0421,Em atraso
500362,23358,102,3,2026-01-02,28451.83,36,0.0253,Ativo
500363,23395,103,3,2020-02-11,72727.01,12,0.0369,Quitado
500364,23432,104,4,2021-08-02,109251.38,48,0.0270,Ativo
500365,23469,105,3,2023-01-03,92178.07,6,0.0165,Quitado
500366,23506,106,3,2022-11-26,9518.35,24,0.0121,Quitado
500367,23543,107,4,2024-03-10,44637.40,60,0.0429,Quitado
500368,23580,108,4,2022-01-03,16742.91,60,0.0329,Quitado
500369,23617,109,4,2025-12-30,77041.91,24,0.0336,Ativo
500370,23654,110,3,2026-05-31,33080.20,18,0.0321,Em atraso
500371,23691,111,4,2025-09-01,1468.95,48,0.0369,Ativo
500372,23728,112,4,2026-03-04,96432.87,36,0.0295,Ativo
500373,23765,113,4,2021-11-10,30569.98,24,0.0349,Ativo
500374,23802,114,4,2024-10-25,102583.54,36,0.0367,Ativo
500375,23839,115,3,2022-11-27,17718.09,18,0.0188,Quitado
500376,23876,116,4,2020-11-18,109892.51,36,0.0271,Em atraso
500377,23913,117,3,2024-10-21,26260.02,18,0.0375,Em atraso
500378,23950,118,4,2024-03-23,19826.75,18,0.0197,Ativo
500379,23987,119,4,2026-08-20,84013.27,6,0.0357,Quitado
500380,24024,120,4,2025-04-15,74335.34,6,0.0239,Ativo
500381,24061,101,3,2026-10-12,102899.01,12,0.0409,Ativo
500382,24098,102,3,2026-02-06,70837.41,18,0.0259,Ativo
500383,24135,103,3,2022-04-19,21351.28,60,0.0420,Quitado
500384,24172,104,3,2026-08-13,104337.86,24,0.0292,Ativo
500385,24209,105,3,2021-03-30,18893.26,6,0.0326,Ativo
500386,24246,106,4,2022-09-12,82936.74,60,0.0297,Ativo
500387,24283,107,3,2023-10-10,87021.10,18,0.0330,Quitado
500388,24320,108,4,2024-11-01,52747.74,12,0.0262,Em atraso
500389,24357,109,3,2020-05-20,55286.00,18,0.0222,Quitado
500390,24394,110,3,2024-06-10,65991.54,12,0.0352,Em atraso
500391,24431,111,4,2022-07-25,11215.20,24,0.0315,Ativo
500392,24468,112,4,2025-04-05,21779.53,12,0.0165,Ativo
500393,24505,113,4,2023-10-07,11462.41,18,0.0330,Quitado
500394,24542,114,4,2021-04-08,57853.66,48,0.0125,Ativo
500395,24579,115,3,2021-06-01,34328.40,36,0.0328,Ativo
500396,24616,116,4,2021-02-04,78297.89,24,0.0401,Ativo
500397,24653,117,3,2022-06-03,82542.26,12,0.0184,Ativo
500398,24690,118,3,2024-11-09,6986.97,36,0.0192,Em atraso
500399,24727,119,4,2026-05-15,17944.15,18,0.0141,Em atraso
500400,24764,120,4,2021-11-27,6288.22,48,0.0314,Quitado
500401,24801,101,4,2024-05-16,48459.92,60,0.0156,Ativo
500402,24838,102,4,2023-11-11,49281.76,24,0.0183,Quitado
500403,24875,103,4,2025-04-06,80508.42,36,0.0407,Ativo
500404,24912,104,4,2023-01-15,48514.97,60,0.0366,Em atraso
500405,24949,105,4,2024-08-06,106732.01,48,0.0135,Ativo
500406,24986,106,4,2020-01-07,108056.75,48,0.0220,Em atraso
500407,25023,107,3,2022-08-29,20690.97,48,0.0175,Em atraso
500408,25060,108,4,2020-12-26,19367.24,60,0.0213,Em atraso
500409,25097,109,4,2024-06-04,16912.41,48,0.0233,Em atraso
500410,25134,110,3,2026-03-20,7248.52,6,0.0367,Ativo
500411,25171,111,4,2026-03-17,27434.23,48,0.0270,Em atraso
500412,25208,112,3,2025-08-26,1892.05,60,0.0398,Ativo
500413,25245,113,3,2023-05-20,7734.90,18,0.0385,Em atraso
500414,25282,114,3,2026-07-15,97788.43,36,0.0178,Ativo
500415,25319,115,4,2026-06-20,58689.57,12,0.0328,Quitado
500416,25356,116,3,2020-08-09,11015.02,18,0.0295,Em atraso
500417,25393,117,4,2025-06-16,114943.19,24,0.0223,Ativo
500418,25430,118,4,2024-03-05,17167.15,60,0.0124,Quitado
500419,25467,119,4,2026-02-19,30841.19,6,0.0295,Quitado
500420,25504,120,4,2025-03-26,50948.55,60,0.0371,Quitado
500421,25541,101,4,2024-10-28,91808.52,60,0.0295,Quitado
500422,25578,102,4,2023-04-30,104186.53,36,0.0309,Quitado
500423,25615,103,4,2020-09-28,104817.41,6,0.0126,Em atraso
500424,25652,104,4,2020-11-05,90787.59,36,0.0351,Em atraso
500425,25689,105,4,2026-12-25,11334.74,24,0.0406,Quitado
500426,25726,106,3,2022-01-07,113899.12,36,0.0358,Ativo
500427,25763,107,4,2021-10-02,116889.48,36,0.0110,Quitado
500428,25800,108,3,2020-09-19,77292.77,18,0.0295,Ativo
500429,25837,109,3,2021-05-11,13150.88,60,0.0355,Em atraso
500430,25874,110,4,2022-11-12,111735.08,48,0.0111,Ativo
500431,25911,111,4,2024-02-21,58157.98,24,0.0434,Ativo
500432,25948,112,3,2025-01-25,103861.13,12,0.0384,Ativo
500433,25985,113,4,2024-04-24,28091.23,36,0.0251,Quitado
500434,26022,114,3,2026-10-06,95816.65,6,0.0426,Em atraso
500435,26059,115,3,2023-05-18,55726.58,60,0.0327,Em atraso
500436,26096,116,4,2021-12-24,21684.36,48,0.0117,Em atraso
500437,26133,117,4,2024-08-15,75462.92,12,0.0412,Quitado
500438,26170,118,3,2023-07-15,13460.10,12,0.0241,Em atraso
500439,26207,119,4,2025-11-08,93563.37,6,0.0290,Quitado
500440,26244,120,4,2020-03-30,40094.42,24,0.0412,Quitado
500441,26281,101,3,2020-05-13,62001.01,12,0.0150,Ativo
500442,26318,102,4,2021-06-26,52865.18,60,0.0396,Ativo
500443,26355,103,3,2024-10-08,68049.75,36,0.0415,Em atraso
500444,26392,104,4,2023-02-27,55096.84,24,0.0227,Em atraso
500445,26429,105,3,2021-04-09,34511.02,12,0.0344,Ativo
500446,26466,106,4,2024-12-03,19992.09,6,0.0216,Quitado
500447,26503,107,4,2025-06-02,59216.69,18,0.0378,Ativo
500448,26540,108,4,2020-04-01,86091.35,24,0.0274,Ativo
500449,26577,109,4,2023-06-25,53199.09,24,0.0342,Ativo
500450,26614,110,4,2022-08-13,61625.90,18,0.0150,Ativo
500451,26651,111,4,2021-12-12,103668.60,60,0.0429,Quitado
500452,26688,112,4,2024-12-13,35780.12,48,0.0210,Em atraso
500453,26725,113,3,2026-10-12,42689.48,12,0.0396,Em atraso
500454,26762,114,3,2022-02-24,116628.55,48,0.0320,Quitado
500455,26799,115,3,2023-07-11,64194.62,36,0.0206,Quitado
500456,26836,116,4,2025-03-11,82263.44,6,0.0126,Em atraso
500457,26873,117,4,2024-03-26,96729.69,18,0.0192,Em atraso
500458,26910,118,4,2025-04-10,118378.25,48,0.0235,Ativo
500459,26947,119,3,2024-12-21,72067.50,18,0.0291,Ativo
500460,26984,120,4,2021-12-12,37322.94,12,0.0400,Em atraso
500461,27021,101,4,2020-04-11,46583.03,36,0.0101,Em atraso
500462,27058,102,4,2021-02-26,115396.48,60,0.0353,Quitado
500463,27095,103,4,2026-10-27,114029.88,24,0.0191,Quitado
500464,27132,104,3,2022-09-18,50892.31,12,0.0254,Ativo
500465,27169,105,3,2021-03-30,78108.69,6,0.0273,Quitado
500466,27206,106,3,2025-07-27,72162.40,48,0.0268,Ativo
500467,27243,107,4,2020-10-18,72968.15,18,0.0114,Quitado
500468,27280,108,4,2024-12-04,43715.45,6,0.0281,Quitado
500469,27317,109,3,2026-04-30,17529.33,60,0.0362,Em atraso
500470,27354,110,3,2026-01-16,64114.86,60,0.0137,Em atraso
500471,27391,111,4,2024-10-01,103273.77,12,0.0226,Em atraso
500472,27428,112,3,2024-04-23,10192.22,18,0.0168,Ativo
500473,27465,113,4,2025-12-26,22886.15,6,0.0238,Ativo
500474,27502,114,3,2021-12-01,33841.78,6,0.0138,Ativo
500475,27539,115,4,2020-01-19,31892.06,12,0.0185,Ativo
500476,27576,116,4,2020-03-05,1411.63,60,0.0392,Ativo
500477,27613,117,4,2021-10-09,63181.47,6,0.0279,Em atraso
500478,27650,118,3,2026-05-13,60457.17,36,0.0366,Quitado
500479,27687,119,4,2022-05-07,46058.61,12,0.0370,Quitado
500480,27724,120,3,2024-08-21,26372.53,12,0.0161,Ativo
500481,27761,101,3,2025-08-12,89208.82,18,0.0202,Ativo
500482,27798,102,4,2023-05-04,71165.54,6,0.0159,Ativo
500483,27835,103,4,2026-11-10,49723.03,36,0.0238,Ativo
500484,27872,104,4,2026-10-19,109391.84,24,0.0380,Ativo
500485,27909,105,3,2024-07-10,63070.48,36,0.0276,Ativo
500486,27946,106,4,2026-06-14,66013.88,36,0.0314,Ativo
500487,27983,107,4,2024-01-14,68660.31,60,0.0117,Ativo
500488,28020,108,4,2023-10-31,27700.23,24,0.0410,Ativo
500489,28057,109,3,2022-10-03,84382.62,18,0.0369,Quitado
500490,28094,110,4,2022-10-18,22831.08,48,0.0176,Em atraso
500491,28131,111,3,2022-09-03,38269.66,24,0.0135,Ativo
500492,28168,112,4,2021-01-13,38225.32,18,0.0202,Em atraso
500493,28205,113,3,2021-05-21,18167.81,48,0.0332,Ativo
500494,28242,114,3,2025-09-17,77354.94,6,0.0432,Quitado
500495,28279,115,4,2024-06-23,45060.82,24,0.0128,Em atraso
500496,28316,116,3,2021-10-22,94562.41,18,0.0427,Quitado
500497,28353,117,4,2026-05-04,52435.15,48,0.0311,Ativo
500498,28390,118,3,2026-06-25,26546.56,18,0.0413,Ativo
500499,28427,119,4,2020-01-22,69827.87,18,0.0193,Quitado
500500,28464,120,4,2021-07-26,53132.66,18,0.0278,Quitado
500501,28501,101,4,2021-11-11,43447.83,36,0.0306,Em atraso
500502,28538,102,3,2026-12-17,59092.32,36,0.0407,Ativo
500503,28575,103,3,2020-05-09,65510.63,18,0.0111,Quitado
500504,28612,104,3,2026-08-04,35528.80,18,0.0268,Quitado
500505,28649,105,3,2021-05-28,28678.20,60,0.0346,Ativo
500506,28686,106,4,2020-02-26,95093.35,60,0.0231,Ativo
500507,28723,107,4,2025-07-05,12743.39,6,0.0115,Quitado
500508,28760,108,3,2020-10-30,114048.33,24,0.0248,Em atraso
500509,28797,109,3,2020-12-22,3450.35,48,0.0267,Em atraso
500510,28834,110,4,2023-09-20,114942.46,18,0.0361,Em atraso
500511,28871,111,4,2022-03-09,72091.31,18,0.0192,Em atraso
500512,28908,112,4,2020-08-13,34414.22,12,0.0330,Em atraso
500513,28945,113,3,2022-11-27,32270.22,48,0.0113,Quitado
500514,28982,114,4,2026-06-04,49388.60,48,0.0377,Ativo
500515,29019,115,4,2023-04-16,118974.22,6,0.0364,Quitado
500516,29056,116,3,2021-05-03,46683.14,6,0.0169,Em atraso
500517,29093,117,3,2025-01-26,99843.13,60,0.0122,Ativo
500518,29130,118,4,2022-07-12,63788.80,12,0.0306,Ativo
500519,29167,119,4,2024-02-29,89277.96,24,0.0204,Quitado
500520,29204,120,3,2025-01-14,107341.13,6,0.0107,Ativo
500521,29241,101,3,2024-07-14,58778.87,12,0.0305,Em atraso
500522,29278,102,4,2022-02-04,46547.66,60,0.0340,Ativo
500523,29315,103,3,2022-03-16,64653.20,6,0.0393,Quitado
500524,29352,104,3,2022-12-22,70586.82,12,0.0323,Quitado
500525,29389,105,3,2021-08-22,30984.32,6,0.0294,Ativo
500526,29426,106,3,2023-04-08,86744.27,12,0.0297,Em atraso
500527,29463,107,4,2022-12-05,97501.77,48,0.0354,Ativo
500528,29500,108,4,2024-01-24,35802.11,18,0.0094,Ativo
500529,29537,109,3,2024-07-12,72743.46,24,0.0194,Quitado
500530,29574,110,4,2023-06-14,36946.66,60,0.0255,Ativo
500531,29611,111,4,2025-06-11,13650.47,60,0.0374,Ativo
500532,29648,112,4,2024-04-30,18210.41,36,0.0317,Quitado
500533,29685,113,3,2026-02-12,55485.02,12,0.0299,Em atraso
500534,29722,114,3,2020-06-17,65213.78,12,0.0235,Em atraso
500535,29759,115,3,2022-05-30,25712.44,6,0.0159,Em atraso
500536,29796,116,4,2022-03-28,13722.32,6,0.0187,Quitado
500537,29833,117,3,2023-06-26,119237.50,36,0.0410,Ativo
500538,29870,118,4,2024-07-31,54284.94,60,0.0352,Em atraso
500539,29907,119,4,2021-05-20,15135.95,18,0.0124,Ativo
500540,29944,120,4,2023-12-29,100968.85,60,0.0288,Quitado
500541,29981,101,4,2023-09-17,32771.77,12,0.0126,Em atraso
500542,10018,102,4,2025-08-04,108956.76,48,0.0369,Em atraso
500543,10055,103,3,2024-08-19,100940.75,6,0.0170,Quitado
500544,10092,104,4,2024-10-07,104522.09,12,0.0189,Ativo
500545,10129,105,3,2022-03-01,78431.16,36,0.0121,Quitado
500546,10166,106,4,2026-09-12,29647.62,48,0.0413,Ativo
500547,10203,107,3,2023-05-24,115141.90,60,0.0137,Em atraso
500548,10240,108,3,2021-11-15,9303.44,24,0.0355,Ativo
500549,10277,109,3,2023-03-14,10649.02,60,0.0212,Em atraso
500550,10314,110,4,2026-06-04,13149.61,12,0.0401,Ativo
500551,10351,111,4,2020-07-12,7861.05,60,0.0202,Ativo
500552,10388,112,4,2024-11-05,55179.32,6,0.0312,Ativo
500553,10425,113,4,2026-04-26,15153.81,6,0.0155,Quitado
500554,10462,114,3,2025-06-08,81568.02,60,0.0273,Quitado
500555,10499,115,3,2025-08-30,111125.35,6,0.0155,Ativo
500556,10536,116,3,2020-07-07,35744.34,18,0.0425,Ativo
500557,10573,117,3,2026-10-01,98861.66,24,0.0375,Ativo
500558,10610,118,4,2023-04-19,24448.24,60,0.0337,Ativo
500559,10647,119,3,2022-09-26,71353.71,6,0.0361,Ativo
500560,10684,120,4,2025-12-12,62292.06,18,0.0281,Ativo
500561,10721,101,3,2023-06-29,52456.48,12,0.0186,Ativo
500562,10758,102,4,2026-03-04,92090.23,24,0.0324,Quitado
500563,10795,103,4,2021-12-30,20530.66,18,0.0205,Ativo
500564,10832,104,4,2026-05-27,55973.10,12,0.0341,Ativo
500565,10869,105,4,2020-09-29,104657.51,24,0.0138,Em atraso
500566,10906,106,4,2023-06-15,60050.52,36,0.0294,Ativo
500567,10943,107,4,2021-06-07,59067.67,60,0.0324,Ativo
500568,10980,108,4,2022-02-24,110140.95,48,0.0186,Quitado
500569,11017,109,4,2022-11-03,7174.40,18,0.0106,Em atraso
500570,11054,110,4,2024-05-03,115831.58,6,0.0267,Em atraso
500571,11091,111,3,2024-08-21,73351.98,12,0.0221,Ativo
500572,11128,112,3,2023-04-14,56885.11,6,0.0389,Ativo
500573,11165,113,4,2022-07-25,1349.82,18,0.0109,Em atraso
500574,11202,114,3,2021-05-04,116758.85,18,0.0297,Em atraso
500575,11239,115,3,2024-02-19,6982.93,6,0.0365,Quitado
500576,11276,116,4,2020-06-09,22751.79,36,0.0284,Ativo
500577,11313,117,3,2024-12-07,96489.47,12,0.0359,Ativo
500578,11350,118,3,2020-09-24,75045.14,18,0.0318,Ativo
500579,11387,119,3,2020-02-02,109695.78,60,0.0373,Ativo
500580,11424,120,4,2022-06-20,69652.14,12,0.0401,Ativo
500581,11461,101,3,2022-06-03,39879.76,60,0.0207,Ativo
500582,11498,102,3,2020-12-07,85042.60,60,0.0439,Quitado
500583,11535,103,3,2025-07-08,92973.05,60,0.0282,Ativo
500584,11572,104,4,2021-01-12,110957.94,24,0.0106,Quitado
500585,11609,105,4,2026-08-02,97492.77,6,0.0162,Ativo
500586,11646,106,4,2022-10-30,49682.20,36,0.0308,Ativo
500587,11683,107,3,2022-11-24,48343.32,60,0.0348,Ativo
500588,11720,108,4,2022-02-24,102784.82,6,0.0255,Quitado
500589,11757,109,4,2023-03-06,27378.94,18,0.0346,Ativo
500590,11794,110,4,2023-01-14,39100.64,60,0.0328,Em atraso
500591,11831,111,3,2026-03-22,34367.62,12,0.0431,Ativo
500592,11868,112,3,2025-09-05,34462.92,18,0.0355,Ativo
500593,11905,113,4,2025-08-25,53747.06,12,0.0289,Em atraso
500594,11942,114,3,2025-02-05,91454.83,36,0.0186,Quitado
500595,11979,115,4,2024-06-30,117313.17,60,0.0373,Ativo
500596,12016,116,3,2022-09-21,75195.16,48,0.0383,Ativo
500597,12053,117,4,2024-02-18,33731.90,6,0.0403,Ativo
500598,12090,118,3,2026-08-11,50923.83,6,0.0293,Ativo
500599,12127,119,3,2023-09-02,32514.80,48,0.0298,Ativo
500600,12164,120,3,2024-12-26,43902.86,24,0.0266,Ativo
500601,12201,101,4,2025-10-31,29849.27,18,0.0245,Ativo
500602,12238,102,3,2024-04-23,37898.32,18,0.0177,Ativo
500603,12275,103,3,2026-01-01,13423.71,12,0.0151,Quitado
500604,12312,104,3,2021-01-28,106259.02,60,0.0170,Ativo
500605,12349,105,4,2025-11-11,27138.60,36,0.0207,Em atraso
500606,12386,106,3,2023-01-26,4357.52,60,0.0140,Ativo
500607,12423,107,4,2023-11-16,51343.82,36,0.0227,Ativo
500608,12460,108,3,2020-09-20,80908.99,36,0.0200,Ativo
500609,12497,109,4,2020-07-10,103993.02,60,0.0349,Quitado
500610,12534,110,3,2020-11-07,40433.70,12,0.0227,Ativo
500611,12571,111,3,2022-01-12,84855.61,18,0.0229,Ativo
500612,12608,112,4,2025-12-06,91878.65,60,0.0207,Em atraso
500613,12645,113,3,2021-01-05,104676.94,18,0.0210,Em atraso
500614,12682,114,3,2025-08-06,4164.06,48,0.0349,Ativo
500615,12719,115,3,2025-04-04,47927.43,36,0.0355,Em atraso
500616,12756,116,4,2020-02-14,68170.17,6,0.0406,Ativo
500617,12793,117,3,2025-08-01,3531.12,24,0.0307,Ativo
500618,12830,118,4,2020-01-16,21430.25,24,0.0165,Em atraso
500619,12867,119,4,2026-07-04,14714.36,12,0.0235,Em atraso
500620,12904,120,4,2024-02-18,113545.15,18,0.0350,Quitado
500621,12941,101,4,2020-02-15,8865.25,12,0.0417,Ativo
500622,12978,102,4,2021-06-21,71085.28,18,0.0131,Ativo
500623,13015,103,4,2023-06-15,84044.47,24,0.0233,Quitado
500624,13052,104,3,2023-03-22,80495.38,12,0.0118,Quitado
500625,13089,105,4,2021-03-07,49538.04,12,0.0243,Quitado
500626,13126,106,3,2026-06-07,83267.99,18,0.0198,Quitado
500627,13163,107,4,2021-06-26,3592.74,24,0.0252,Ativo
500628,13200,108,3,2023-12-21,14400.99,60,0.0214,Ativo
500629,13237,109,4,2021-06-07,72224.78,18,0.0365,Quitado
500630,13274,110,4,2022-05-11,74905.00,12,0.0380,Ativo
500631,13311,111,4,2023-02-18,80742.31,12,0.0207,Ativo
500632,13348,112,4,2024-02-24,39876.20,12,0.0163,Quitado
500633,13385,113,4,2026-07-31,78372.44,18,0.0326,Ativo
500634,13422,114,4,2024-02-20,84400.18,6,0.0371,Quitado
500635,13459,115,3,2024-12-12,48133.35,60,0.0096,Quitado
500636,13496,116,4,2021-06-30,46302.51,48,0.0383,Ativo
500637,13533,117,4,2022-09-11,19842.22,48,0.0151,Quitado
500638,13570,118,3,2023-08-21,24511.56,36,0.0329,Ativo
500639,13607,119,3,2021-10-20,48899.39,60,0.0345,Quitado
500640,13644,120,3,2026-06-13,5549.36,60,0.0308,Ativo
500641,13681,101,3,2020-12-24,29239.65,18,0.0400,Em atraso
500642,13718,102,3,2020-02-20,48415.83,12,0.0365,Quitado
500643,13755,103,3,2025-08-19,52591.10,6,0.0345,Ativo
500644,13792,104,4,2022-10-28,88882.40,36,0.0114,Ativo
500645,13829,105,3,2025-12-29,32932.18,60,0.0408,Ativo
500646,13866,106,3,2026-09-18,119960.27,24,0.0147,Ativo
500647,13903,107,3,2021-08-18,81787.68,24,0.0417,Ativo
500648,13940,108,3,2023-05-24,107059.17,60,0.0119,Quitado
500649,13977,109,3,2025-04-19,55754.20,18,0.0308,Ativo
500650,14014,110,4,2024-07-31,97102.19,48,0.0353,Ativo
500651,14051,111,4,2022-11-04,59395.67,48,0.0218,Ativo
500652,14088,112,4,2024-06-14,58612.26,48,0.0281,Ativo
500653,14125,113,4,2021-07-20,27399.70,48,0.0186,Quitado
500654,14162,114,4,2026-04-29,90535.92,18,0.0397,Em atraso
500655,14199,115,4,2020-04-01,109635.25,12,0.0223,Ativo
500656,14236,116,3,2020-04-15,1320.08,18,0.0161,Ativo
500657,14273,117,4,2023-01-05,42502.28,48,0.0226,Ativo
500658,14310,118,3,2024-02-14,26507.24,24,0.0102,Quitado
500659,14347,119,4,2024-03-30,3714.08,48,0.0351,Ativo
500660,14384,120,4,2021-08-01,79865.01,60,0.0390,Quitado
500661,14421,101,3,2020-07-15,3402.77,12,0.0430,Ativo
500662,14458,102,3,2025-11-08,79815.33,60,0.0440,Ativo
500663,14495,103,4,2022-07-28,11188.67,18,0.0268,Ativo
500664,14532,104,4,2021-10-15,114679.15,12,0.0402,Ativo
500665,14569,105,4,2020-12-13,73604.27,6,0.0286,Em atraso
500666,14606,106,3,2025-03-16,73002.22,48,0.0177,Em atraso
500667,14643,107,4,2022-09-12,63013.15,36,0.0327,Ativo
500668,14680,108,3,2023-05-29,60977.47,18,0.0123,Em atraso
500669,14717,109,4,2024-11-22,37914.78,24,0.0105,Em atraso
500670,14754,110,3,2024-08-25,102729.77,6,0.0333,Quitado
500671,14791,111,3,2024-08-09,82275.61,18,0.0343,Ativo
500672,14828,112,3,2026-03-21,28978.56,12,0.0366,Ativo
500673,14865,113,4,2026-02-08,68277.22,18,0.0206,Ativo
500674,14902,114,4,2020-05-28,13344.09,24,0.0343,Ativo
500675,14939,115,4,2022-01-22,54621.98,18,0.0402,Quitado
500676,14976,116,4,2026-06-14,103312.80,18,0.0196,Ativo
500677,15013,117,4,2025-02-18,39287.06,24,0.0377,Ativo
500678,15050,118,4,2026-04-29,97627.52,60,0.0286,Em atraso
500679,15087,119,4,2025-04-06,76367.28,60,0.0203,Ativo
500680,15124,120,4,2026-11-16,80618.10,48,0.0337,Ativo
500681,15161,101,4,2022-06-22,11397.37,24,0.0320,Ativo
500682,15198,102,4,2024-09-17,49738.08,12,0.0418,Em atraso
500683,15235,103,3,2020-12-31,23294.50,60,0.0436,Quitado
500684,15272,104,3,2022-11-12,77323.06,6,0.0410,Em atraso
500685,15309,105,3,2026-03-01,96811.39,6,0.0389,Ativo
500686,15346,106,3,2026-01-31,97336.38,18,0.0115,Ativo
500687,15383,107,3,2024-03-04,30140.92,60,0.0245,Ativo
500688,15420,108,4,2020-05-06,103617.69,60,0.0110,Quitado
500689,15457,109,4,2024-10-27,65062.64,6,0.0153,Ativo
500690,15494,110,3,2020-11-12,28900.13,12,0.0428,Quitado
500691,15531,111,4,2024-10-23,114771.93,6,0.0220,Em atraso
500692,15568,112,4,2022-09-28,31611.64,48,0.0156,Ativo
500693,15605,113,4,2024-02-03,116282.45,36,0.0394,Ativo
500694,15642,114,4,2026-01-10,43226.09,6,0.0094,Ativo
500695,15679,115,3,2026-06-29,18042.36,6,0.0434,Ativo
500696,15716,116,4,2021-10-23,76679.86,12,0.0196,Quitado
500697,15753,117,3,2020-07-19,85155.11,36,0.0149,Em atraso
500698,15790,118,4,2023-08-28,89119.46,24,0.0409,Ativo
500699,15827,119,4,2022-03-23,92345.31,18,0.0152,Ativo
500700,15864,120,4,2020-06-09,6995.83,24,0.0316,Ativo
500701,15901,101,4,2025-01-14,50560.37,12,0.0325,Ativo
500702,15938,102,4,2022-06-18,75270.92,24,0.0408,Quitado
500703,15975,103,4,2026-09-24,25848.48,60,0.0284,Ativo
500704,16012,104,4,2024-05-15,56252.25,60,0.0223,Quitado
500705,16049,105,4,2023-06-16,89903.57,18,0.0253,Quitado
500706,16086,106,3,2025-03-28,117321.00,24,0.0209,Ativo
500707,16123,107,3,2025-03-20,43417.98,6,0.0167,Quitado
500708,16160,108,3,2023-11-17,88569.26,24,0.0268,Em atraso
500709,16197,109,4,2021-12-14,11133.20,24,0.0130,Quitado
500710,16234,110,3,2021-03-23,108112.11,12,0.0258,Quitado
500711,16271,111,3,2020-07-16,62229.69,60,0.0234,Ativo
500712,16308,112,3,2021-05-09,109590.13,6,0.0143,Quitado
500713,16345,113,3,2022-08-04,14445.98,12,0.0237,Ativo
500714,16382,114,4,2024-06-13,39127.94,48,0.0343,Quitado
500715,16419,115,4,2024-10-29,15068.06,48,0.0417,Em atraso
500716,16456,116,4,2020-11-10,100764.45,6,0.0135,Ativo
500717,16493,117,4,2020-06-04,22679.42,24,0.0099,Ativo
500718,16530,118,4,2024-12-23,2120.42,12,0.0110,Quitado
500719,16567,119,3,2023-07-18,32312.47,36,0.0230,Ativo
500720,16604,120,4,2021-08-12,9818.88,12,0.0382,Ativo
500721,16641,101,3,2022-01-14,60391.95,18,0.0375,Ativo
500722,16678,102,3,2021-02-12,108924.20,18,0.0394,Ativo
500723,16715,103,3,2023-12-22,6611.01,60,0.0195,Quitado
500724,16752,104,3,2022-05-21,16415.28,6,0.0246,Ativo
500725,16789,105,3,2022-06-29,15630.45,6,0.0137,Em atraso
500726,16826,106,4,2020-07-16,91458.57,6,0.0103,Quitado
500727,16863,107,3,2020-02-26,87241.86,18,0.0395,Em atraso
500728,16900,108,4,2022-11-14,1996.50,48,0.0243,Quitado
500729,16937,109,3,2024-09-28,93385.32,36,0.0377,Em atraso
500730,16974,110,3,2024-05-15,9916.95,6,0.0219,Ativo
500731,17011,111,3,2021-04-03,81162.08,48,0.0366,Ativo
500732,17048,112,3,2021-12-17,8819.49,12,0.0232,Ativo
500733,17085,113,4,2024-06-18,56733.11,6,0.0101,Em atraso
500734,17122,114,3,2022-03-08,46143.80,60,0.0200,Quitado
500735,17159,115,4,2024-05-13,21743.95,24,0.0317,Ativo
500736,17196,116,4,2026-12-30,22176.10,12,0.0161,Em atraso
500737,17233,117,3,2023-05-01,111666.57,24,0.0412,Ativo
500738,17270,118,4,2025-12-15,96199.11,48,0.0100,Em atraso
500739,17307,119,4,2022-10-07,1198.82,12,0.0195,Quitado
500740,17344,120,4,2024-11-28,27801.20,48,0.0230,Quitado
500741,17381,101,3,2021-09-21,103612.20,6,0.0119,Ativo
500742,17418,102,4,2023-12-16,114110.32,48,0.0341,Em atraso
500743,17455,103,3,2021-08-02,99688.39,24,0.0420,Em atraso
500744,17492,104,3,2020-05-06,106468.42,48,0.0104,Quitado
500745,17529,105,3,2025-11-22,119635.37,60,0.0388,Ativo
500746,17566,106,4,2022-07-21,16811.82,48,0.0198,Em atraso
500747,17603,107,4,2025-12-04,54123.59,6,0.0123,Ativo
500748,17640,108,3,2021-09-08,89773.37,6,0.0342,Ativo
500749,17677,109,4,2020-07-16,116332.90,12,0.0224,Em atraso
500750,17714,110,3,2021-12-28,102271.85,48,0.0245,Em atraso
500751,17751,111,3,2022-06-07,94650.87,36,0.0196,Em atraso
500752,17788,112,3,2024-01-20,86104.31,36,0.0429,Ativo
500753,17825,113,4,2025-10-31,1413.09,18,0.0284,Em atraso
500754,17862,114,3,2024-01-28,76806.98,18,0.0354,Ativo
500755,17899,115,3,2024-04-07,92826.05,48,0.0348,Ativo
500756,17936,116,4,2024-03-13,91800.36,48,0.0429,Ativo
500757,17973,117,3,2021-11-20,49963.34,6,0.0331,Ativo
500758,18010,118,3,2022-10-25,23584.08,18,0.0264,Ativo
500759,18047,119,4,2025-07-22,115475.64,18,0.0280,Ativo
500760,18084,120,4,2025-05-13,115497.23,12,0.0282,Ativo
500761,18121,101,3,2020-08-26,108405.24,18,0.0119,Em atraso
500762,18158,102,3,2026-12-28,99309.73,60,0.0247,Quitado
500763,18195,103,3,2026-04-04,4245.67,24,0.0102,Ativo
500764,18232,104,4,2025-02-03,101660.38,60,0.0273,Quitado
500765,18269,105,3,2026-04-03,85137.10,36,0.0213,Ativo
500766,18306,106,4,2023-09-02,30107.22,24,0.0140,Ativo
500767,18343,107,3,2022-06-16,3838.02,18,0.0331,Ativo
500768,18380,108,3,2020-12-07,10305.77,36,0.0202,Quitado
500769,18417,109,3,2023-10-11,61864.05,24,0.0290,Em atraso
500770,18454,110,4,2022-08-22,72580.95,18,0.0241,Ativo
500771,18491,111,3,2025-02-14,58934.23,18,0.0427,Quitado
500772,18528,112,4,2020-02-10,52908.02,6,0.0423,Ativo
500773,18565,113,3,2024-06-18,25615.65,12,0.0181,Ativo
500774,18602,114,3,2020-10-25,108068.44,18,0.0201,Ativo
500775,18639,115,3,2023-04-14,40806.87,60,0.0408,Quitado
500776,18676,116,4,2025-02-18,13496.14,12,0.0177,Em atraso
500777,18713,117,3,2020-05-15,54450.91,18,0.0143,Ativo
500778,18750,118,3,2026-07-15,83079.76,24,0.0142,Quitado
500779,18787,119,3,2024-08-23,70618.30,36,0.0307,Em atraso
500780,18824,120,3,2023-05-07,34936.71,36,0.0253,Ativo
500781,18861,101,4,2023-06-19,4850.91,18,0.0364,Quitado
500782,18898,102,4,2024-11-06,10924.45,24,0.0119,Quitado
500783,18935,103,3,2026-08-25,106407.10,6,0.0251,Ativo
500784,18972,104,4,2022-05-21,14404.64,6,0.0142,Ativo
500785,19009,105,3,2021-02-18,9798.88,24,0.0405,Ativo
500786,19046,106,3,2023-09-09,10526.02,18,0.0402,Quitado
500787,19083,107,4,2022-12-22,102761.77,36,0.0142,Ativo
500788,19120,108,3,2026-08-11,107041.28,48,0.0213,Quitado
500789,19157,109,3,2023-03-02,2547.75,24,0.0331,Quitado
500790,19194,110,4,2020-01-08,25423.89,60,0.0112,Quitado
500791,19231,111,4,2024-06-15,29182.18,24,0.0305,Em atraso
500792,19268,112,3,2024-06-15,76800.22,48,0.0137,Ativo
500793,19305,113,4,2025-02-18,51075.23,48,0.0362,Ativo
500794,19342,114,3,2025-11-26,55962.84,36,0.0169,Quitado
500795,19379,115,4,2024-06-17,104128.32,24,0.0330,Em atraso
500796,19416,116,4,2021-09-18,112480.41,12,0.0231,Ativo
500797,19453,117,3,2021-03-30,75226.42,6,0.0126,Quitado
500798,19490,118,3,2021-07-10,71669.95,24,0.0397,Quitado
500799,19527,119,4,2020-09-11,54756.65,6,0.0300,Em atraso
500800,19564,120,3,2022-10-10,14946.93,18,0.0106,Ativo
500801,19601,101,4,2024-08-08,17543.88,24,0.0284,Ativo
500802,19638,102,4,2024-02-10,79819.07,12,0.0241,Ativo
500803,19675,103,3,2023-06-12,20343.94,36,0.0194,Quitado
500804,19712,104,4,2022-10-13,87539.15,36,0.0221,Em atraso
500805,19749,105,4,2024-12-10,110785.15,36,0.0243,Ativo
500806,19786,106,4,2020-11-04,112182.77,60,0.0292,Ativo
500807,19823,107,4,2022-04-06,5398.59,60,0.0283,Em atraso
500808,19860,108,4,2024-09-30,40666.44,48,0.0404,Ativo
500809,19897,109,4,2023-10-05,52127.94,36,0.0356,Ativo
500810,19934,110,4,2024-08-30,10971.79,36,0.0421,Quitado
500811,19971,111,4,2023-01-29,24459.44,36,0.0407,Ativo
500812,20008,112,3,2025-07-31,75591.40,18,0.0229,Ativo
500813,20045,113,3,2020-11-28,59062.58,36,0.0202,Ativo
500814,20082,114,3,2022-01-15,84962.00,36,0.0122,Em atraso
500815,20119,115,4,2022-10-08,105582.13,36,0.0238,Em atraso
500816,20156,116,4,2020-01-27,101400.54,18,0.0198,Em atraso
500817,20193,117,4,2022-08-15,117972.20,6,0.0305,Ativo
500818,20230,118,4,2022-08-29,17808.85,48,0.0368,Ativo
500819,20267,119,3,2026-02-19,33512.90,60,0.0174,Ativo
500820,20304,120,3,2022-10-24,60162.47,24,0.0241,Ativo
500821,20341,101,4,2021-12-24,43400.26,18,0.0283,Em atraso
500822,20378,102,4,2022-01-26,74549.30,48,0.0319,Em atraso
500823,20415,103,4,2021-05-11,22549.96,24,0.0422,Em atraso
500824,20452,104,3,2024-01-15,51273.63,60,0.0419,Ativo
500825,20489,105,3,2021-10-21,110005.63,60,0.0431,Em atraso
500826,20526,106,4,2024-03-31,84291.31,12,0.0100,Ativo
500827,20563,107,4,2025-11-02,58092.25,6,0.0359,Ativo
500828,20600,108,3,2026-06-09,16991.49,60,0.0337,Ativo
500829,20637,109,4,2023-01-04,115205.20,24,0.0096,Ativo
500830,20674,110,4,2026-02-07,7090.78,36,0.0178,Ativo
500831,20711,111,3,2020-07-10,48875.83,18,0.0288,Quitado
500832,20748,112,4,2022-11-10,60155.24,18,0.0418,Quitado
500833,20785,113,4,2020-05-11,85503.89,18,0.0178,Ativo
500834,20822,114,3,2026-12-11,62015.99,48,0.0151,Ativo
500835,20859,115,4,2024-08-23,75897.68,18,0.0313,Ativo
500836,20896,116,4,2026-12-28,85093.99,48,0.0139,Quitado
500837,20933,117,3,2026-09-08,8512.32,36,0.0317,Ativo
500838,20970,118,4,2020-11-02,59399.58,24,0.0105,Ativo
500839,21007,119,3,2023-11-25,24027.04,18,0.0215,Ativo
500840,21044,120,3,2023-12-19,70722.50,6,0.0217,Em atraso
500841,21081,101,3,2020-07-22,18651.81,48,0.0220,Quitado
500842,21118,102,3,2020-12-11,79277.96,18,0.0318,Quitado
500843,21155,103,3,2025-01-28,24304.21,18,0.0301,Em atraso
500844,21192,104,3,2022-11-21,23824.35,12,0.0368,Ativo
500845,21229,105,4,2020-05-01,84546.99,24,0.0213,Ativo
500846,21266,106,3,2024-10-15,116018.31,60,0.0379,Quitado
500847,21303,107,4,2020-02-07,40926.94,24,0.0438,Ativo
500848,21340,108,3,2022-05-01,88522.67,48,0.0313,Quitado
500849,21377,109,3,2025-09-19,31105.88,18,0.0336,Em atraso
500850,21414,110,4,2025-06-08,117133.01,60,0.0169,Quitado
500851,21451,111,4,2020-07-16,30924.17,48,0.0431,Em atraso
500852,21488,112,4,2021-09-25,97938.33,12,0.0198,Em atraso
500853,21525,113,4,2022-09-20,15287.48,60,0.0418,Ativo
500854,21562,114,3,2026-08-22,59281.59,6,0.0245,Quitado
500855,21599,115,4,2022-07-09,81517.44,24,0.0322,Quitado
500856,21636,116,4,2022-10-09,115035.63,36,0.0430,Quitado
500857,21673,117,3,2024-01-12,27556.81,18,0.0436,Em atraso
500858,21710,118,3,2026-11-28,61460.18,18,0.0243,Ativo
500859,21747,119,3,2021-02-10,49169.68,36,0.0284,Ativo
500860,21784,120,3,2020-08-22,58655.54,6,0.0206,Quitado
500861,21821,101,4,2025-11-21,85027.52,60,0.0113,Ativo
500862,21858,102,4,2021-07-09,59378.51,48,0.0176,Quitado
500863,21895,103,4,2025-02-17,9321.52,18,0.0093,Quitado
500864,21932,104,3,2020-04-13,80736.36,60,0.0373,Em atraso
500865,21969,105,3,2021-05-06,45291.96,36,0.0192,Ativo
500866,22006,106,4,2022-06-20,112024.27,60,0.0106,Quitado
500867,22043,107,3,2023-05-19,88815.16,6,0.0288,Quitado
500868,22080,108,3,2021-07-19,28721.97,12,0.0427,Em atraso
500869,22117,109,4,2020-12-17,111938.75,36,0.0156,Ativo
500870,22154,110,3,2026-05-03,31415.17,36,0.0269,Quitado
500871,22191,111,3,2021-05-01,38005.68,6,0.0115,Quitado
500872,22228,112,4,2022-04-25,16157.48,6,0.0184,Em atraso
500873,22265,113,4,2024-12-28,8757.87,18,0.0417,Em atraso
500874,22302,114,4,2021-02-23,1538.30,48,0.0253,Ativo
500875,22339,115,4,2022-03-30,89559.86,24,0.0302,Ativo
500876,22376,116,3,2025-07-08,78472.47,36,0.0156,Quitado
500877,22413,117,3,2023-12-10,35633.24,18,0.0256,Ativo
500878,22450,118,3,2025-01-30,44477.16,24,0.0402,Ativo
500879,22487,119,3,2022-09-21,9942.51,24,0.0170,Ativo
500880,22524,120,4,2022-02-15,103951.70,60,0.0289,Ativo
500881,22561,101,4,2020-08-09,79122.79,60,0.0237,Ativo
500882,22598,102,4,2024-03-22,118726.04,36,0.0160,Quitado
500883,22635,103,4,2022-09-18,32590.30,60,0.0286,Quitado
500884,22672,104,4,2020-01-23,39893.27,6,0.0203,Quitado
500885,22709,105,3,2024-07-14,28726.01,48,0.0356,Ativo
500886,22746,106,4,2026-02-22,16692.05,18,0.0388,Ativo
500887,22783,107,4,2021-12-09,102773.12,24,0.0134,Ativo
500888,22820,108,4,2021-01-21,16954.38,48,0.0255,Ativo
500889,22857,109,3,2025-12-04,51839.11,24,0.0228,Ativo
500890,22894,110,4,2026-07-11,13384.50,48,0.0186,Quitado
500891,22931,111,3,2023-10-03,52142.84,12,0.0287,Ativo
500892,22968,112,3,2022-06-12,34684.46,12,0.0244,Em atraso
500893,23005,113,4,2025-12-19,13397.49,18,0.0256,Quitado
500894,23042,114,4,2021-08-17,5291.92,60,0.0124,Em atraso
500895,23079,115,4,2025-06-18,107969.71,12,0.0304,Em atraso
500896,23116,116,4,2022-11-17,41245.96,60,0.0343,Ativo
500897,23153,117,3,2025-08-11,63205.92,6,0.0287,Em atraso
500898,23190,118,4,2024-10-01,114446.44,12,0.0331,Em atraso
500899,23227,119,4,2023-01-25,71066.13,24,0.0413,Ativo
500900,23264,120,4,2025-01-02,50322.49,48,0.0375,Em atraso
500901,23301,101,3,2021-10-16,10956.04,18,0.0296,Ativo
500902,23338,102,4,2023-08-23,20675.83,60,0.0098,Ativo
500903,23375,103,4,2023-06-07,18398.01,36,0.0330,Quitado
500904,23412,104,3,2021-01-27,57214.54,60,0.0261,Em atraso
500905,23449,105,3,2025-01-21,106931.49,6,0.0313,Ativo
500906,23486,106,3,2025-10-10,116042.86,18,0.0386,Ativo
500907,23523,107,3,2021-12-02,31383.60,6,0.0112,Ativo
500908,23560,108,4,2024-06-18,111122.68,48,0.0216,Ativo
500909,23597,109,3,2021-09-10,15400.45,6,0.0279,Ativo
500910,23634,110,4,2023-08-26,78472.33,36,0.0142,Em atraso
500911,23671,111,3,2022-06-11,20879.81,12,0.0241,Ativo
500912,23708,112,4,2021-03-04,67618.29,24,0.0366,Em atraso
500913,23745,113,3,2020-03-16,26695.76,24,0.0186,Ativo
500914,23782,114,4,2026-12-18,100565.48,60,0.0434,Em atraso
500915,23819,115,3,2022-12-14,5856.03,24,0.0250,Ativo
500916,23856,116,3,2023-03-25,92301.72,36,0.0113,Ativo
500917,23893,117,3,2021-04-26,104982.46,48,0.0154,Ativo
500918,23930,118,4,2021-10-04,13601.97,36,0.0281,Em atraso
500919,23967,119,3,2022-05-18,12755.46,6,0.0422,Ativo
500920,24004,120,3,2021-01-18,11648.04,48,0.0419,Ativo
500921,24041,101,3,2023-05-09,103712.87,18,0.0092,Quitado
500922,24078,102,3,2024-06-26,114729.31,48,0.0306,Ativo
500923,24115,103,4,2020-12-28,71543.97,18,0.0289,Ativo
500924,24152,104,4,2023-09-21,10040.18,36,0.0242,Ativo
500925,24189,105,4,2021-01-27,77769.21,36,0.0342,Quitado
500926,24226,106,4,2021-01-10,8339.80,24,0.0191,Em atraso
500927,24263,107,4,2021-03-19,70446.37,36,0.0195,Em atraso
500928,24300,108,3,2026-03-30,54989.71,60,0.0436,Em atraso
500929,24337,109,3,2025-12-18,97293.62,18,0.0156,Ativo
500930,24374,110,4,2021-08-17,102635.04,6,0.0437,Ativo
500931,24411,111,4,2021-11-12,64370.29,48,0.0366,Ativo
500932,24448,112,3,2022-09-06,73544.97,36,0.0409,Em atraso
500933,24485,113,3,2023-12-10,39205.79,48,0.0313,Quitado
500934,24522,114,4,2021-10-16,49377.84,18,0.0398,Em atraso
500935,24559,115,4,2026-10-31,85017.49,36,0.0244,Em atraso
500936,24596,116,4,2023-04-10,46886.84,12,0.0141,Ativo
500937,24633,117,3,2024-06-30,70408.00,60,0.0415,Ativo
500938,24670,118,4,2023-02-06,76831.67,36,0.0261,Quitado
500939,24707,119,3,2026-03-17,47682.67,60,0.0220,Ativo
500940,24744,120,3,2026-06-22,23111.89,36,0.0209,Quitado
500941,24781,101,3,2026-04-18,37677.71,36,0.0317,Em atraso
500942,24818,102,4,2022-12-22,98887.62,36,0.0337,Em atraso
500943,24855,103,4,2026-10-30,111739.82,12,0.0144,Ativo
500944,24892,104,4,2022-12-09,48203.10,36,0.0173,Quitado
500945,24929,105,4,2025-03-13,25247.67,6,0.0097,Ativo
500946,24966,106,3,2022-05-14,51378.88,6,0.0121,Ativo
500947,25003,107,3,2020-04-14,66816.07,18,0.0221,Em atraso
500948,25040,108,3,2024-06-03,15188.09,36,0.0224,Quitado
500949,25077,109,3,2022-09-19,57073.42,6,0.0307,Em atraso
500950,25114,110,3,2023-05-25,27582.65,48,0.0248,Ativo
500951,25151,111,3,2021-05-03,5652.95,48,0.0091,Ativo
500952,25188,112,4,2026-08-24,26484.78,12,0.0135,Ativo
500953,25225,113,3,2020-12-04,14788.47,60,0.0405,Em atraso
500954,25262,114,4,2023-12-05,93909.63,24,0.0369,Ativo
500955,25299,115,3,2022-10-18,22655.28,48,0.0297,Em atraso
500956,25336,116,3,2025-02-02,79434.61,24,0.0429,Em atraso
500957,25373,117,3,2024-10-15,9346.79,48,0.0275,Ativo
500958,25410,118,3,2023-01-30,23780.94,6,0.0283,Em atraso
500959,25447,119,3,2020-10-28,9127.48,12,0.0180,Em atraso
500960,25484,120,3,2020-09-18,27023.26,12,0.0148,Ativo
500961,25521,101,3,2023-12-14,16352.93,60,0.0285,Ativo
500962,25558,102,4,2023-08-31,20692.61,48,0.0122,Ativo
500963,25595,103,3,2026-09-06,21197.39,18,0.0264,Ativo
500964,25632,104,4,2022-08-17,51788.83,12,0.0342,Ativo
500965,25669,105,3,2023-12-08,84079.61,6,0.0222,Quitado
500966,25706,106,4,2024-07-31,50467.50,6,0.0309,Em atraso
500967,25743,107,3,2022-11-30,30427.60,48,0.0378,Ativo
500968,25780,108,3,2026-09-07,105917.55,24,0.0305,Quitado
500969,25817,109,3,2021-10-18,43172.76,12,0.0265,Ativo
500970,25854,110,4,2024-02-18,43694.76,48,0.0212,Ativo
500971,25891,111,3,2024-12-15,9114.28,24,0.0153,Quitado
500972,25928,112,3,2026-01-18,102527.01,60,0.0232,Ativo
500973,25965,113,3,2024-03-18,27044.13,12,0.0142,Ativo
500974,26002,114,4,2020-04-14,16356.81,12,0.0412,Quitado
500975,26039,115,4,2024-03-16,112273.52,18,0.0160,Em atraso
500976,26076,116,3,2025-08-21,25136.81,18,0.0125,Quitado
500977,26113,117,4,2024-01-04,17951.34,60,0.0324,Em atraso
500978,26150,118,3,2021-11-15,108643.76,36,0.0188,Ativo
500979,26187,119,3,2022-07-03,4315.15,12,0.0186,Em atraso
500980,26224,120,3,2025-07-29,74326.79,18,0.0218,Ativo
500981,26261,101,3,2026-02-15,84765.50,60,0.0347,Em atraso
500982,26298,102,3,2021-09-22,65955.37,12,0.0347,Quitado
500983,26335,103,4,2025-01-27,67404.05,60,0.0231,Quitado
500984,26372,104,3,2022-07-05,18582.76,60,0.0102,Quitado
500985,26409,105,4,2025-01-03,3426.24,24,0.0226,Ativo
500986,26446,106,4,2022-09-27,66090.51,36,0.0226,Quitado
500987,26483,107,3,2026-11-21,88509.00,36,0.0408,Em atraso
500988,26520,108,3,2021-12-06,10329.65,48,0.0422,Em atraso
500989,26557,109,3,2024-06-14,45084.31,12,0.0396,Ativo
500990,26594,110,4,2025-11-22,36624.14,36,0.0394,Em atraso
500991,26631,111,4,2020-06-25,66139.01,6,0.0408,Ativo
500992,26668,112,3,2026-05-21,11152.28,12,0.0115,Ativo
500993,26705,113,4,2022-11-17,75931.69,6,0.0195,Em atraso
500994,26742,114,4,2022-03-12,80471.69,60,0.0224,Ativo
500995,26779,115,3,2025-03-08,42767.14,24,0.0314,Quitado
500996,26816,116,4,2020-08-28,87203.47,18,0.0426,Quitado
500997,26853,117,3,2020-01-17,62719.10,36,0.0123,Ativo
500998,26890,118,4,2023-07-22,105641.10,24,0.0110,Quitado
500999,26927,119,3,2025-10-21,33941.81,12,0.0293,Em atraso
501000,26964,120,4,2023-11-05,27799.84,48,0.0273,Ativo
501001,27001,101,3,2024-03-11,79961.12,12,0.0194,Ativo
501002,27038,102,3,2020-08-19,87172.19,48,0.0309,Em atraso
501003,27075,103,4,2023-10-07,54085.67,36,0.0224,Quitado
501004,27112,104,3,2026-06-06,72204.96,6,0.0121,Ativo
501005,27149,105,4,2024-08-22,56828.80,18,0.0316,Quitado
501006,27186,106,3,2021-07-25,9263.70,36,0.0231,Ativo
501007,27223,107,3,2025-08-20,119981.89,60,0.0309,Ativo
501008,27260,108,3,2022-03-30,7600.06,12,0.0374,Em atraso
501009,27297,109,3,2020-10-24,96729.64,36,0.0256,Em atraso
501010,27334,110,3,2024-09-08,82587.67,18,0.0292,Ativo
501011,27371,111,3,2025-02-20,112948.00,36,0.0217,Em atraso
501012,27408,112,4,2023-05-16,89242.23,36,0.0214,Em atraso
501013,27445,113,4,2023-09-09,60575.29,60,0.0243,Ativo
501014,27482,114,3,2023-03-02,46791.41,18,0.0378,Ativo
501015,27519,115,3,2020-08-04,94697.25,18,0.0270,Ativo
501016,27556,116,4,2023-01-13,93810.14,60,0.0408,Quitado
501017,27593,117,4,2022-09-19,79736.53,48,0.0105,Ativo
501018,27630,118,4,2020-07-22,57187.00,48,0.0166,Ativo
501019,27667,119,3,2025-09-30,5887.37,48,0.0103,Ativo
501020,27704,120,3,2025-05-10,75937.24,48,0.0276,Ativo
501021,27741,101,3,2023-02-22,94685.90,36,0.0434,Ativo
501022,27778,102,3,2022-04-27,61628.17,6,0.0258,Quitado
501023,27815,103,4,2025-02-19,56356.95,18,0.0416,Ativo
501024,27852,104,3,2023-02-05,90932.43,24,0.0357,Quitado
501025,27889,105,4,2020-10-17,85327.75,24,0.0193,Quitado
501026,27926,106,3,2024-04-14,47574.82,18,0.0265,Quitado
501027,27963,107,3,2020-10-12,22049.28,12,0.0106,Ativo
501028,28000,108,3,2021-05-01,73688.31,36,0.0299,Ativo
501029,28037,109,4,2026-04-15,41015.85,12,0.0204,Ativo
501030,28074,110,4,2026-01-03,88344.91,18,0.0166,Quitado
501031,28111,111,3,2023-05-23,66623.61,18,0.0335,Ativo
501032,28148,112,4,2023-01-11,111776.87,18,0.0348,Ativo
501033,28185,113,3,2026-09-05,27258.44,60,0.0271,Quitado
501034,28222,114,4,2020-02-11,69553.99,18,0.0362,Ativo
501035,28259,115,4,2022-12-25,112754.06,60,0.0136,Em atraso
501036,28296,116,4,2025-08-14,41732.66,24,0.0150,Quitado
501037,28333,117,4,2024-07-20,111110.82,60,0.0435,Em atraso
501038,28370,118,4,2020-07-17,47742.08,60,0.0093,Ativo
501039,28407,119,3,2022-12-08,24115.89,12,0.0346,Ativo
501040,28444,120,3,2021-06-17,34523.53,6,0.0111,Em atraso
501041,28481,101,3,2021-07-17,26255.43,12,0.0420,Quitado
501042,28518,102,4,2024-10-05,51188.14,12,0.0174,Em atraso
501043,28555,103,4,2025-06-26,3059.35,36,0.0127,Ativo
501044,28592,104,3,2023-04-01,28208.83,36,0.0420,Ativo
501045,28629,105,3,2023-04-22,5769.41,48,0.0403,Quitado
501046,28666,106,4,2021-11-21,36912.08,12,0.0224,Ativo
501047,28703,107,3,2024-08-24,13971.02,48,0.0424,Em atraso
501048,28740,108,4,2023-05-20,30785.10,24,0.0177,Ativo
501049,28777,109,4,2023-11-30,45579.71,36,0.0330,Ativo
501050,28814,110,3,2025-10-06,3864.12,24,0.0217,Em atraso
501051,28851,111,4,2020-08-06,17322.59,12,0.0354,Quitado
501052,28888,112,4,2020-03-30,103219.27,6,0.0132,Ativo
501053,28925,113,4,2025-09-10,97605.64,48,0.0206,Ativo
501054,28962,114,3,2020-12-20,24301.83,6,0.0391,Em atraso
501055,28999,115,3,2020-06-23,62407.27,48,0.0180,Em atraso
501056,29036,116,4,2020-06-10,22669.38,6,0.0283,Quitado
501057,29073,117,3,2024-07-02,2588.97,6,0.0327,Em atraso
501058,29110,118,4,2024-10-06,74354.53,18,0.0208,Ativo
501059,29147,119,4,2025-08-18,119763.52,24,0.0370,Quitado
501060,29184,120,4,2023-12-15,53892.77,24,0.0388,Em atraso
501061,29221,101,3,2023-06-09,114611.48,36,0.0391,Quitado
501062,29258,102,4,2026-12-24,20775.25,36,0.0232,Em atraso
501063,29295,103,4,2026-04-17,10286.47,36,0.0239,Em atraso
501064,29332,104,3,2020-04-06,91841.80,18,0.0226,Ativo
501065,29369,105,4,2025-12-28,118300.06,12,0.0300,Ativo
501066,29406,106,4,2024-11-01,1880.20,6,0.0265,Ativo
501067,29443,107,4,2024-09-14,26026.68,36,0.0378,Ativo
501068,29480,108,4,2023-05-12,31447.01,60,0.0329,Ativo
501069,29517,109,3,2022-08-23,84719.30,48,0.0185,Ativo
501070,29554,110,3,2026-09-14,12675.72,36,0.0387,Ativo
501071,29591,111,4,2023-09-04,100676.51,60,0.0116,Quitado
501072,29628,112,4,2026-10-04,55587.88,60,0.0364,Quitado
501073,29665,113,3,2026-11-12,76951.54,18,0.0381,Ativo
501074,29702,114,3,2024-10-17,3172.72,24,0.0365,Quitado
501075,29739,115,3,2022-07-27,28743.93,18,0.0163,Ativo
501076,29776,116,3,2025-05-21,8251.01,24,0.0432,Ativo
501077,29813,117,4,2020-08-14,90364.44,48,0.0271,Ativo
501078,29850,118,3,2020-10-24,13888.65,24,0.0207,Ativo
501079,29887,119,3,2020-09-28,19413.84,36,0.0296,Em atraso
501080,29924,120,3,2020-06-13,113875.79,12,0.0371,Ativo
501081,29961,101,4,2026-03-20,89566.11,6,0.0224,Ativo
501082,29998,102,3,2020-07-05,110536.92,24,0.0143,Em atraso
501083,10035,103,4,2021-05-29,38096.91,12,0.0118,Em atraso
501084,10072,104,4,2021-03-19,67887.67,24,0.0220,Ativo
501085,10109,105,4,2024-09-09,23047.64,60,0.0315,Em atraso
501086,10146,106,4,2025-03-13,117903.91,60,0.0352,Ativo
501087,10183,107,4,2021-12-11,77665.94,6,0.0113,Ativo
501088,10220,108,4,2022-10-02,68418.80,48,0.0091,Quitado
501089,10257,109,3,2021-07-21,53513.19,60,0.0379,Ativo
501090,10294,110,3,2020-03-18,104913.36,18,0.0101,Ativo
501091,10331,111,4,2025-08-24,50379.60,36,0.0174,Ativo
501092,10368,112,3,2022-08-04,100216.27,12,0.0156,Em atraso
501093,10405,113,4,2022-01-05,51897.57,18,0.0348,Quitado
501094,10442,114,3,2023-04-10,73878.38,12,0.0148,Ativo
501095,10479,115,4,2025-11-22,14493.87,6,0.0176,Quitado
501096,10516,116,4,2020-04-29,88737.79,48,0.0386,Ativo
501097,10553,117,3,2020-08-15,21071.34,12,0.0174,Quitado
501098,10590,118,4,2024-10-26,43940.85,60,0.0352,Ativo
501099,10627,119,4,2025-10-13,21560.76,6,0.0126,Quitado
501100,10664,120,3,2021-02-25,91434.93,18,0.0405,Quitado
501101,10701,101,4,2026-05-17,21233.35,18,0.0389,Ativo
501102,10738,102,3,2023-04-11,52698.43,24,0.0189,Ativo
501103,10775,103,4,2023-03-04,60414.73,60,0.0249,Quitado
501104,10812,104,3,2022-05-11,50223.78,60,0.0147,Ativo
501105,10849,105,4,2025-03-20,72990.83,24,0.0142,Quitado
501106,10886,106,3,2022-03-28,76018.95,36,0.0431,Quitado
501107,10923,107,3,2024-03-07,97846.45,6,0.0312,Quitado
501108,10960,108,4,2024-09-21,57143.17,36,0.0282,Em atraso
501109,10997,109,3,2020-01-09,38127.00,6,0.0429,Ativo
501110,11034,110,4,2024-08-09,104042.42,48,0.0388,Quitado
501111,11071,111,3,2022-02-18,96964.18,12,0.0276,Ativo
501112,11108,112,4,2026-11-21,62200.38,60,0.0290,Quitado
501113,11145,113,3,2021-12-26,73056.10,24,0.0249,Quitado
501114,11182,114,3,2023-09-02,16370.44,60,0.0147,Ativo
501115,11219,115,3,2025-11-25,13242.55,12,0.0191,Ativo
501116,11256,116,4,2023-08-22,94404.35,18,0.0156,Ativo
501117,11293,117,4,2021-06-18,107966.00,18,0.0404,Em atraso
501118,11330,118,4,2026-02-10,89443.19,36,0.0134,Em atraso
501119,11367,119,4,2025-09-24,6258.94,12,0.0364,Em atraso
501120,11404,120,3,2022-02-16,43986.34,12,0.0413,Em atraso
501121,11441,101,3,2022-04-01,17648.27,36,0.0221,Quitado
501122,11478,102,3,2022-12-13,113103.86,48,0.0430,Ativo
501123,11515,103,3,2022-06-28,34117.25,12,0.0423,Quitado
501124,11552,104,4,2020-01-19,76808.20,18,0.0205,Ativo
501125,11589,105,4,2020-04-13,8015.74,36,0.0175,Ativo
501126,11626,106,4,2020-06-03,91350.60,48,0.0193,Ativo
501127,11663,107,4,2022-04-30,20559.27,36,0.0407,Em atraso
501128,11700,108,4,2022-09-30,14958.02,24,0.0348,Ativo
501129,11737,109,3,2024-10-22,28307.63,24,0.0225,Ativo
501130,11774,110,4,2025-10-27,28276.00,6,0.0344,Ativo
501131,11811,111,4,2024-10-24,118763.52,48,0.0394,Em atraso
501132,11848,112,4,2022-03-30,63533.34,60,0.0215,Em atraso
501133,11885,113,3,2023-12-16,112982.05,60,0.0207,Ativo
501134,11922,114,3,2023-03-30,108193.99,18,0.0410,Em atraso
501135,11959,115,3,2025-06-28,119831.51,24,0.0415,Ativo
501136,11996,116,4,2022-03-22,27611.88,48,0.0314,Em atraso
501137,12033,117,3,2020-10-08,106296.16,18,0.0143,Ativo
501138,12070,118,3,2023-04-15,79954.36,36,0.0380,Em atraso
501139,12107,119,4,2025-11-10,28961.65,48,0.0296,Ativo
501140,12144,120,3,2024-12-10,113409.73,6,0.0439,Ativo
501141,12181,101,3,2020-08-31,78573.68,12,0.0147,Ativo
501142,12218,102,4,2025-09-07,106444.67,36,0.0214,Ativo
501143,12255,103,3,2022-10-29,24310.52,36,0.0144,Em atraso
501144,12292,104,4,2022-02-10,100627.03,48,0.0371,Ativo
501145,12329,105,3,2026-05-03,6160.02,36,0.0255,Ativo
501146,12366,106,3,2020-11-21,104279.71,6,0.0167,Quitado
501147,12403,107,4,2026-07-22,36541.74,6,0.0405,Em atraso
501148,12440,108,4,2024-08-22,98981.21,48,0.0346,Ativo
501149,12477,109,4,2026-02-04,24064.82,60,0.0200,Ativo
501150,12514,110,4,2023-07-26,72678.47,18,0.0170,Quitado
501151,12551,111,4,2022-10-14,20062.25,24,0.0121,Quitado
501152,12588,112,4,2026-05-28,32927.67,60,0.0222,Em atraso
501153,12625,113,3,2024-08-21,61292.05,36,0.0162,Ativo
501154,12662,114,3,2026-01-18,102528.57,48,0.0370,Em atraso
501155,12699,115,3,2026-07-28,82946.18,6,0.0359,Ativo
501156,12736,116,3,2020-11-21,115567.99,6,0.0172,Em atraso
501157,12773,117,4,2025-04-09,48857.59,12,0.0410,Ativo
501158,12810,118,3,2025-09-22,65638.21,60,0.0383,Ativo
501159,12847,119,4,2024-06-20,118546.17,36,0.0227,Quitado
501160,12884,120,4,2021-10-22,50745.64,24,0.0417,Quitado
501161,12921,101,3,2026-07-17,105494.27,48,0.0170,Ativo
501162,12958,102,3,2021-05-10,55175.66,6,0.0398,Ativo
501163,12995,103,3,2022-02-23,9792.18,48,0.0184,Quitado
501164,13032,104,4,2024-08-16,57329.15,6,0.0382,Ativo
501165,13069,105,4,2026-05-07,106044.52,24,0.0286,Ativo
501166,13106,106,4,2020-05-03,30296.19,36,0.0302,Ativo
501167,13143,107,3,2022-06-13,49177.84,48,0.0369,Ativo
501168,13180,108,3,2021-01-23,26682.86,60,0.0405,Ativo
501169,13217,109,3,2026-06-14,60540.37,18,0.0211,Ativo
501170,13254,110,4,2021-11-23,92956.49,18,0.0302,Em atraso
501171,13291,111,4,2024-11-20,27434.25,6,0.0278,Ativo
501172,13328,112,4,2024-06-24,26325.11,48,0.0412,Ativo
501173,13365,113,3,2023-06-10,113971.09,12,0.0181,Em atraso
501174,13402,114,3,2025-03-22,87916.70,36,0.0269,Quitado
501175,13439,115,3,2025-07-29,84891.35,12,0.0113,Quitado
501176,13476,116,3,2022-04-07,7773.91,6,0.0439,Ativo
501177,13513,117,4,2021-02-18,47738.23,6,0.0178,Quitado
501178,13550,118,4,2020-07-22,72929.78,36,0.0230,Em atraso
501179,13587,119,4,2024-08-04,112526.70,36,0.0331,Ativo
501180,13624,120,3,2023-02-04,27580.19,18,0.0230,Ativo
501181,13661,101,4,2022-06-03,67798.21,12,0.0221,Ativo
501182,13698,102,4,2026-03-02,112118.54,24,0.0277,Quitado
501183,13735,103,3,2026-10-16,82701.84,18,0.0409,Quitado
501184,13772,104,4,2024-03-05,29548.46,48,0.0327,Quitado
501185,13809,105,4,2021-07-13,23492.40,6,0.0248,Ativo
501186,13846,106,4,2024-05-04,106540.01,12,0.0232,Quitado
501187,13883,107,4,2022-01-20,119586.13,12,0.0360,Em atraso
501188,13920,108,3,2024-06-02,21145.06,18,0.0136,Ativo
501189,13957,109,3,2024-09-29,32064.71,6,0.0280,Em atraso
501190,13994,110,4,2020-03-24,18937.48,36,0.0122,Ativo
501191,14031,111,4,2021-12-13,71268.04,48,0.0422,Quitado
501192,14068,112,4,2020-07-13,49093.81,24,0.0287,Ativo
501193,14105,113,4,2022-07-23,9866.63,6,0.0164,Quitado
501194,14142,114,3,2020-09-07,16679.89,18,0.0412,Ativo
501195,14179,115,3,2026-11-17,11553.99,12,0.0335,Ativo
501196,14216,116,3,2021-01-19,93159.26,36,0.0216,Em atraso
501197,14253,117,3,2025-04-03,14249.85,60,0.0312,Quitado
501198,14290,118,4,2024-01-14,56888.81,60,0.0252,Ativo
501199,14327,119,4,2021-08-13,5454.69,48,0.0307,Quitado
501200,14364,120,3,2022-05-07,116117.37,36,0.0398,Ativo
501201,14401,101,3,2021-12-09,87146.32,60,0.0261,Em atraso
501202,14438,102,3,2020-10-06,103752.89,6,0.0378,Ativo
501203,14475,103,4,2020-04-20,90358.98,18,0.0154,Ativo
501204,14512,104,3,2023-07-09,31913.71,6,0.0144,Ativo
501205,14549,105,3,2023-12-30,76335.82,60,0.0327,Quitado
501206,14586,106,4,2026-02-19,26029.79,6,0.0176,Ativo
501207,14623,107,4,2020-11-19,115895.12,48,0.0139,Ativo
501208,14660,108,3,2024-04-02,68009.18,6,0.0406,Em atraso
501209,14697,109,3,2024-12-28,29401.07,12,0.0392,Quitado
501210,14734,110,3,2025-10-20,7735.69,18,0.0101,Ativo
501211,14771,111,4,2022-12-26,37479.65,12,0.0326,Ativo
501212,14808,112,4,2026-08-13,93913.18,6,0.0388,Em atraso
501213,14845,113,3,2024-01-09,89370.26,24,0.0370,Ativo
501214,14882,114,3,2023-04-11,44022.17,18,0.0364,Ativo
501215,14919,115,4,2025-03-13,68553.70,36,0.0241,Ativo
501216,14956,116,3,2026-10-13,57904.37,6,0.0224,Ativo
501217,14993,117,3,2021-06-21,11047.16,60,0.0262,Ativo
501218,15030,118,3,2021-05-25,69240.74,48,0.0415,Ativo
501219,15067,119,4,2022-11-05,96506.83,6,0.0196,Ativo
501220,15104,120,3,2024-09-12,103938.81,36,0.0258,Ativo
501221,15141,101,3,2022-03-25,83028.70,18,0.0147,Ativo
501222,15178,102,4,2021-09-20,3194.72,6,0.0300,Quitado
501223,15215,103,4,2020-02-26,28288.35,48,0.0113,Em atraso
501224,15252,104,3,2023-09-12,11745.71,6,0.0438,Quitado
501225,15289,105,4,2025-05-08,4410.04,36,0.0101,Quitado
501226,15326,106,4,2020-10-27,72578.73,12,0.0367,Em atraso
501227,15363,107,4,2021-11-11,113706.15,18,0.0374,Ativo
501228,15400,108,3,2020-01-06,102110.61,24,0.0165,Quitado
501229,15437,109,3,2021-02-19,119177.14,24,0.0407,Ativo
501230,15474,110,4,2024-07-29,98605.66,36,0.0386,Ativo
501231,15511,111,3,2025-04-22,56413.05,6,0.0158,Quitado
501232,15548,112,3,2024-04-18,37346.09,60,0.0358,Ativo
501233,15585,113,3,2023-08-29,10286.85,6,0.0294,Ativo
501234,15622,114,3,2024-05-04,11821.08,12,0.0176,Ativo
501235,15659,115,3,2026-11-20,6580.57,6,0.0262,Ativo
501236,15696,116,3,2023-12-29,38949.96,18,0.0370,Ativo
501237,15733,117,4,2026-09-21,46434.49,60,0.0116,Ativo
501238,15770,118,4,2026-02-04,47105.23,6,0.0345,Ativo
501239,15807,119,4,2022-01-04,103260.33,18,0.0260,Ativo
501240,15844,120,4,2026-09-24,119451.00,6,0.0271,Ativo
501241,15881,101,4,2023-04-12,50508.90,12,0.0310,Ativo
501242,15918,102,3,2020-07-09,23862.46,18,0.0333,Ativo
501243,15955,103,3,2026-06-16,113432.83,12,0.0137,Quitado
501244,15992,104,3,2023-08-01,65442.11,6,0.0437,Em atraso
501245,16029,105,4,2025-03-26,87735.08,12,0.0289,Ativo
501246,16066,106,3,2026-12-28,91398.17,12,0.0423,Em atraso
501247,16103,107,4,2021-03-12,119743.79,24,0.0116,Ativo
501248,16140,108,4,2026-04-24,52801.06,60,0.0197,Em atraso
501249,16177,109,4,2020-10-06,41504.19,48,0.0426,Ativo
501250,16214,110,3,2022-07-18,83483.29,60,0.0354,Quitado
501251,16251,111,3,2023-08-11,114927.99,60,0.0420,Ativo
501252,16288,112,3,2024-07-16,109098.66,36,0.0091,Em atraso
501253,16325,113,4,2022-12-28,118891.18,24,0.0113,Ativo
501254,16362,114,4,2021-09-30,100106.20,24,0.0146,Ativo
501255,16399,115,4,2026-03-15,49920.57,60,0.0260,Quitado
501256,16436,116,4,2023-11-01,89194.50,6,0.0389,Ativo
501257,16473,117,4,2021-02-26,24859.88,48,0.0312,Ativo
501258,16510,118,3,2020-07-12,55412.21,36,0.0335,Quitado
501259,16547,119,4,2026-09-11,97655.90,48,0.0264,Ativo
501260,16584,120,3,2024-10-05,45020.10,6,0.0416,Ativo
501261,16621,101,3,2023-03-14,18155.51,36,0.0432,Ativo
501262,16658,102,3,2020-12-07,95830.51,60,0.0216,Em atraso
501263,16695,103,4,2023-08-05,61553.87,60,0.0291,Ativo
501264,16732,104,4,2026-11-14,37549.67,36,0.0437,Quitado
501265,16769,105,4,2021-10-14,40884.83,24,0.0403,Ativo
501266,16806,106,4,2024-10-28,103388.62,48,0.0401,Ativo
501267,16843,107,4,2026-03-08,70693.74,48,0.0325,Ativo
501268,16880,108,4,2022-08-04,104958.27,24,0.0158,Ativo
501269,16917,109,4,2023-10-09,15783.68,24,0.0219,Quitado
501270,16954,110,4,2024-07-08,69214.32,12,0.0222,Quitado
501271,16991,111,4,2022-12-15,62675.45,6,0.0256,Ativo
501272,17028,112,4,2023-02-06,29967.54,48,0.0122,Quitado
501273,17065,113,3,2024-02-06,2172.07,48,0.0130,Quitado
501274,17102,114,4,2025-05-06,28225.15,60,0.0164,Ativo
501275,17139,115,4,2020-06-26,77168.46,36,0.0295,Ativo
501276,17176,116,3,2025-02-10,96378.89,24,0.0432,Quitado
501277,17213,117,4,2022-02-20,91596.76,60,0.0407,Ativo
501278,17250,118,3,2023-03-06,31005.33,60,0.0188,Ativo
501279,17287,119,4,2026-09-21,51148.10,6,0.0273,Em atraso
501280,17324,120,3,2023-08-12,97794.19,12,0.0268,Quitado
501281,17361,101,3,2024-06-16,43161.32,12,0.0348,Em atraso
501282,17398,102,4,2020-11-10,33870.20,24,0.0275,Ativo
501283,17435,103,3,2020-10-04,67819.35,60,0.0275,Em atraso
501284,17472,104,3,2021-07-02,49524.03,12,0.0324,Em atraso
501285,17509,105,4,2020-01-19,86543.74,18,0.0366,Em atraso
501286,17546,106,4,2020-08-10,64118.21,48,0.0377,Ativo
501287,17583,107,4,2020-12-25,107228.20,18,0.0159,Em atraso
501288,17620,108,4,2022-03-23,104683.33,48,0.0096,Quitado
501289,17657,109,3,2025-12-17,36701.47,18,0.0163,Ativo
501290,17694,110,4,2020-04-27,65470.37,12,0.0123,Em atraso
501291,17731,111,3,2020-09-21,12560.47,24,0.0408,Ativo
501292,17768,112,3,2026-04-18,31474.64,24,0.0190,Ativo
501293,17805,113,4,2021-05-26,52264.04,18,0.0334,Ativo
501294,17842,114,3,2020-11-05,18697.16,6,0.0395,Ativo
501295,17879,115,3,2022-04-16,29128.16,48,0.0114,Ativo
501296,17916,116,4,2024-10-14,36658.78,12,0.0177,Ativo
501297,17953,117,3,2022-04-02,62613.09,60,0.0412,Ativo
501298,17990,118,4,2023-03-05,99433.03,36,0.0095,Em atraso
501299,18027,119,3,2022-06-22,12043.22,18,0.0154,Ativo
501300,18064,120,3,2024-09-27,79213.05,24,0.0416,Ativo
501301,18101,101,4,2023-01-14,5650.01,36,0.0341,Quitado
501302,18138,102,4,2022-07-29,40178.34,18,0.0394,Quitado
501303,18175,103,3,2026-06-23,39578.95,18,0.0343,Ativo
501304,18212,104,4,2022-07-07,54176.96,36,0.0133,Quitado
501305,18249,105,3,2023-04-29,43250.94,36,0.0139,Ativo
501306,18286,106,4,2020-08-31,76488.79,36,0.0322,Ativo
501307,18323,107,3,2020-04-15,52218.77,12,0.0371,Em atraso
501308,18360,108,3,2023-01-31,13685.43,60,0.0164,Em atraso
501309,18397,109,4,2026-07-26,40409.42,36,0.0190,Em atraso
501310,18434,110,3,2020-06-07,26352.42,48,0.0177,Ativo
501311,18471,111,4,2020-06-23,64392.60,60,0.0335,Em atraso
501312,18508,112,4,2021-04-07,68189.44,36,0.0196,Ativo
501313,18545,113,3,2025-05-11,93066.43,6,0.0424,Ativo
501314,18582,114,4,2025-02-28,72754.00,60,0.0138,Ativo
501315,18619,115,3,2026-06-13,115900.63,48,0.0140,Ativo
501316,18656,116,3,2021-11-21,86864.32,24,0.0331,Ativo
501317,18693,117,4,2022-03-07,81627.98,36,0.0132,Em atraso
501318,18730,118,4,2020-05-04,36427.05,48,0.0395,Em atraso
501319,18767,119,3,2022-02-14,82024.69,36,0.0246,Quitado
501320,18804,120,4,2021-11-21,30205.39,36,0.0302,Quitado
501321,18841,101,4,2022-07-06,35170.19,18,0.0161,Ativo
501322,18878,102,3,2022-06-16,113793.25,36,0.0329,Quitado
501323,18915,103,3,2020-01-18,56327.08,36,0.0244,Ativo
501324,18952,104,3,2024-05-10,81811.16,48,0.0199,Ativo
501325,18989,105,3,2021-06-14,116331.84,24,0.0149,Quitado
501326,19026,106,4,2026-10-15,105089.39,24,0.0258,Em atraso
501327,19063,107,4,2021-12-17,116136.87,12,0.0170,Quitado
501328,19100,108,3,2021-07-07,103354.08,36,0.0254,Em atraso
501329,19137,109,4,2025-09-22,107894.50,18,0.0238,Ativo
501330,19174,110,4,2022-01-29,107681.86,6,0.0139,Em atraso
501331,19211,111,3,2021-10-17,65723.73,12,0.0347,Ativo
501332,19248,112,3,2023-08-19,78738.71,36,0.0388,Ativo
501333,19285,113,3,2020-02-29,67050.06,24,0.0278,Quitado
501334,19322,114,4,2023-03-07,56568.58,24,0.0132,Em atraso
501335,19359,115,3,2023-01-29,109159.31,60,0.0122,Ativo
501336,19396,116,4,2021-11-16,119447.43,12,0.0217,Ativo
501337,19433,117,3,2025-07-27,5355.84,6,0.0362,Ativo
501338,19470,118,4,2023-08-15,16068.42,18,0.0221,Em atraso
501339,19507,119,3,2021-11-04,72865.99,12,0.0374,Ativo
501340,19544,120,3,2025-02-09,31073.64,24,0.0212,Quitado
501341,19581,101,4,2024-02-07,22377.14,12,0.0242,Em atraso
501342,19618,102,3,2022-02-13,32698.24,36,0.0296,Em atraso
501343,19655,103,4,2024-11-24,33853.26,48,0.0366,Ativo
501344,19692,104,3,2023-08-14,107042.47,18,0.0177,Ativo
501345,19729,105,3,2025-01-07,60017.35,36,0.0438,Ativo
501346,19766,106,3,2025-01-12,25237.25,12,0.0342,Ativo
501347,19803,107,3,2026-08-05,92641.56,12,0.0133,Em atraso
501348,19840,108,4,2026-10-06,55518.96,60,0.0278,Ativo
501349,19877,109,3,2025-11-24,110535.51,36,0.0124,Ativo
501350,19914,110,3,2024-09-26,68979.01,48,0.0392,Ativo
501351,19951,111,3,2020-12-31,4873.54,48,0.0341,Quitado
501352,19988,112,4,2020-08-11,105503.82,18,0.0439,Ativo
501353,20025,113,4,2023-04-16,45251.37,60,0.0199,Ativo
501354,20062,114,4,2023-12-14,3170.89,48,0.0234,Quitado
501355,20099,115,4,2021-07-06,99612.96,18,0.0349,Quitado
501356,20136,116,3,2020-06-12,8116.55,48,0.0191,Quitado
501357,20173,117,4,2023-10-22,15938.02,18,0.0349,Quitado
501358,20210,118,4,2021-12-30,27641.00,6,0.0282,Quitado
501359,20247,119,4,2024-12-05,33330.98,12,0.0389,Ativo
501360,20284,120,4,2022-04-07,98066.24,24,0.0384,Ativo
501361,20321,101,4,2020-08-23,119901.90,6,0.0233,Em atraso
501362,20358,102,3,2025-12-29,27612.65,24,0.0100,Quitado
501363,20395,103,3,2024-12-06,20580.01,36,0.0191,Ativo
501364,20432,104,4,2021-03-13,12309.68,24,0.0109,Ativo
501365,20469,105,3,2026-07-17,42750.46,6,0.0262,Quitado
501366,20506,106,3,2024-01-04,6706.32,6,0.0196,Ativo
501367,20543,107,3,2026-01-06,19355.01,48,0.0336,Ativo
501368,20580,108,4,2026-11-03,63897.11,12,0.0373,Em atraso
501369,20617,109,4,2023-03-13,106847.14,12,0.0210,Quitado
501370,20654,110,3,2025-02-04,81129.08,12,0.0413,Ativo
501371,20691,111,4,2022-11-15,84142.33,18,0.0398,Ativo
501372,20728,112,3,2026-07-27,35005.45,6,0.0194,Ativo
501373,20765,113,3,2023-01-30,36454.04,18,0.0205,Ativo
501374,20802,114,4,2026-05-06,35051.58,18,0.0190,Em atraso
501375,20839,115,3,2022-03-07,101656.07,36,0.0166,Ativo
501376,20876,116,3,2022-10-04,30158.93,48,0.0145,Quitado
501377,20913,117,4,2026-09-26,80561.95,18,0.0261,Ativo
501378,20950,118,4,2025-10-17,103172.47,18,0.0324,Ativo
501379,20987,119,4,2022-11-10,99261.86,18,0.0108,Em atraso
501380,21024,120,3,2024-12-09,57637.35,12,0.0414,Quitado
501381,21061,101,4,2022-06-23,90407.92,60,0.0092,Ativo
501382,21098,102,4,2025-05-07,5470.37,60,0.0297,Ativo
501383,21135,103,3,2024-09-29,55088.21,48,0.0355,Ativo
501384,21172,104,3,2024-12-01,5071.79,48,0.0373,Quitado
501385,21209,105,4,2021-07-16,2680.38,36,0.0257,Quitado
501386,21246,106,4,2023-07-27,42143.33,60,0.0261,Em atraso
501387,21283,107,3,2023-09-21,42825.33,24,0.0337,Ativo
501388,21320,108,4,2024-10-21,9227.75,48,0.0351,Em atraso
501389,21357,109,3,2023-09-04,62411.67,18,0.0095,Em atraso
501390,21394,110,4,2026-06-13,83735.77,24,0.0329,Em atraso
501391,21431,111,3,2021-04-05,116211.48,60,0.0092,Em atraso
501392,21468,112,4,2020-01-03,29975.92,60,0.0371,Ativo
501393,21505,113,3,2025-03-04,71558.15,48,0.0137,Ativo
501394,21542,114,3,2020-02-15,26452.94,60,0.0334,Ativo
501395,21579,115,4,2020-06-03,52206.77,18,0.0108,Ativo
501396,21616,116,3,2021-02-13,56450.35,60,0.0397,Ativo
501397,21653,117,3,2020-04-28,43267.79,18,0.0263,Ativo
501398,21690,118,3,2024-06-22,46662.87,18,0.0383,Ativo
501399,21727,119,4,2022-04-17,23854.52,12,0.0412,Ativo
501400,21764,120,3,2023-10-23,112394.17,60,0.0338,Ativo
501401,21801,101,3,2024-04-25,119835.19,60,0.0233,Quitado
501402,21838,102,3,2024-09-24,59585.81,24,0.0138,Ativo
501403,21875,103,4,2022-11-07,60830.04,12,0.0276,Ativo
501404,21912,104,4,2024-08-01,60692.76,60,0.0163,Em atraso
501405,21949,105,3,2026-07-31,111344.22,24,0.0157,Quitado
501406,21986,106,3,2025-12-16,48171.23,48,0.0291,Ativo
501407,22023,107,4,2024-04-06,82677.01,60,0.0323,Ativo
501408,22060,108,3,2026-07-12,40094.49,24,0.0122,Ativo
501409,22097,109,4,2021-07-25,82998.06,48,0.0202,Ativo
501410,22134,110,3,2020-07-11,72162.20,6,0.0307,Em atraso
501411,22171,111,4,2025-08-25,28731.27,12,0.0357,Em atraso
501412,22208,112,4,2020-12-21,106118.92,12,0.0380,Ativo
501413,22245,113,4,2025-12-08,87136.82,6,0.0226,Ativo
501414,22282,114,3,2022-06-19,76347.42,12,0.0125,Ativo
501415,22319,115,4,2021-03-30,84732.18,60,0.0284,Ativo
501416,22356,116,3,2022-02-02,28152.47,12,0.0413,Ativo
501417,22393,117,4,2026-04-01,110942.55,12,0.0404,Quitado
501418,22430,118,3,2021-10-26,93000.61,18,0.0216,Em atraso
501419,22467,119,3,2020-01-10,54121.42,48,0.0260,Ativo
501420,22504,120,3,2021-06-10,75731.65,6,0.0252,Ativo
501421,22541,101,4,2025-01-06,1831.89,18,0.0383,Em atraso
501422,22578,102,3,2026-11-18,5507.49,12,0.0351,Ativo
501423,22615,103,3,2023-10-09,16029.34,36,0.0433,Quitado
501424,22652,104,3,2023-06-15,57013.79,60,0.0103,Em atraso
501425,22689,105,3,2024-04-01,84536.10,12,0.0127,Ativo
501426,22726,106,4,2026-05-30,63180.26,12,0.0232,Ativo
501427,22763,107,4,2026-07-21,8948.75,12,0.0260,Quitado
501428,22800,108,3,2021-11-02,60435.16,48,0.0410,Quitado
501429,22837,109,4,2023-05-28,89868.65,60,0.0337,Ativo
501430,22874,110,4,2025-10-01,5259.50,18,0.0228,Ativo
501431,22911,111,4,2021-08-31,49096.32,24,0.0215,Ativo
501432,22948,112,4,2021-12-09,43556.76,24,0.0288,Em atraso
501433,22985,113,4,2024-10-18,84180.33,48,0.0367,Ativo
501434,23022,114,3,2023-11-30,7103.65,36,0.0122,Ativo
501435,23059,115,4,2022-12-31,7461.33,36,0.0279,Ativo
501436,23096,116,3,2025-01-08,54097.49,60,0.0262,Em atraso
501437,23133,117,3,2025-06-10,67501.77,36,0.0266,Em atraso
501438,23170,118,3,2022-07-30,116565.97,24,0.0418,Ativo
501439,23207,119,3,2023-11-04,59542.03,6,0.0111,Ativo
501440,23244,120,4,2023-07-09,12154.82,24,0.0217,Ativo
501441,23281,101,3,2023-04-22,25373.55,48,0.0307,Em atraso
501442,23318,102,3,2025-01-17,84558.99,24,0.0253,Quitado
501443,23355,103,4,2026-02-16,41769.51,60,0.0211,Ativo
501444,23392,104,4,2021-03-04,5613.07,60,0.0251,Ativo
501445,23429,105,4,2024-01-18,77363.81,60,0.0101,Ativo
501446,23466,106,4,2025-02-16,65806.45,18,0.0330,Em atraso
501447,23503,107,4,2021-02-12,94618.93,60,0.0213,Em atraso
501448,23540,108,3,2022-02-24,27739.02,6,0.0250,Ativo
501449,23577,109,4,2020-02-28,8273.25,36,0.0094,Quitado
501450,23614,110,3,2020-12-18,47782.76,6,0.0345,Ativo
501451,23651,111,3,2026-07-07,93408.46,18,0.0257,Ativo
501452,23688,112,4,2024-02-03,108965.19,36,0.0256,Ativo
501453,23725,113,4,2026-07-16,86027.79,18,0.0200,Quitado
501454,23762,114,4,2025-10-08,30839.96,48,0.0384,Quitado
501455,23799,115,3,2026-01-10,8785.53,12,0.0208,Ativo
501456,23836,116,4,2022-01-27,9860.50,24,0.0260,Quitado
501457,23873,117,3,2025-07-17,72258.59,18,0.0117,Ativo
501458,23910,118,3,2026-07-23,7522.16,36,0.0326,Quitado
501459,23947,119,4,2021-05-11,6900.68,24,0.0196,Ativo
501460,23984,120,4,2023-07-15,22288.51,24,0.0093,Em atraso
501461,24021,101,3,2024-06-05,114569.66,48,0.0278,Quitado
501462,24058,102,4,2023-10-03,98067.51,12,0.0404,Em atraso
501463,24095,103,3,2021-08-21,51268.89,36,0.0400,Em atraso
501464,24132,104,3,2025-02-16,22753.06,24,0.0133,Ativo
501465,24169,105,4,2022-04-04,69492.92,12,0.0286,Ativo
501466,24206,106,4,2025-10-11,9097.63,48,0.0131,Ativo
501467,24243,107,4,2026-04-17,77318.43,12,0.0414,Ativo
501468,24280,108,4,2021-07-06,109931.55,48,0.0370,Quitado
501469,24317,109,4,2026-03-28,112130.79,60,0.0434,Quitado
501470,24354,110,3,2026-07-19,76494.61,60,0.0127,Ativo
501471,24391,111,3,2022-05-11,25627.13,60,0.0292,Ativo
501472,24428,112,3,2025-01-26,89395.59,48,0.0276,Ativo
501473,24465,113,3,2026-07-05,14486.26,48,0.0359,Em atraso
501474,24502,114,4,2021-12-07,84465.38,6,0.0211,Ativo
501475,24539,115,4,2024-03-16,90846.30,48,0.0137,Quitado
501476,24576,116,3,2026-08-06,66519.21,6,0.0192,Ativo
501477,24613,117,3,2020-05-01,67480.48,60,0.0430,Ativo
501478,24650,118,4,2023-02-20,25793.76,24,0.0404,Ativo
501479,24687,119,3,2022-10-01,115311.94,24,0.0314,Quitado
501480,24724,120,3,2022-11-18,5574.60,60,0.0366,Em atraso
501481,24761,101,3,2022-10-03,76657.83,6,0.0271,Em atraso
501482,24798,102,3,2025-01-07,66279.83,48,0.0283,Quitado
501483,24835,103,4,2026-01-16,31343.68,36,0.0205,Ativo
501484,24872,104,4,2020-04-04,40015.26,12,0.0110,Quitado
501485,24909,105,3,2021-09-12,1578.47,36,0.0368,Em atraso
501486,24946,106,3,2020-05-08,70366.95,48,0.0205,Ativo
501487,24983,107,3,2023-05-08,43231.03,12,0.0397,Ativo
501488,25020,108,4,2021-01-29,105946.73,36,0.0205,Ativo
501489,25057,109,4,2024-06-25,96898.49,18,0.0112,Quitado
501490,25094,110,4,2025-01-06,115956.17,36,0.0182,Quitado
501491,25131,111,3,2026-08-16,72907.27,36,0.0250,Ativo
501492,25168,112,3,2021-02-22,88784.81,24,0.0178,Em atraso
501493,25205,113,3,2020-10-15,79137.41,24,0.0320,Em atraso
501494,25242,114,3,2023-02-26,94408.18,60,0.0270,Em atraso
501495,25279,115,4,2021-06-19,16310.70,18,0.0306,Ativo
501496,25316,116,4,2025-01-12,7101.22,48,0.0224,Ativo
501497,25353,117,3,2023-01-19,56133.32,12,0.0103,Quitado
501498,25390,118,3,2021-03-20,61732.80,36,0.0365,Ativo
501499,25427,119,3,2023-06-16,96433.56,12,0.0427,Ativo
501500,25464,120,4,2023-06-02,114656.86,24,0.0103,Em atraso
501501,25501,101,3,2023-04-24,6185.40,24,0.0304,Ativo
501502,25538,102,3,2021-12-24,31965.91,12,0.0112,Ativo
501503,25575,103,4,2023-01-01,4058.29,18,0.0318,Ativo
501504,25612,104,4,2023-04-11,87622.45,48,0.0234,Quitado
501505,25649,105,4,2020-06-24,67884.05,60,0.0230,Quitado
501506,25686,106,3,2023-07-07,45733.90,18,0.0317,Em atraso
501507,25723,107,4,2021-07-19,39181.37,6,0.0339,Quitado
501508,25760,108,4,2026-01-22,33986.78,12,0.0102,Em atraso
501509,25797,109,4,2020-01-22,93628.45,24,0.0265,Ativo
501510,25834,110,4,2022-01-13,38005.62,12,0.0274,Ativo
501511,25871,111,4,2026-04-09,88124.68,48,0.0145,Em atraso
501512,25908,112,3,2023-10-24,112152.39,60,0.0279,Ativo
501513,25945,113,3,2020-04-12,13831.63,60,0.0215,Ativo
501514,25982,114,4,2025-09-30,100031.86,48,0.0099,Ativo
501515,26019,115,4,2024-03-17,6334.29,12,0.0417,Ativo
501516,26056,116,4,2020-03-09,67718.78,12,0.0349,Quitado
501517,26093,117,4,2026-09-14,59813.03,36,0.0398,Ativo
501518,26130,118,3,2023-08-08,64472.27,12,0.0376,Quitado
501519,26167,119,4,2026-10-20,97866.83,12,0.0319,Ativo
501520,26204,120,4,2020-06-10,116453.14,6,0.0093,Ativo
501521,26241,101,3,2025-03-31,12378.63,6,0.0199,Em atraso
501522,26278,102,4,2020-12-27,79709.83,12,0.0156,Ativo
501523,26315,103,3,2023-11-21,25563.25,18,0.0148,Ativo
501524,26352,104,4,2025-05-07,79448.48,36,0.0435,Ativo
501525,26389,105,4,2025-08-19,94088.50,24,0.0432,Quitado
501526,26426,106,4,2023-05-15,31352.81,18,0.0323,Ativo
501527,26463,107,4,2022-02-24,78910.24,48,0.0413,Ativo
501528,26500,108,3,2022-01-21,102469.42,18,0.0298,Quitado
501529,26537,109,3,2021-04-20,54211.86,48,0.0367,Em atraso
501530,26574,110,3,2023-11-11,71924.20,60,0.0416,Em atraso
501531,26611,111,3,2020-12-18,39588.96,18,0.0151,Ativo
501532,26648,112,4,2020-11-12,103485.33,24,0.0217,Ativo
501533,26685,113,3,2026-09-27,16369.69,18,0.0305,Em atraso
501534,26722,114,4,2022-09-25,116738.68,12,0.0107,Ativo
501535,26759,115,3,2023-09-20,47711.47,48,0.0425,Ativo
501536,26796,116,3,2025-12-20,90391.07,12,0.0112,Em atraso
501537,26833,117,3,2024-04-08,113864.77,6,0.0229,Quitado
501538,26870,118,3,2022-11-11,90967.09,18,0.0095,Em atraso
501539,26907,119,3,2021-07-23,17744.45,60,0.0410,Ativo
501540,26944,120,3,2024-02-13,39915.16,12,0.0321,Ativo
501541,26981,101,4,2023-03-31,102699.32,6,0.0143,Ativo
501542,27018,102,3,2022-02-10,94888.33,12,0.0307,Em atraso
501543,27055,103,4,2026-07-24,103120.63,12,0.0405,Ativo
501544,27092,104,3,2026-03-20,51715.53,6,0.0296,Em atraso
501545,27129,105,3,2021-09-20,23280.00,6,0.0345,Ativo
501546,27166,106,4,2023-08-29,11328.88,24,0.0303,Em atraso
501547,27203,107,4,2021-05-13,67537.54,6,0.0245,Ativo
501548,27240,108,3,2021-11-15,63662.68,6,0.0197,Ativo
501549,27277,109,3,2024-07-06,6810.57,12,0.0236,Ativo
501550,27314,110,3,2022-04-04,102289.69,24,0.0148,Ativo
501551,27351,111,3,2021-03-16,61943.89,12,0.0430,Quitado
501552,27388,112,3,2021-11-14,80310.38,24,0.0163,Quitado
501553,27425,113,4,2026-10-05,59371.88,6,0.0207,Ativo
501554,27462,114,4,2022-06-02,95760.68,12,0.0341,Quitado
501555,27499,115,3,2024-06-09,70213.36,18,0.0399,Quitado
501556,27536,116,4,2020-08-03,81553.94,60,0.0373,Ativo
501557,27573,117,3,2025-11-09,61689.54,24,0.0320,Ativo
501558,27610,118,4,2025-07-27,94722.68,6,0.0099,Quitado
501559,27647,119,4,2026-06-14,46505.97,48,0.0235,Ativo
501560,27684,120,4,2025-05-08,87475.81,36,0.0180,Ativo
501561,27721,101,3,2026-11-13,103588.91,18,0.0314,Em atraso
501562,27758,102,3,2021-02-08,95336.85,60,0.0308,Em atraso
501563,27795,103,4,2020-01-14,30316.86,48,0.0206,Ativo
501564,27832,104,3,2026-09-23,22378.87,24,0.0153,Em atraso
501565,27869,105,3,2020-05-10,82137.75,6,0.0252,Quitado
501566,27906,106,3,2023-05-30,18321.71,18,0.0278,Ativo
501567,27943,107,3,2024-03-13,1212.65,36,0.0239,Quitado
501568,27980,108,3,2021-10-01,92007.11,48,0.0368,Em atraso
501569,28017,109,3,2023-09-05,110476.27,6,0.0400,Ativo
501570,28054,110,4,2021-10-20,15517.49,12,0.0207,Quitado
501571,28091,111,3,2022-05-28,68255.26,18,0.0378,Ativo
501572,28128,112,4,2020-01-31,7953.79,6,0.0225,Em atraso
501573,28165,113,4,2024-08-31,71334.68,60,0.0340,Ativo
501574,28202,114,3,2025-05-31,99638.18,12,0.0256,Ativo
501575,28239,115,4,2020-04-01,42113.26,12,0.0128,Quitado
501576,28276,116,4,2026-02-16,34257.21,60,0.0108,Quitado
501577,28313,117,4,2023-10-25,100238.31,24,0.0116,Ativo
501578,28350,118,4,2021-01-07,49210.93,48,0.0439,Em atraso
501579,28387,119,3,2026-08-07,55860.63,6,0.0179,Em atraso
501580,28424,120,4,2025-01-24,48183.85,18,0.0365,Ativo
501581,28461,101,3,2020-11-01,94400.19,12,0.0268,Ativo
501582,28498,102,3,2025-10-17,64703.01,48,0.0259,Ativo
501583,28535,103,3,2021-02-14,92463.19,12,0.0225,Ativo
501584,28572,104,3,2021-11-01,66199.14,6,0.0393,Ativo
501585,28609,105,4,2022-09-13,32301.09,24,0.0401,Quitado
501586,28646,106,4,2025-01-04,33836.27,60,0.0216,Ativo
501587,28683,107,4,2020-04-22,84952.32,6,0.0202,Em atraso
501588,28720,108,4,2021-01-16,93125.59,36,0.0285,Em atraso
501589,28757,109,4,2024-02-09,32957.12,48,0.0130,Ativo
501590,28794,110,4,2025-09-02,24089.08,12,0.0269,Ativo
501591,28831,111,4,2024-11-14,113286.37,36,0.0425,Ativo
501592,28868,112,4,2024-10-27,8488.56,12,0.0132,Quitado
501593,28905,113,3,2023-05-14,35874.82,18,0.0319,Ativo
501594,28942,114,3,2023-01-31,98385.81,24,0.0158,Quitado
501595,28979,115,3,2023-08-25,102899.46,36,0.0250,Em atraso
501596,29016,116,4,2020-08-17,85049.41,12,0.0139,Ativo
501597,29053,117,4,2024-09-29,53693.71,60,0.0401,Ativo
501598,29090,118,4,2020-05-15,48973.77,18,0.0184,Ativo
501599,29127,119,3,2025-11-19,95937.81,48,0.0172,Ativo
501600,29164,120,4,2021-12-15,116526.24,36,0.0151,Ativo
501601,29201,101,3,2020-04-04,45516.39,60,0.0179,Ativo
501602,29238,102,4,2023-11-29,1487.64,12,0.0350,Ativo
501603,29275,103,4,2023-12-29,24183.54,24,0.0363,Ativo
501604,29312,104,3,2022-01-05,10502.07,24,0.0329,Ativo
501605,29349,105,3,2020-11-04,5926.13,6,0.0170,Quitado
501606,29386,106,4,2021-09-25,104201.46,24,0.0313,Ativo
501607,29423,107,3,2026-09-18,54666.05,48,0.0184,Quitado
501608,29460,108,3,2021-04-28,61520.57,6,0.0199,Em atraso
501609,29497,109,4,2025-01-20,31691.90,24,0.0120,Quitado
501610,29534,110,3,2021-11-03,16468.06,18,0.0141,Em atraso
501611,29571,111,3,2022-10-08,79960.81,60,0.0095,Ativo
501612,29608,112,4,2024-04-06,71369.22,6,0.0250,Quitado
501613,29645,113,3,2023-02-16,9161.00,6,0.0268,Em atraso
501614,29682,114,4,2024-06-13,100346.02,6,0.0133,Quitado
501615,29719,115,3,2021-11-17,19175.70,48,0.0334,Ativo
501616,29756,116,3,2025-07-20,53550.06,48,0.0149,Ativo
501617,29793,117,4,2022-06-30,112339.10,36,0.0433,Ativo
501618,29830,118,3,2026-03-20,31414.12,60,0.0399,Em atraso
501619,29867,119,3,2026-04-13,96624.85,48,0.0243,Em atraso
501620,29904,120,3,2021-08-25,22937.86,18,0.0204,Ativo
501621,29941,101,4,2024-10-10,88657.85,36,0.0093,Em atraso
501622,29978,102,3,2021-05-07,64773.30,6,0.0194,Quitado
501623,10015,103,4,2023-09-01,27189.92,24,0.0325,Ativo
501624,10052,104,4,2026-02-13,60625.83,48,0.0153,Quitado
501625,10089,105,4,2024-02-28,69429.93,6,0.0143,Ativo
501626,10126,106,3,2020-09-08,77236.12,60,0.0168,Quitado
501627,10163,107,3,2022-07-11,83369.02,24,0.0378,Em atraso
501628,10200,108,3,2025-12-07,58958.85,36,0.0144,Quitado
501629,10237,109,3,2020-03-29,48991.64,18,0.0391,Quitado
501630,10274,110,4,2025-09-18,74703.67,6,0.0168,Quitado
501631,10311,111,3,2024-12-21,117012.93,12,0.0374,Ativo
501632,10348,112,4,2025-09-03,98754.12,12,0.0093,Ativo
501633,10385,113,3,2024-04-22,55533.00,18,0.0137,Em atraso
501634,10422,114,4,2020-07-06,22730.08,6,0.0312,Ativo
501635,10459,115,3,2020-12-26,105749.01,60,0.0217,Em atraso
501636,10496,116,4,2025-09-18,30709.43,60,0.0182,Ativo
501637,10533,117,4,2024-01-17,61615.28,60,0.0433,Em atraso
501638,10570,118,4,2023-08-14,71274.46,36,0.0405,Quitado
501639,10607,119,4,2025-02-02,82092.48,60,0.0135,Ativo
501640,10644,120,4,2025-04-29,45998.79,24,0.0435,Ativo
501641,10681,101,4,2025-09-06,110376.12,12,0.0339,Quitado
501642,10718,102,3,2024-11-18,102640.30,36,0.0179,Ativo
501643,10755,103,3,2022-06-21,40245.30,60,0.0306,Ativo
501644,10792,104,4,2022-09-17,94055.70,36,0.0389,Ativo
501645,10829,105,4,2026-08-05,62422.09,12,0.0094,Ativo
501646,10866,106,3,2024-03-15,30602.50,18,0.0335,Em atraso
501647,10903,107,3,2020-07-13,58582.42,18,0.0426,Em atraso
501648,10940,108,3,2025-12-25,51543.82,12,0.0283,Ativo
501649,10977,109,3,2023-04-27,34408.77,60,0.0393,Ativo
501650,11014,110,4,2025-03-26,17721.78,60,0.0196,Em atraso
501651,11051,111,4,2023-11-25,42825.68,12,0.0247,Em atraso
501652,11088,112,3,2026-02-02,47515.15,48,0.0251,Ativo
501653,11125,113,3,2020-01-06,101308.33,24,0.0179,Ativo
501654,11162,114,3,2026-01-05,15846.64,12,0.0371,Ativo
501655,11199,115,3,2023-11-03,41905.10,36,0.0413,Quitado
501656,11236,116,3,2022-08-27,111755.79,24,0.0330,Quitado
501657,11273,117,3,2023-05-13,95364.60,60,0.0336,Ativo
501658,11310,118,3,2020-07-19,57802.80,18,0.0275,Quitado
501659,11347,119,4,2023-02-20,65507.74,6,0.0424,Em atraso
501660,11384,120,3,2025-10-09,98319.10,18,0.0222,Ativo
501661,11421,101,4,2023-12-04,96735.67,60,0.0303,Quitado
501662,11458,102,3,2025-04-22,110270.19,24,0.0313,Em atraso
501663,11495,103,4,2026-05-26,117313.98,12,0.0383,Em atraso
501664,11532,104,3,2026-10-01,3246.42,12,0.0216,Quitado
501665,11569,105,4,2026-11-19,68823.95,48,0.0231,Ativo
501666,11606,106,3,2025-09-05,82847.35,36,0.0317,Quitado
501667,11643,107,4,2023-10-19,86921.39,36,0.0234,Em atraso
501668,11680,108,4,2021-10-02,81475.26,18,0.0124,Ativo
501669,11717,109,4,2020-04-15,66293.74,12,0.0269,Ativo
501670,11754,110,3,2024-05-11,112303.46,6,0.0200,Ativo
501671,11791,111,4,2024-04-02,95456.03,60,0.0326,Ativo
501672,11828,112,3,2025-06-03,48935.03,24,0.0422,Quitado
501673,11865,113,3,2020-09-06,63776.33,48,0.0140,Quitado
501674,11902,114,4,2023-08-30,51017.69,60,0.0363,Quitado
501675,11939,115,4,2026-01-19,104871.32,12,0.0166,Ativo
501676,11976,116,3,2025-05-28,106830.21,18,0.0353,Em atraso
501677,12013,117,4,2021-03-14,119262.57,18,0.0395,Em atraso
501678,12050,118,4,2025-10-13,63606.25,48,0.0115,Ativo
501679,12087,119,3,2022-11-27,99934.30,12,0.0258,Ativo
501680,12124,120,4,2024-11-06,99111.07,12,0.0335,Ativo
501681,12161,101,3,2024-02-06,39182.95,12,0.0107,Ativo
501682,12198,102,4,2023-01-05,70736.80,60,0.0399,Em atraso
501683,12235,103,4,2024-06-11,9899.54,24,0.0373,Ativo
501684,12272,104,4,2025-10-19,16131.88,6,0.0282,Ativo
501685,12309,105,4,2024-09-16,92175.16,18,0.0095,Ativo
501686,12346,106,4,2026-11-03,63130.37,18,0.0334,Ativo
501687,12383,107,4,2021-02-23,83870.39,24,0.0204,Ativo
501688,12420,108,3,2023-07-27,59496.60,36,0.0139,Ativo
501689,12457,109,3,2023-11-04,34539.18,6,0.0134,Ativo
501690,12494,110,3,2024-01-22,95750.90,24,0.0159,Quitado
501691,12531,111,4,2026-09-17,53847.86,12,0.0307,Ativo
501692,12568,112,4,2026-01-04,30092.09,48,0.0164,Ativo
501693,12605,113,4,2026-08-18,17379.88,24,0.0302,Em atraso
501694,12642,114,3,2020-10-01,81182.11,60,0.0437,Em atraso
501695,12679,115,3,2022-11-11,60466.94,18,0.0174,Ativo
501696,12716,116,3,2020-10-09,62308.80,24,0.0279,Em atraso
501697,12753,117,4,2020-10-15,43437.08,12,0.0158,Quitado
501698,12790,118,3,2020-03-30,96191.99,12,0.0326,Ativo
501699,12827,119,4,2023-08-03,9420.41,24,0.0094,Ativo
501700,12864,120,4,2023-06-08,86449.00,6,0.0231,Em atraso
501701,12901,101,4,2025-05-07,115603.09,6,0.0302,Ativo
501702,12938,102,3,2026-01-01,11484.75,48,0.0150,Em atraso
501703,12975,103,3,2020-10-31,95570.17,18,0.0142,Ativo
501704,13012,104,3,2024-08-19,42322.45,18,0.0205,Em atraso
501705,13049,105,4,2020-10-17,6127.87,60,0.0379,Ativo
501706,13086,106,3,2020-06-09,110640.27,60,0.0237,Ativo
501707,13123,107,3,2021-08-11,114746.09,36,0.0162,Em atraso
501708,13160,108,4,2025-02-04,11029.65,6,0.0154,Ativo
501709,13197,109,3,2026-08-25,74511.55,36,0.0157,Quitado
501710,13234,110,3,2024-09-03,80241.05,48,0.0209,Ativo
501711,13271,111,4,2022-07-26,62232.33,60,0.0373,Em atraso
501712,13308,112,4,2025-08-12,26932.49,36,0.0283,Em atraso
501713,13345,113,3,2025-07-06,40084.49,36,0.0193,Em atraso
501714,13382,114,3,2022-04-03,60186.69,18,0.0138,Ativo
501715,13419,115,4,2026-12-15,113941.15,18,0.0170,Em atraso
501716,13456,116,4,2020-12-19,45812.47,18,0.0244,Em atraso
501717,13493,117,3,2020-07-07,112274.94,6,0.0336,Quitado
501718,13530,118,3,2026-09-29,65195.80,36,0.0407,Ativo
501719,13567,119,3,2020-02-05,109274.25,36,0.0351,Ativo
501720,13604,120,3,2025-10-09,69216.43,36,0.0191,Em atraso
501721,13641,101,3,2023-03-19,75564.02,18,0.0262,Ativo
501722,13678,102,4,2020-05-09,38495.47,6,0.0282,Em atraso
501723,13715,103,4,2022-03-22,82671.60,18,0.0385,Ativo
501724,13752,104,3,2020-04-11,67989.72,60,0.0199,Quitado
501725,13789,105,3,2020-12-08,18128.39,18,0.0294,Ativo
501726,13826,106,4,2022-05-26,61698.24,12,0.0096,Ativo
501727,13863,107,3,2022-10-19,58847.79,12,0.0159,Ativo
501728,13900,108,3,2026-01-30,61996.92,6,0.0129,Quitado
501729,13937,109,3,2021-07-27,86170.24,60,0.0401,Ativo
501730,13974,110,4,2021-10-10,6866.53,60,0.0387,Quitado
501731,14011,111,3,2020-04-07,63715.79,60,0.0262,Em atraso
501732,14048,112,3,2024-10-26,118030.04,12,0.0317,Ativo
501733,14085,113,3,2021-09-29,96934.95,18,0.0196,Em atraso
501734,14122,114,4,2025-05-03,58764.62,60,0.0097,Em atraso
501735,14159,115,3,2020-03-18,112998.37,12,0.0105,Ativo
501736,14196,116,3,2020-09-29,27904.22,60,0.0264,Quitado
501737,14233,117,3,2024-07-04,81416.10,60,0.0249,Ativo
501738,14270,118,4,2026-03-23,84298.07,48,0.0136,Em atraso
501739,14307,119,3,2020-01-01,59526.86,48,0.0171,Ativo
501740,14344,120,4,2023-04-12,94740.95,36,0.0241,Ativo
501741,14381,101,3,2022-05-27,90748.11,18,0.0201,Quitado
501742,14418,102,3,2025-02-09,110140.70,12,0.0395,Em atraso
501743,14455,103,4,2021-10-30,13227.49,24,0.0353,Ativo
501744,14492,104,4,2026-06-29,52438.73,60,0.0193,Quitado
501745,14529,105,3,2022-12-27,99286.24,18,0.0300,Em atraso
501746,14566,106,4,2020-05-28,4549.02,24,0.0381,Ativo
501747,14603,107,3,2025-03-19,24795.24,36,0.0324,Quitado
501748,14640,108,3,2020-07-10,45331.32,12,0.0167,Em atraso
501749,14677,109,4,2025-10-26,4374.27,12,0.0434,Em atraso
501750,14714,110,4,2023-05-27,29364.20,24,0.0298,Ativo
501751,14751,111,3,2026-12-07,104055.17,12,0.0195,Quitado
501752,14788,112,4,2020-12-01,98033.43,24,0.0137,Ativo
501753,14825,113,3,2020-10-31,79799.48,12,0.0132,Ativo
501754,14862,114,3,2021-04-28,1201.53,12,0.0148,Ativo
501755,14899,115,4,2021-05-22,97011.20,60,0.0404,Ativo
501756,14936,116,4,2024-12-08,98473.91,48,0.0295,Ativo
501757,14973,117,3,2022-03-08,97935.28,36,0.0268,Quitado
501758,15010,118,3,2021-05-12,36827.35,6,0.0336,Em atraso
501759,15047,119,4,2022-05-28,16582.50,6,0.0138,Em atraso
501760,15084,120,4,2020-10-09,56116.45,18,0.0399,Ativo
501761,15121,101,3,2025-07-13,95571.30,12,0.0133,Quitado
501762,15158,102,3,2021-08-07,26723.52,36,0.0287,Ativo
501763,15195,103,4,2022-06-29,113027.28,24,0.0245,Ativo
501764,15232,104,4,2021-09-19,40367.81,36,0.0282,Em atraso
501765,15269,105,4,2021-09-30,46430.91,60,0.0402,Em atraso
501766,15306,106,4,2020-11-30,97839.37,6,0.0319,Ativo
501767,15343,107,4,2022-07-07,89054.12,24,0.0125,Em atraso
501768,15380,108,3,2020-04-11,37173.51,60,0.0118,Quitado
501769,15417,109,3,2025-01-23,106376.37,18,0.0431,Ativo
501770,15454,110,4,2025-10-14,42531.15,24,0.0129,Em atraso
501771,15491,111,3,2026-10-24,77620.84,12,0.0158,Em atraso
501772,15528,112,4,2023-03-14,80801.01,12,0.0097,Ativo
501773,15565,113,4,2024-08-29,3301.36,48,0.0387,Em atraso
501774,15602,114,3,2026-01-24,93688.98,6,0.0185,Ativo
501775,15639,115,4,2024-10-05,50420.75,6,0.0216,Ativo
501776,15676,116,3,2020-06-14,65810.46,18,0.0217,Em atraso
501777,15713,117,4,2020-09-13,70711.06,6,0.0170,Quitado
501778,15750,118,3,2023-09-03,71051.31,12,0.0432,Ativo
501779,15787,119,4,2021-10-06,37056.55,60,0.0209,Quitado
501780,15824,120,3,2021-02-25,72212.86,36,0.0172,Em atraso
501781,15861,101,3,2025-10-09,116989.76,12,0.0357,Quitado
501782,15898,102,3,2023-03-22,111706.87,12,0.0155,Quitado
501783,15935,103,3,2021-09-04,83901.62,18,0.0215,Quitado
501784,15972,104,3,2023-05-30,13815.78,18,0.0412,Ativo
501785,16009,105,3,2024-10-26,57355.90,12,0.0292,Ativo
501786,16046,106,4,2026-08-09,9784.13,12,0.0395,Ativo
501787,16083,107,3,2023-09-08,71648.87,36,0.0197,Quitado
501788,16120,108,4,2023-02-12,37756.57,36,0.0156,Ativo
501789,16157,109,4,2026-06-13,47504.67,12,0.0304,Em atraso
501790,16194,110,3,2024-06-29,21328.24,36,0.0188,Ativo
501791,16231,111,4,2026-08-15,105547.05,6,0.0350,Ativo
501792,16268,112,4,2026-09-05,9223.05,60,0.0412,Em atraso
501793,16305,113,3,2023-09-22,118938.09,36,0.0361,Quitado
501794,16342,114,4,2026-10-17,40365.50,12,0.0251,Em atraso
501795,16379,115,3,2026-09-05,50324.58,60,0.0335,Quitado
501796,16416,116,4,2025-09-08,104361.72,6,0.0117,Ativo
501797,16453,117,3,2025-05-18,29982.58,6,0.0408,Quitado
501798,16490,118,3,2020-01-09,2155.28,60,0.0133,Quitado
501799,16527,119,3,2022-08-17,113800.90,36,0.0199,Ativo
501800,16564,120,3,2024-07-06,12373.46,48,0.0422,Ativo
501801,16601,101,3,2024-06-13,46494.03,48,0.0292,Ativo
501802,16638,102,4,2026-08-19,85629.53,36,0.0374,Em atraso
501803,16675,103,4,2021-05-27,99185.26,48,0.0174,Quitado
501804,16712,104,3,2022-11-08,78796.75,24,0.0348,Quitado
501805,16749,105,3,2023-05-23,34250.41,48,0.0315,Ativo
501806,16786,106,3,2021-04-11,1019.68,24,0.0229,Ativo
501807,16823,107,4,2023-03-09,63063.08,6,0.0419,Quitado
501808,16860,108,4,2023-03-17,105978.35,60,0.0246,Ativo
501809,16897,109,3,2024-07-29,76031.80,18,0.0330,Ativo
501810,16934,110,3,2025-12-31,99671.10,36,0.0386,Em atraso
501811,16971,111,3,2020-11-18,118069.78,6,0.0335,Ativo
501812,17008,112,4,2021-04-16,94731.49,18,0.0117,Ativo
501813,17045,113,3,2021-04-09,114388.01,60,0.0165,Ativo
501814,17082,114,3,2020-05-18,22045.09,36,0.0213,Em atraso
501815,17119,115,4,2021-01-25,94252.08,24,0.0276,Ativo
501816,17156,116,4,2021-05-26,71181.64,12,0.0143,Em atraso
501817,17193,117,4,2024-01-15,48093.63,18,0.0330,Ativo
501818,17230,118,3,2023-08-02,119908.30,36,0.0351,Quitado
501819,17267,119,3,2023-05-05,11116.84,36,0.0384,Ativo
501820,17304,120,3,2020-09-07,69799.62,6,0.0273,Quitado
501821,17341,101,4,2024-07-26,44290.65,48,0.0219,Quitado
501822,17378,102,3,2026-05-27,59709.70,12,0.0171,Ativo
501823,17415,103,3,2021-02-21,51367.41,36,0.0418,Ativo
501824,17452,104,4,2025-05-25,34622.38,60,0.0276,Em atraso
501825,17489,105,4,2022-12-14,114318.48,18,0.0431,Ativo
501826,17526,106,4,2025-03-08,81144.99,48,0.0239,Quitado
501827,17563,107,4,2023-12-29,36327.43,18,0.0210,Ativo
501828,17600,108,3,2022-01-15,114661.18,60,0.0246,Ativo
501829,17637,109,4,2020-05-28,24231.55,6,0.0140,Ativo
501830,17674,110,3,2024-09-15,31908.64,6,0.0341,Em atraso
501831,17711,111,3,2024-03-05,69052.16,6,0.0410,Ativo
501832,17748,112,4,2022-06-25,44497.26,48,0.0169,Ativo
501833,17785,113,3,2026-05-28,16004.43,18,0.0338,Ativo
501834,17822,114,4,2024-01-11,105633.26,60,0.0419,Ativo
501835,17859,115,3,2026-11-12,84127.34,36,0.0359,Ativo
501836,17896,116,4,2021-12-28,109065.09,6,0.0302,Quitado
501837,17933,117,3,2024-04-18,78424.35,24,0.0368,Ativo
501838,17970,118,3,2020-03-23,70016.58,60,0.0215,Em atraso
501839,18007,119,4,2024-08-30,89155.47,12,0.0106,Quitado
501840,18044,120,3,2024-03-22,3623.05,24,0.0257,Ativo
501841,18081,101,4,2021-04-17,28671.30,24,0.0345,Quitado
501842,18118,102,4,2023-02-03,79135.93,48,0.0420,Em atraso
501843,18155,103,3,2021-08-12,26929.68,18,0.0252,Quitado
501844,18192,104,3,2021-02-14,110911.64,48,0.0297,Quitado
501845,18229,105,3,2021-12-16,47585.61,18,0.0350,Em atraso
501846,18266,106,4,2024-10-15,94950.16,60,0.0094,Em atraso
501847,18303,107,4,2022-08-14,91295.03,18,0.0330,Em atraso
501848,18340,108,4,2025-10-15,78499.16,60,0.0290,Em atraso
501849,18377,109,4,2023-02-08,2623.04,36,0.0270,Em atraso
501850,18414,110,4,2022-05-26,59989.09,18,0.0130,Ativo
501851,18451,111,3,2023-04-29,68697.35,60,0.0272,Em atraso
501852,18488,112,3,2025-04-07,51314.97,12,0.0176,Em atraso
501853,18525,113,4,2023-02-15,57497.33,36,0.0266,Ativo
501854,18562,114,3,2023-06-13,107230.50,36,0.0192,Em atraso
501855,18599,115,3,2021-05-29,85419.57,48,0.0406,Quitado
501856,18636,116,3,2021-04-07,37370.12,6,0.0188,Ativo
501857,18673,117,4,2024-10-06,69510.31,18,0.0128,Quitado
501858,18710,118,4,2020-05-04,93164.55,36,0.0300,Em atraso
501859,18747,119,3,2021-05-03,23505.55,6,0.0340,Ativo
501860,18784,120,3,2025-10-31,24665.61,18,0.0134,Quitado
501861,18821,101,4,2024-05-07,35569.44,60,0.0312,Quitado
501862,18858,102,3,2024-10-05,1045.74,6,0.0435,Quitado
501863,18895,103,3,2025-07-17,104371.41,36,0.0231,Em atraso
501864,18932,104,4,2025-12-16,16288.06,36,0.0191,Ativo
501865,18969,105,4,2022-06-03,39892.93,12,0.0112,Quitado
501866,19006,106,3,2021-12-26,24332.37,12,0.0246,Quitado
501867,19043,107,4,2026-01-18,22104.32,6,0.0238,Ativo
501868,19080,108,4,2022-02-10,102692.94,60,0.0409,Ativo
501869,19117,109,3,2020-11-01,60402.29,6,0.0320,Ativo
501870,19154,110,3,2020-02-21,92313.49,18,0.0268,Ativo
501871,19191,111,4,2024-07-06,77448.89,12,0.0257,Quitado
501872,19228,112,4,2021-09-19,95175.24,12,0.0316,Em atraso
501873,19265,113,3,2020-04-11,109802.42,24,0.0217,Em atraso
501874,19302,114,3,2026-05-25,27923.35,24,0.0104,Em atraso
501875,19339,115,3,2024-09-26,28480.96,6,0.0294,Quitado
501876,19376,116,3,2022-07-31,29527.71,24,0.0393,Ativo
501877,19413,117,3,2025-03-24,116349.18,60,0.0095,Ativo
501878,19450,118,3,2020-02-16,99743.36,18,0.0208,Ativo
501879,19487,119,4,2025-08-01,60968.93,60,0.0420,Ativo
501880,19524,120,3,2021-03-27,111886.53,12,0.0154,Quitado
501881,19561,101,4,2021-05-19,20304.46,24,0.0223,Quitado
501882,19598,102,4,2020-12-09,64191.54,24,0.0285,Quitado
501883,19635,103,3,2021-05-11,70422.61,12,0.0308,Ativo
501884,19672,104,4,2025-03-26,106764.54,48,0.0183,Ativo
501885,19709,105,3,2023-06-13,86078.81,60,0.0438,Em atraso
501886,19746,106,4,2020-09-23,29899.46,24,0.0244,Ativo
501887,19783,107,3,2023-08-11,111829.50,24,0.0113,Ativo
501888,19820,108,4,2020-05-17,71271.92,6,0.0432,Ativo
501889,19857,109,3,2025-06-18,2061.43,6,0.0373,Quitado
501890,19894,110,4,2024-08-04,50276.71,24,0.0220,Ativo
501891,19931,111,3,2020-05-17,113078.68,24,0.0227,Em atraso
501892,19968,112,3,2025-11-16,55524.42,18,0.0382,Ativo
501893,20005,113,3,2021-06-26,100137.83,6,0.0323,Quitado
501894,20042,114,4,2025-09-24,110262.87,6,0.0343,Ativo
501895,20079,115,4,2026-11-09,42072.10,24,0.0271,Ativo
501896,20116,116,3,2020-06-22,78239.03,12,0.0357,Ativo
501897,20153,117,4,2026-09-26,53894.87,48,0.0294,Ativo
501898,20190,118,4,2026-04-08,31266.91,48,0.0275,Ativo
501899,20227,119,3,2024-07-21,51523.42,48,0.0126,Em atraso
501900,20264,120,3,2026-06-15,20517.20,12,0.0153,Ativo
501901,20301,101,3,2022-03-20,53513.33,60,0.0381,Ativo
501902,20338,102,4,2020-01-02,8294.19,24,0.0253,Ativo
501903,20375,103,4,2026-10-21,6444.32,12,0.0192,Quitado
501904,20412,104,3,2022-08-27,32815.57,60,0.0225,Ativo
501905,20449,105,4,2025-09-14,54348.01,12,0.0386,Ativo
501906,20486,106,3,2021-02-12,113260.89,12,0.0143,Quitado
501907,20523,107,3,2025-10-16,60318.36,6,0.0187,Ativo
501908,20560,108,4,2022-05-09,27104.11,12,0.0177,Quitado
501909,20597,109,3,2023-03-26,74195.30,12,0.0420,Em atraso
501910,20634,110,3,2026-10-20,73495.99,24,0.0353,Ativo
501911,20671,111,4,2023-12-19,18962.28,24,0.0322,Ativo
501912,20708,112,4,2022-02-20,39211.89,6,0.0172,Ativo
501913,20745,113,4,2026-12-24,111248.26,18,0.0390,Ativo
501914,20782,114,4,2025-11-03,39430.68,18,0.0404,Quitado
501915,20819,115,3,2023-12-03,110074.85,6,0.0324,Ativo
501916,20856,116,3,2024-09-15,33360.24,24,0.0346,Ativo
501917,20893,117,4,2021-08-16,39739.18,36,0.0112,Ativo
501918,20930,118,4,2025-02-08,80475.34,60,0.0411,Ativo
501919,20967,119,3,2025-09-10,64473.17,60,0.0128,Quitado
501920,21004,120,3,2023-07-27,100883.45,24,0.0329,Quitado
501921,21041,101,3,2023-02-07,78269.70,18,0.0423,Em atraso
501922,21078,102,4,2024-01-06,75084.02,12,0.0225,Ativo
501923,21115,103,4,2024-07-08,79016.53,36,0.0164,Em atraso
501924,21152,104,4,2026-09-25,101137.03,18,0.0278,Ativo
501925,21189,105,4,2025-10-28,45828.34,18,0.0363,Ativo
501926,21226,106,4,2020-11-29,114006.32,60,0.0433,Ativo
501927,21263,107,4,2022-12-31,91217.72,6,0.0177,Ativo
501928,21300,108,4,2021-04-22,53593.33,60,0.0271,Ativo
501929,21337,109,4,2020-05-03,23495.61,60,0.0253,Ativo
501930,21374,110,4,2023-05-22,107726.91,6,0.0315,Em atraso
501931,21411,111,3,2022-09-23,102541.86,36,0.0425,Ativo
501932,21448,112,4,2026-01-09,91124.81,24,0.0159,Ativo
501933,21485,113,3,2025-05-25,41836.57,6,0.0148,Ativo
501934,21522,114,4,2020-07-19,26092.46,36,0.0118,Ativo
501935,21559,115,3,2023-05-10,3392.73,48,0.0367,Em atraso
501936,21596,116,3,2021-10-01,93474.71,6,0.0225,Em atraso
501937,21633,117,3,2022-07-03,102980.92,6,0.0329,Quitado
501938,21670,118,4,2022-03-14,56126.09,12,0.0278,Em atraso
501939,21707,119,4,2022-01-24,89786.60,6,0.0440,Ativo
501940,21744,120,4,2025-11-13,71915.27,6,0.0205,Quitado
501941,21781,101,4,2023-11-09,61390.59,60,0.0332,Ativo
501942,21818,102,3,2024-12-28,83029.33,6,0.0412,Em atraso
501943,21855,103,4,2020-07-10,10713.54,24,0.0253,Em atraso
501944,21892,104,4,2023-08-28,115093.42,60,0.0169,Ativo
501945,21929,105,3,2021-10-08,77314.78,12,0.0355,Quitado
501946,21966,106,3,2024-06-29,41371.55,24,0.0164,Em atraso
501947,22003,107,3,2025-03-26,73186.30,36,0.0240,Em atraso
501948,22040,108,3,2022-07-24,15063.98,36,0.0109,Quitado
501949,22077,109,4,2022-06-27,95932.56,18,0.0156,Ativo
501950,22114,110,4,2024-03-09,65466.95,24,0.0160,Quitado
501951,22151,111,3,2020-05-08,25976.56,24,0.0424,Ativo
501952,22188,112,3,2026-06-08,1510.37,12,0.0339,Ativo
501953,22225,113,3,2024-06-24,18182.97,60,0.0325,Ativo
501954,22262,114,3,2020-06-07,81939.00,60,0.0274,Ativo
501955,22299,115,4,2024-12-05,82038.84,24,0.0182,Ativo
501956,22336,116,3,2020-09-16,85152.84,60,0.0249,Em atraso
501957,22373,117,4,2025-02-22,87282.56,36,0.0358,Ativo
501958,22410,118,4,2026-05-05,34472.37,24,0.0106,Quitado
501959,22447,119,4,2024-08-05,14621.75,48,0.0384,Quitado
501960,22484,120,4,2024-06-24,33344.12,6,0.0328,Quitado
501961,22521,101,3,2020-12-19,62930.50,24,0.0144,Em atraso
501962,22558,102,3,2022-08-10,26752.41,48,0.0262,Em atraso
501963,22595,103,4,2022-09-02,16066.88,48,0.0223,Ativo
501964,22632,104,4,2020-07-26,96852.66,24,0.0436,Ativo
501965,22669,105,3,2022-02-01,39201.11,12,0.0356,Em atraso
501966,22706,106,4,2024-04-02,26592.10,24,0.0252,Ativo
501967,22743,107,3,2021-09-24,106295.10,24,0.0276,Quitado
501968,22780,108,3,2022-06-22,107833.33,36,0.0293,Ativo
501969,22817,109,4,2025-05-07,50124.01,24,0.0311,Quitado
501970,22854,110,4,2025-05-06,83246.49,36,0.0341,Em atraso
501971,22891,111,4,2026-08-04,113980.40,24,0.0251,Ativo
501972,22928,112,3,2026-04-26,42985.60,12,0.0422,Em atraso
501973,22965,113,3,2022-10-03,9951.65,18,0.0325,Em atraso
501974,23002,114,3,2024-08-12,105914.67,12,0.0360,Quitado
501975,23039,115,4,2026-10-03,111411.20,24,0.0166,Ativo
501976,23076,116,4,2022-09-08,28899.27,12,0.0406,Ativo
501977,23113,117,3,2024-05-11,107114.37,6,0.0145,Em atraso
501978,23150,118,4,2020-01-13,36429.19,48,0.0381,Ativo
501979,23187,119,3,2021-04-08,113039.19,12,0.0415,Em atraso
501980,23224,120,4,2026-05-31,27587.68,6,0.0400,Ativo
501981,23261,101,3,2025-08-13,104863.04,24,0.0122,Quitado
501982,23298,102,3,2021-04-30,59133.07,36,0.0098,Em atraso
501983,23335,103,3,2023-01-09,108715.66,18,0.0366,Em atraso
501984,23372,104,3,2026-04-25,35208.35,12,0.0307,Ativo
501985,23409,105,4,2024-02-25,47599.09,60,0.0213,Ativo
501986,23446,106,4,2024-06-02,14944.20,12,0.0417,Ativo
501987,23483,107,4,2021-07-09,74615.32,12,0.0397,Ativo
501988,23520,108,4,2022-11-12,79971.28,18,0.0108,Quitado
501989,23557,109,3,2022-12-20,111892.10,6,0.0320,Quitado
501990,23594,110,3,2024-10-26,42607.32,60,0.0254,Ativo
501991,23631,111,3,2023-01-11,80847.65,36,0.0363,Em atraso
501992,23668,112,3,2020-10-12,19234.58,18,0.0308,Em atraso
501993,23705,113,4,2020-02-11,78184.88,60,0.0211,Ativo
501994,23742,114,3,2020-12-08,67133.46,60,0.0099,Ativo
501995,23779,115,4,2021-03-25,19755.69,24,0.0098,Em atraso
501996,23816,116,4,2025-07-29,87787.68,6,0.0383,Ativo
501997,23853,117,4,2026-09-27,89186.05,60,0.0429,Em atraso
501998,23890,118,4,2021-05-09,39426.90,24,0.0431,Quitado
501999,23927,119,3,2024-03-31,25902.41,18,0.0200,Ativo
502000,23964,120,4,2023-01-13,55322.09,6,0.0145,Ativo
502001,24001,101,4,2022-09-02,76950.13,36,0.0336,Ativo
502002,24038,102,3,2021-01-02,94099.63,6,0.0248,Ativo
502003,24075,103,4,2026-02-27,40744.50,36,0.0308,Ativo
502004,24112,104,3,2025-08-19,87089.51,12,0.0162,Em atraso
502005,24149,105,3,2024-04-26,119645.07,24,0.0281,Ativo
502006,24186,106,4,2023-05-02,30473.30,6,0.0254,Ativo
502007,24223,107,4,2020-12-03,68993.72,36,0.0102,Quitado
502008,24260,108,4,2024-11-19,94747.62,60,0.0184,Quitado
502009,24297,109,3,2020-02-13,62007.39,24,0.0221,Ativo
502010,24334,110,4,2024-05-06,20768.65,12,0.0206,Quitado
502011,24371,111,4,2023-10-01,55665.74,60,0.0243,Quitado
502012,24408,112,3,2024-08-21,76393.25,12,0.0137,Quitado
502013,24445,113,3,2025-05-07,65484.72,6,0.0354,Em atraso
502014,24482,114,3,2021-08-19,46482.49,18,0.0220,Ativo
502015,24519,115,3,2022-11-26,97816.43,12,0.0102,Quitado
502016,24556,116,3,2022-04-21,17783.05,60,0.0169,Ativo
502017,24593,117,4,2025-06-01,65065.91,60,0.0309,Ativo
502018,24630,118,4,2020-04-21,85952.16,24,0.0440,Ativo
502019,24667,119,4,2022-12-12,38965.71,36,0.0314,Ativo
502020,24704,120,4,2022-01-04,68741.76,12,0.0108,Quitado
502021,24741,101,3,2024-07-24,36798.55,12,0.0350,Ativo
502022,24778,102,3,2021-11-20,101107.45,48,0.0106,Ativo
502023,24815,103,4,2025-06-06,112208.91,36,0.0374,Ativo
502024,24852,104,4,2023-09-24,42757.86,36,0.0430,Ativo
502025,24889,105,4,2025-01-04,4994.12,18,0.0432,Ativo
502026,24926,106,3,2024-02-22,61410.08,24,0.0247,Em atraso
502027,24963,107,4,2024-01-02,14015.54,18,0.0363,Quitado
502028,25000,108,3,2023-04-20,24766.78,36,0.0185,Ativo
502029,25037,109,3,2020-07-27,27120.50,24,0.0227,Em atraso
502030,25074,110,4,2024-10-28,4980.64,48,0.0167,Ativo
502031,25111,111,4,2020-12-22,97715.63,18,0.0158,Ativo
502032,25148,112,3,2023-05-28,64121.64,48,0.0284,Quitado
502033,25185,113,3,2025-08-22,37382.12,60,0.0141,Ativo
502034,25222,114,4,2022-05-19,17913.05,12,0.0355,Ativo
502035,25259,115,3,2023-04-21,45673.62,12,0.0334,Ativo
502036,25296,116,3,2020-07-01,23751.41,60,0.0243,Em atraso
502037,25333,117,3,2020-09-10,24987.45,12,0.0171,Quitado
502038,25370,118,4,2020-07-28,12776.51,18,0.0243,Ativo
502039,25407,119,4,2025-01-10,18149.59,60,0.0188,Ativo
502040,25444,120,4,2023-08-28,61506.62,60,0.0289,Ativo
502041,25481,101,3,2024-02-27,71104.18,48,0.0431,Em atraso
502042,25518,102,4,2023-01-27,20304.95,12,0.0278,Ativo
502043,25555,103,4,2025-02-25,113848.18,60,0.0258,Ativo
502044,25592,104,4,2021-05-12,77692.60,6,0.0423,Ativo
502045,25629,105,3,2024-10-06,6501.71,6,0.0229,Ativo
502046,25666,106,4,2024-12-15,42274.00,36,0.0258,Ativo
502047,25703,107,3,2024-12-06,46154.85,18,0.0220,Ativo
502048,25740,108,4,2022-03-27,32790.13,6,0.0295,Ativo
502049,25777,109,3,2026-04-30,117881.28,24,0.0219,Ativo
502050,25814,110,3,2022-02-26,60565.42,48,0.0217,Quitado
502051,25851,111,4,2025-08-16,106059.74,18,0.0226,Quitado
502052,25888,112,4,2022-09-15,64363.69,24,0.0235,Quitado
502053,25925,113,4,2022-12-11,46893.53,48,0.0288,Ativo
502054,25962,114,3,2024-11-02,83419.06,24,0.0378,Em atraso
502055,25999,115,4,2026-09-05,79769.01,6,0.0414,Ativo
502056,26036,116,4,2020-08-11,46157.13,12,0.0299,Ativo
502057,26073,117,4,2023-08-28,46843.56,48,0.0178,Ativo
502058,26110,118,3,2025-09-26,109872.32,12,0.0164,Ativo
502059,26147,119,4,2024-05-05,48003.63,24,0.0370,Em atraso
502060,26184,120,3,2025-09-25,17376.88,24,0.0115,Quitado
502061,26221,101,3,2021-07-13,75083.56,48,0.0397,Ativo
502062,26258,102,3,2021-05-29,12387.11,36,0.0111,Em atraso
502063,26295,103,4,2024-09-23,91985.75,60,0.0256,Em atraso
502064,26332,104,3,2025-04-18,54162.67,36,0.0250,Ativo
502065,26369,105,3,2026-03-11,53092.83,12,0.0256,Quitado
502066,26406,106,4,2023-06-02,51664.28,12,0.0405,Ativo
502067,26443,107,4,2022-04-22,96112.48,6,0.0139,Ativo
502068,26480,108,3,2023-05-08,59245.72,18,0.0174,Quitado
502069,26517,109,3,2026-10-11,104245.41,12,0.0400,Ativo
502070,26554,110,4,2024-07-01,119645.58,48,0.0211,Quitado
502071,26591,111,4,2020-10-29,4317.28,6,0.0290,Quitado
502072,26628,112,3,2021-02-24,64794.45,48,0.0196,Quitado
502073,26665,113,4,2025-05-05,55265.11,6,0.0363,Quitado
502074,26702,114,4,2024-08-07,90703.14,18,0.0275,Em atraso
502075,26739,115,4,2026-09-13,54118.73,6,0.0379,Ativo
502076,26776,116,3,2022-06-13,96447.66,18,0.0350,Quitado
502077,26813,117,3,2021-09-12,105368.11,12,0.0265,Ativo
502078,26850,118,3,2025-11-29,91016.39,60,0.0380,Ativo
502079,26887,119,4,2021-10-21,36356.89,24,0.0346,Quitado
502080,26924,120,4,2021-09-14,74535.27,24,0.0094,Ativo
502081,26961,101,3,2026-09-07,45093.06,24,0.0342,Quitado
502082,26998,102,3,2024-10-21,91136.51,6,0.0409,Em atraso
502083,27035,103,3,2020-09-18,79617.13,24,0.0161,Ativo
502084,27072,104,4,2024-04-04,109486.49,18,0.0218,Ativo
502085,27109,105,4,2026-11-21,118818.62,24,0.0408,Em atraso
502086,27146,106,4,2021-09-20,11738.43,6,0.0124,Ativo
502087,27183,107,4,2023-05-27,103341.41,24,0.0217,Ativo
502088,27220,108,3,2021-06-13,1425.55,36,0.0310,Ativo
502089,27257,109,3,2026-10-14,79968.55,12,0.0302,Em atraso
502090,27294,110,4,2020-12-25,104560.22,48,0.0095,Em atraso
502091,27331,111,3,2024-05-05,81627.20,48,0.0258,Ativo
502092,27368,112,3,2025-08-18,85954.87,24,0.0185,Em atraso
502093,27405,113,4,2021-05-02,8904.32,48,0.0274,Em atraso
502094,27442,114,4,2020-07-29,61530.11,24,0.0301,Ativo
502095,27479,115,3,2022-01-29,46713.73,48,0.0338,Em atraso
502096,27516,116,4,2025-03-05,94125.82,24,0.0370,Quitado
502097,27553,117,3,2024-12-30,37505.13,36,0.0245,Em atraso
502098,27590,118,3,2026-10-27,65080.87,6,0.0227,Em atraso
502099,27627,119,3,2022-03-17,70155.82,24,0.0322,Ativo
502100,27664,120,4,2020-05-15,72596.85,48,0.0249,Ativo
502101,27701,101,3,2024-03-18,51435.54,36,0.0414,Ativo
502102,27738,102,3,2024-01-12,90651.82,24,0.0131,Ativo
502103,27775,103,4,2026-10-27,102685.27,36,0.0362,Ativo
502104,27812,104,4,2021-04-11,31979.25,48,0.0167,Quitado
502105,27849,105,3,2021-04-15,84100.51,18,0.0391,Em atraso
502106,27886,106,4,2025-01-24,79378.26,18,0.0312,Em atraso
502107,27923,107,3,2024-05-14,29759.63,36,0.0266,Em atraso
502108,27960,108,4,2021-07-11,108370.33,60,0.0148,Ativo
502109,27997,109,4,2022-09-25,93288.02,24,0.0365,Ativo
502110,28034,110,3,2020-11-07,28968.44,36,0.0144,Ativo
502111,28071,111,3,2021-12-17,61798.55,18,0.0192,Em atraso
502112,28108,112,4,2025-01-17,48074.11,18,0.0114,Ativo
502113,28145,113,3,2021-01-16,72499.09,18,0.0110,Ativo
502114,28182,114,3,2024-10-28,2767.98,6,0.0366,Em atraso
502115,28219,115,3,2022-02-16,31107.60,18,0.0238,Ativo
502116,28256,116,3,2020-09-23,38509.56,12,0.0218,Em atraso
502117,28293,117,3,2025-11-30,20965.43,48,0.0374,Quitado
502118,28330,118,3,2023-04-28,57011.85,60,0.0233,Quitado
502119,28367,119,4,2020-12-25,94489.61,60,0.0306,Ativo
502120,28404,120,3,2024-01-08,29306.28,18,0.0242,Quitado
502121,28441,101,3,2025-11-20,10354.46,36,0.0349,Em atraso
502122,28478,102,3,2020-11-21,86263.82,60,0.0374,Em atraso
502123,28515,103,3,2020-11-08,104543.48,24,0.0254,Ativo
502124,28552,104,4,2024-06-25,42587.69,24,0.0141,Em atraso
502125,28589,105,4,2020-06-07,110161.89,36,0.0331,Em atraso
502126,28626,106,4,2026-07-24,63043.42,6,0.0162,Quitado
502127,28663,107,4,2022-05-05,29650.55,48,0.0335,Quitado
502128,28700,108,4,2021-04-05,44441.77,36,0.0360,Ativo
502129,28737,109,4,2024-06-25,52791.86,18,0.0110,Ativo
502130,28774,110,4,2023-01-15,76640.35,24,0.0090,Ativo
502131,28811,111,4,2023-10-18,113648.36,60,0.0169,Quitado
502132,28848,112,3,2020-06-29,91579.23,36,0.0150,Quitado
502133,28885,113,3,2024-05-25,66324.44,36,0.0095,Ativo
502134,28922,114,4,2023-11-03,52116.50,36,0.0413,Ativo
502135,28959,115,4,2021-04-08,61192.04,36,0.0094,Em atraso
502136,28996,116,4,2022-09-06,39179.21,60,0.0203,Ativo
502137,29033,117,3,2025-05-10,18970.75,60,0.0276,Quitado
502138,29070,118,3,2022-05-11,101495.35,24,0.0239,Ativo
502139,29107,119,3,2022-11-16,104803.10,60,0.0362,Ativo
502140,29144,120,3,2020-12-18,118922.53,60,0.0134,Quitado
502141,29181,101,4,2022-03-14,88215.53,36,0.0170,Ativo
502142,29218,102,3,2021-11-18,79138.95,60,0.0243,Ativo
502143,29255,103,4,2021-08-05,26605.78,48,0.0258,Ativo
502144,29292,104,3,2024-05-12,7212.33,60,0.0288,Ativo
502145,29329,105,4,2026-09-14,98647.23,12,0.0094,Ativo
502146,29366,106,3,2020-07-17,7312.36,6,0.0223,Quitado
502147,29403,107,3,2024-07-09,61750.88,36,0.0311,Quitado
502148,29440,108,4,2021-12-05,72582.33,36,0.0139,Ativo
502149,29477,109,4,2025-04-18,27475.57,6,0.0287,Em atraso
502150,29514,110,4,2021-03-11,62935.61,6,0.0286,Em atraso
502151,29551,111,4,2026-07-19,113527.06,18,0.0239,Quitado
502152,29588,112,4,2020-11-10,42292.50,18,0.0315,Em atraso
502153,29625,113,4,2021-03-15,11736.62,48,0.0298,Ativo
502154,29662,114,4,2024-03-22,6523.16,60,0.0372,Ativo
502155,29699,115,4,2026-06-23,17159.69,36,0.0321,Quitado
502156,29736,116,4,2025-07-16,86112.25,48,0.0170,Ativo
502157,29773,117,4,2021-01-14,95185.38,6,0.0429,Quitado
502158,29810,118,4,2024-05-07,76310.82,18,0.0257,Ativo
502159,29847,119,4,2022-08-01,19297.19,6,0.0266,Quitado
502160,29884,120,4,2020-07-07,33291.18,24,0.0373,Em atraso
502161,29921,101,3,2021-10-29,71875.87,60,0.0291,Ativo
502162,29958,102,3,2025-04-09,15570.27,18,0.0348,Em atraso
502163,29995,103,4,2022-08-08,45184.82,6,0.0103,Em atraso
502164,10032,104,4,2020-05-28,54717.25,60,0.0349,Ativo
502165,10069,105,4,2026-06-23,21428.71,6,0.0112,Quitado
502166,10106,106,4,2023-05-05,41110.91,60,0.0153,Ativo
502167,10143,107,4,2026-03-04,14526.05,18,0.0315,Ativo
502168,10180,108,3,2025-10-08,73262.48,12,0.0389,Ativo
502169,10217,109,3,2024-08-30,107986.17,24,0.0219,Ativo
502170,10254,110,3,2023-02-10,63969.44,60,0.0348,Quitado
502171,10291,111,4,2021-09-12,16031.36,60,0.0151,Quitado
502172,10328,112,3,2024-11-20,44316.17,36,0.0362,Em atraso
502173,10365,113,4,2023-03-08,118854.76,6,0.0110,Ativo
502174,10402,114,4,2021-11-10,18286.70,48,0.0409,Ativo
502175,10439,115,4,2025-08-24,102654.58,18,0.0431,Em atraso
502176,10476,116,4,2020-06-26,35505.59,48,0.0287,Em atraso
502177,10513,117,4,2020-09-18,51835.33,48,0.0254,Ativo
502178,10550,118,3,2026-01-11,108372.20,6,0.0205,Quitado
502179,10587,119,3,2024-04-24,64516.71,48,0.0322,Ativo
502180,10624,120,4,2025-05-31,105604.21,36,0.0317,Em atraso
502181,10661,101,3,2025-01-17,85240.63,60,0.0335,Ativo
502182,10698,102,3,2022-08-14,21956.00,24,0.0298,Ativo
502183,10735,103,3,2020-12-24,12517.25,6,0.0363,Ativo
502184,10772,104,4,2020-03-29,101627.36,60,0.0134,Em atraso
502185,10809,105,4,2021-09-19,49600.38,12,0.0219,Quitado
502186,10846,106,4,2024-06-30,84628.27,24,0.0247,Quitado
502187,10883,107,3,2020-07-22,106633.06,48,0.0162,Quitado
502188,10920,108,4,2026-10-18,88115.45,48,0.0195,Ativo
502189,10957,109,4,2020-02-09,67053.87,48,0.0165,Ativo
502190,10994,110,4,2021-09-01,71466.12,24,0.0186,Em atraso
502191,11031,111,4,2021-08-14,23904.63,6,0.0238,Em atraso
502192,11068,112,3,2024-08-26,99604.71,6,0.0298,Ativo
502193,11105,113,3,2022-12-16,97430.02,18,0.0265,Em atraso
502194,11142,114,4,2020-06-21,78848.15,24,0.0394,Quitado
502195,11179,115,4,2022-11-30,70109.94,48,0.0286,Ativo
502196,11216,116,4,2025-07-17,49285.34,24,0.0352,Ativo
502197,11253,117,3,2024-05-06,57014.96,18,0.0172,Em atraso
502198,11290,118,3,2023-09-16,5456.36,60,0.0287,Ativo
502199,11327,119,3,2023-04-16,8125.79,6,0.0189,Em atraso
502200,11364,120,4,2025-09-12,31847.22,60,0.0202,Ativo
502201,11401,101,3,2022-01-27,34007.12,48,0.0155,Quitado
502202,11438,102,4,2021-09-19,22465.58,18,0.0313,Ativo
502203,11475,103,3,2022-01-22,5976.64,24,0.0254,Ativo
502204,11512,104,4,2025-03-01,68513.16,36,0.0274,Em atraso
502205,11549,105,3,2023-07-07,5659.80,36,0.0350,Em atraso
502206,11586,106,3,2022-05-23,9920.49,36,0.0111,Em atraso
502207,11623,107,4,2026-10-23,15570.90,18,0.0337,Ativo
502208,11660,108,4,2023-01-04,8259.56,6,0.0221,Ativo
502209,11697,109,3,2023-11-18,9111.24,6,0.0285,Quitado
502210,11734,110,4,2022-02-11,101300.02,18,0.0273,Em atraso
502211,11771,111,3,2026-08-28,81124.80,12,0.0302,Em atraso
502212,11808,112,4,2023-07-01,61224.61,18,0.0131,Quitado
502213,11845,113,4,2026-12-10,51902.22,18,0.0093,Ativo
502214,11882,114,3,2022-08-26,75269.32,6,0.0372,Em atraso
502215,11919,115,3,2021-11-28,30273.67,36,0.0413,Ativo
502216,11956,116,4,2025-03-11,60304.03,24,0.0093,Quitado
502217,11993,117,3,2024-03-05,119181.11,60,0.0265,Quitado
502218,12030,118,3,2023-12-21,93619.20,60,0.0245,Ativo
502219,12067,119,4,2026-03-12,94870.82,12,0.0266,Ativo
502220,12104,120,3,2020-12-31,68934.22,18,0.0226,Ativo
502221,12141,101,4,2023-05-07,39596.49,36,0.0274,Ativo
502222,12178,102,4,2021-01-01,48393.10,12,0.0338,Ativo
502223,12215,103,3,2020-01-09,81473.84,24,0.0093,Em atraso
502224,12252,104,4,2023-02-23,74063.03,6,0.0115,Quitado
502225,12289,105,4,2021-07-20,42877.16,18,0.0299,Quitado
502226,12326,106,4,2025-05-02,17201.56,12,0.0409,Ativo
502227,12363,107,4,2023-10-09,66518.43,12,0.0266,Ativo
502228,12400,108,4,2022-02-01,73307.90,36,0.0104,Ativo
502229,12437,109,3,2020-08-25,105099.79,60,0.0420,Em atraso
502230,12474,110,4,2020-11-08,41724.11,6,0.0437,Ativo
502231,12511,111,3,2024-02-15,117179.74,36,0.0371,Quitado
502232,12548,112,4,2026-05-15,80301.60,48,0.0252,Em atraso
502233,12585,113,3,2022-03-15,104643.96,6,0.0110,Quitado
502234,12622,114,4,2021-04-24,62398.80,24,0.0251,Ativo
502235,12659,115,3,2026-12-07,108921.18,6,0.0328,Ativo
502236,12696,116,4,2022-06-03,48225.43,60,0.0099,Ativo
502237,12733,117,3,2022-10-12,74834.76,36,0.0096,Ativo
502238,12770,118,4,2026-10-31,9299.11,60,0.0307,Quitado
502239,12807,119,3,2026-07-13,115730.74,24,0.0388,Ativo
502240,12844,120,3,2022-04-10,68529.90,48,0.0286,Ativo
502241,12881,101,4,2023-10-03,77272.81,12,0.0321,Em atraso
502242,12918,102,3,2026-05-15,49198.38,12,0.0126,Em atraso
502243,12955,103,3,2024-06-20,64044.88,6,0.0366,Ativo
502244,12992,104,4,2024-03-26,11842.95,6,0.0092,Ativo
502245,13029,105,3,2020-07-03,52851.94,36,0.0277,Ativo
502246,13066,106,3,2025-01-30,36821.84,60,0.0350,Quitado
502247,13103,107,4,2020-09-17,78359.77,6,0.0212,Ativo
502248,13140,108,3,2026-06-29,39065.67,48,0.0322,Em atraso
502249,13177,109,4,2020-01-24,7464.16,18,0.0330,Quitado
502250,13214,110,3,2026-08-28,74285.97,24,0.0349,Em atraso
502251,13251,111,3,2026-03-27,90530.18,6,0.0159,Ativo
502252,13288,112,3,2023-08-26,78655.47,12,0.0362,Em atraso
502253,13325,113,3,2024-03-21,56392.31,6,0.0179,Ativo
502254,13362,114,3,2026-07-30,36725.55,6,0.0138,Ativo
502255,13399,115,3,2020-02-09,21755.80,12,0.0115,Ativo
502256,13436,116,4,2021-03-16,55096.80,60,0.0238,Ativo
502257,13473,117,4,2020-01-11,89390.13,24,0.0392,Ativo
502258,13510,118,4,2023-04-25,87108.01,6,0.0309,Ativo
502259,13547,119,3,2025-12-15,61255.04,60,0.0379,Em atraso
502260,13584,120,4,2025-12-21,35559.36,60,0.0337,Quitado
502261,13621,101,3,2026-10-13,8449.80,6,0.0389,Quitado
502262,13658,102,3,2026-06-15,38235.47,12,0.0313,Ativo
502263,13695,103,3,2020-12-06,89626.37,60,0.0201,Ativo
502264,13732,104,3,2026-06-07,56743.79,18,0.0190,Quitado
502265,13769,105,4,2024-05-29,62257.04,36,0.0194,Em atraso
502266,13806,106,3,2026-10-13,60934.15,24,0.0364,Em atraso
502267,13843,107,4,2020-01-17,31897.18,48,0.0118,Quitado
502268,13880,108,4,2026-01-09,107914.88,18,0.0154,Ativo
502269,13917,109,4,2022-04-24,87333.73,18,0.0388,Quitado
502270,13954,110,4,2026-04-17,1431.33,24,0.0289,Ativo
502271,13991,111,4,2020-12-30,69260.07,6,0.0384,Ativo
502272,14028,112,4,2024-05-14,32122.26,12,0.0417,Ativo
502273,14065,113,3,2023-08-20,35867.90,36,0.0233,Em atraso
502274,14102,114,3,2023-02-14,44919.81,12,0.0249,Ativo
502275,14139,115,4,2026-05-30,114496.68,60,0.0371,Ativo
502276,14176,116,3,2023-06-10,59608.63,36,0.0103,Quitado
502277,14213,117,4,2024-12-30,5231.38,6,0.0285,Em atraso
502278,14250,118,4,2021-06-15,107309.85,24,0.0160,Em atraso
502279,14287,119,4,2024-07-09,98089.04,18,0.0367,Quitado
502280,14324,120,4,2023-09-03,69405.44,24,0.0340,Em atraso
502281,14361,101,4,2023-08-15,7184.86,36,0.0396,Ativo
502282,14398,102,3,2024-04-27,97168.65,18,0.0280,Ativo
502283,14435,103,3,2026-04-13,113018.39,12,0.0155,Quitado
502284,14472,104,4,2023-12-28,78116.10,48,0.0437,Em atraso
502285,14509,105,3,2024-12-05,71770.46,18,0.0090,Quitado
502286,14546,106,4,2023-05-20,95847.25,6,0.0149,Ativo
502287,14583,107,4,2025-12-08,61251.49,12,0.0320,Em atraso
502288,14620,108,4,2025-10-18,51886.68,6,0.0119,Ativo
502289,14657,109,3,2022-07-29,90891.79,6,0.0287,Ativo
502290,14694,110,3,2020-08-11,98795.05,48,0.0100,Ativo
502291,14731,111,4,2025-01-02,110914.47,18,0.0348,Em atraso
502292,14768,112,4,2026-11-20,112564.13,12,0.0123,Ativo
502293,14805,113,4,2020-11-22,115581.58,12,0.0397,Quitado
502294,14842,114,3,2025-12-03,32061.72,18,0.0412,Ativo
502295,14879,115,4,2021-09-17,60154.16,12,0.0156,Ativo
502296,14916,116,3,2026-04-18,67041.95,60,0.0103,Ativo
502297,14953,117,4,2022-10-24,35956.71,60,0.0257,Ativo
502298,14990,118,4,2023-10-08,43986.66,36,0.0240,Ativo
502299,15027,119,4,2021-11-12,106686.89,48,0.0158,Em atraso
502300,15064,120,4,2026-02-06,44793.43,24,0.0143,Em atraso
502301,15101,101,3,2025-03-10,71860.82,18,0.0255,Em atraso
502302,15138,102,3,2020-08-16,1075.96,48,0.0141,Quitado
502303,15175,103,3,2022-02-24,48034.86,18,0.0213,Ativo
502304,15212,104,3,2023-02-19,101592.33,6,0.0284,Quitado
502305,15249,105,4,2021-07-30,51194.35,60,0.0329,Ativo
502306,15286,106,4,2026-06-12,92066.85,18,0.0168,Em atraso
502307,15323,107,3,2021-11-22,6449.93,36,0.0257,Quitado
502308,15360,108,4,2025-09-02,98421.09,60,0.0152,Em atraso
502309,15397,109,4,2026-06-12,93932.16,24,0.0307,Ativo
502310,15434,110,4,2026-01-23,41179.66,24,0.0169,Ativo
502311,15471,111,3,2021-03-20,60524.96,60,0.0177,Em atraso
502312,15508,112,4,2025-01-02,93566.52,12,0.0103,Ativo
502313,15545,113,4,2022-11-02,83828.58,48,0.0179,Ativo
502314,15582,114,4,2024-06-22,24557.25,48,0.0195,Ativo
502315,15619,115,4,2026-09-06,92492.66,18,0.0306,Ativo
502316,15656,116,4,2020-01-08,57903.04,24,0.0376,Em atraso
502317,15693,117,4,2022-06-08,69810.02,36,0.0306,Quitado
502318,15730,118,4,2026-02-22,76892.00,24,0.0321,Ativo
502319,15767,119,3,2022-05-04,89211.88,6,0.0116,Quitado
502320,15804,120,4,2024-08-21,103363.35,18,0.0349,Ativo
502321,15841,101,3,2021-02-10,50054.99,6,0.0160,Ativo
502322,15878,102,4,2025-03-03,11240.22,18,0.0224,Quitado
502323,15915,103,4,2025-03-16,63841.46,48,0.0335,Ativo
502324,15952,104,4,2023-04-06,34596.62,24,0.0367,Em atraso
502325,15989,105,4,2024-11-15,90761.75,6,0.0151,Quitado
502326,16026,106,3,2020-06-06,90024.15,60,0.0269,Ativo
502327,16063,107,4,2022-03-24,74201.58,6,0.0104,Ativo
502328,16100,108,4,2021-02-10,8814.24,48,0.0165,Ativo
502329,16137,109,3,2020-04-11,65603.33,6,0.0236,Quitado
502330,16174,110,4,2020-08-28,67221.37,36,0.0256,Em atraso
502331,16211,111,4,2026-08-14,99822.53,48,0.0368,Ativo
502332,16248,112,4,2021-07-09,42822.99,48,0.0209,Ativo
502333,16285,113,3,2022-04-01,86870.13,36,0.0215,Ativo
502334,16322,114,4,2025-06-08,52741.78,48,0.0381,Em atraso
502335,16359,115,3,2022-09-08,15681.09,24,0.0199,Em atraso
502336,16396,116,3,2021-03-02,33245.76,6,0.0347,Ativo
502337,16433,117,4,2024-05-18,81300.02,12,0.0307,Quitado
502338,16470,118,3,2024-03-03,104992.04,48,0.0193,Ativo
502339,16507,119,3,2023-01-27,19624.35,12,0.0406,Em atraso
502340,16544,120,4,2023-03-28,51929.72,60,0.0316,Ativo
502341,16581,101,4,2026-08-15,57595.87,60,0.0268,Ativo
502342,16618,102,4,2026-12-13,98627.54,36,0.0130,Em atraso
502343,16655,103,3,2021-06-05,85481.00,12,0.0425,Ativo
502344,16692,104,3,2026-07-11,83542.06,6,0.0355,Em atraso
502345,16729,105,4,2021-06-14,113630.67,36,0.0185,Em atraso
502346,16766,106,4,2022-05-20,105491.83,36,0.0341,Em atraso
502347,16803,107,3,2022-07-14,107860.22,48,0.0401,Ativo
502348,16840,108,4,2025-06-26,38353.20,6,0.0188,Quitado
502349,16877,109,4,2022-06-12,64340.10,24,0.0160,Quitado
502350,16914,110,4,2023-05-07,98743.58,48,0.0343,Em atraso
502351,16951,111,3,2023-11-15,24637.95,24,0.0396,Quitado
502352,16988,112,3,2021-03-12,40207.45,36,0.0207,Ativo
502353,17025,113,4,2023-04-26,118302.59,24,0.0276,Em atraso
502354,17062,114,4,2025-09-12,51171.06,12,0.0162,Quitado
502355,17099,115,4,2025-08-05,36130.74,12,0.0237,Quitado
502356,17136,116,3,2022-04-14,37681.24,60,0.0316,Quitado
502357,17173,117,3,2020-05-16,104006.90,6,0.0147,Ativo
502358,17210,118,4,2026-11-24,70694.05,6,0.0206,Ativo
502359,17247,119,3,2026-12-23,87957.11,60,0.0346,Ativo
502360,17284,120,3,2021-10-12,47428.83,18,0.0288,Ativo
502361,17321,101,4,2021-05-31,101807.23,60,0.0156,Ativo
502362,17358,102,3,2020-08-01,97053.32,6,0.0178,Ativo
502363,17395,103,3,2023-04-12,45586.32,6,0.0405,Ativo
502364,17432,104,3,2026-11-27,77715.48,6,0.0230,Ativo
502365,17469,105,3,2020-01-28,101565.76,18,0.0170,Ativo
502366,17506,106,3,2023-01-31,111687.57,18,0.0215,Ativo
502367,17543,107,4,2024-01-18,84574.74,48,0.0406,Ativo
502368,17580,108,3,2022-10-20,89138.21,36,0.0103,Quitado
502369,17617,109,3,2026-08-05,113982.75,18,0.0299,Ativo
502370,17654,110,4,2026-11-12,27797.92,60,0.0374,Quitado
502371,17691,111,3,2022-11-12,106489.67,6,0.0234,Em atraso
502372,17728,112,4,2024-03-13,111533.94,18,0.0407,Ativo
502373,17765,113,3,2022-01-16,21614.11,12,0.0181,Em atraso
502374,17802,114,4,2020-11-29,93599.78,18,0.0233,Ativo
502375,17839,115,3,2023-07-14,84520.64,6,0.0234,Em atraso
502376,17876,116,3,2026-01-03,41075.23,48,0.0176,Quitado
502377,17913,117,3,2024-12-13,2576.48,18,0.0307,Ativo
502378,17950,118,4,2022-01-19,23762.41,48,0.0352,Quitado
502379,17987,119,4,2024-09-07,29778.30,48,0.0317,Ativo
502380,18024,120,4,2020-11-19,69553.50,24,0.0322,Ativo
502381,18061,101,3,2025-06-01,98939.81,36,0.0126,Ativo
502382,18098,102,3,2026-03-21,72035.79,48,0.0339,Ativo
502383,18135,103,4,2025-11-08,54280.67,12,0.0392,Ativo
502384,18172,104,4,2020-09-06,79849.67,12,0.0106,Ativo
502385,18209,105,4,2024-08-13,119807.43,36,0.0287,Ativo
502386,18246,106,3,2026-08-22,118065.11,48,0.0182,Ativo
502387,18283,107,3,2026-12-15,54627.03,60,0.0391,Quitado
502388,18320,108,4,2025-11-19,30592.42,12,0.0351,Ativo
502389,18357,109,4,2025-10-13,117083.64,18,0.0266,Quitado
502390,18394,110,4,2021-12-28,100392.71,12,0.0283,Quitado
502391,18431,111,3,2021-03-22,87359.23,6,0.0224,Ativo
502392,18468,112,3,2026-12-16,21003.87,24,0.0123,Em atraso
502393,18505,113,3,2025-08-03,5928.78,6,0.0127,Em atraso
502394,18542,114,4,2021-06-09,10647.55,18,0.0207,Ativo
502395,18579,115,3,2023-07-28,8010.49,12,0.0365,Ativo
502396,18616,116,3,2023-08-18,35932.81,24,0.0174,Ativo
502397,18653,117,3,2026-12-29,114901.82,48,0.0112,Ativo
502398,18690,118,3,2025-09-03,43922.14,12,0.0339,Ativo
502399,18727,119,4,2022-06-04,39841.79,48,0.0283,Quitado
502400,18764,120,3,2020-02-19,85075.35,60,0.0185,Ativo
502401,18801,101,4,2024-07-11,47790.41,60,0.0177,Em atraso
502402,18838,102,3,2025-11-09,72337.02,12,0.0146,Em atraso
502403,18875,103,3,2022-12-05,11265.61,36,0.0296,Quitado
502404,18912,104,3,2024-05-12,22383.17,24,0.0328,Quitado
502405,18949,105,4,2024-12-24,22128.49,12,0.0149,Ativo
502406,18986,106,4,2020-06-28,107792.68,6,0.0408,Ativo
502407,19023,107,4,2020-08-30,117957.36,36,0.0213,Quitado
502408,19060,108,4,2022-12-25,116659.20,18,0.0134,Ativo
502409,19097,109,3,2026-07-30,43401.36,36,0.0177,Ativo
502410,19134,110,4,2022-04-02,87909.05,36,0.0297,Quitado
502411,19171,111,4,2024-09-25,115654.12,48,0.0367,Quitado
502412,19208,112,4,2023-06-18,112340.84,60,0.0264,Ativo
502413,19245,113,3,2026-07-23,8938.24,12,0.0414,Ativo
502414,19282,114,4,2026-09-28,56152.41,18,0.0173,Ativo
502415,19319,115,4,2025-05-11,37641.03,24,0.0122,Quitado
502416,19356,116,3,2023-01-24,112470.65,36,0.0201,Ativo
502417,19393,117,3,2022-03-11,27492.36,60,0.0283,Em atraso
502418,19430,118,4,2020-03-15,22149.90,36,0.0287,Ativo
502419,19467,119,4,2024-10-28,56925.06,60,0.0171,Em atraso
502420,19504,120,4,2023-10-02,70854.55,6,0.0243,Ativo
502421,19541,101,4,2026-04-02,2508.56,18,0.0128,Ativo
502422,19578,102,4,2026-02-16,97191.42,48,0.0297,Ativo
502423,19615,103,4,2026-12-16,88096.41,24,0.0215,Ativo
502424,19652,104,3,2023-01-17,35407.54,18,0.0106,Ativo
502425,19689,105,4,2026-11-30,26078.32,60,0.0349,Em atraso
502426,19726,106,3,2022-11-09,71919.10,24,0.0282,Ativo
502427,19763,107,3,2026-12-19,80877.28,6,0.0431,Em atraso
502428,19800,108,3,2022-10-24,71686.89,24,0.0094,Em atraso
502429,19837,109,4,2025-02-04,36582.39,48,0.0120,Ativo
502430,19874,110,3,2026-01-24,102204.26,24,0.0133,Ativo
502431,19911,111,4,2022-10-04,53358.20,6,0.0418,Ativo
502432,19948,112,4,2020-12-31,104612.84,48,0.0264,Quitado
502433,19985,113,3,2023-03-23,49020.83,36,0.0249,Ativo
502434,20022,114,3,2021-03-23,4211.89,48,0.0434,Em atraso
502435,20059,115,3,2026-09-04,102921.91,36,0.0183,Ativo
502436,20096,116,4,2021-04-17,35376.82,24,0.0418,Quitado
502437,20133,117,4,2021-06-15,6030.61,18,0.0357,Quitado
502438,20170,118,3,2025-12-24,14652.52,12,0.0321,Ativo
502439,20207,119,4,2021-09-12,37854.63,12,0.0359,Ativo
502440,20244,120,4,2025-09-21,14537.12,6,0.0186,Ativo
502441,20281,101,4,2021-04-28,82590.66,6,0.0211,Quitado
502442,20318,102,3,2023-06-28,41221.77,24,0.0335,Quitado
502443,20355,103,4,2023-01-13,57644.92,60,0.0254,Ativo
502444,20392,104,3,2024-03-21,38302.14,60,0.0286,Ativo
502445,20429,105,4,2022-10-30,16414.49,6,0.0272,Em atraso
502446,20466,106,3,2025-08-25,21227.24,48,0.0144,Em atraso
502447,20503,107,4,2021-03-13,101969.99,36,0.0394,Ativo
502448,20540,108,3,2023-01-23,58001.07,36,0.0381,Ativo
502449,20577,109,4,2021-12-19,82030.24,12,0.0093,Ativo
502450,20614,110,4,2021-04-30,79402.98,12,0.0222,Ativo
502451,20651,111,3,2023-06-29,10369.56,60,0.0437,Em atraso
502452,20688,112,4,2021-04-27,7742.07,36,0.0198,Quitado
502453,20725,113,3,2022-09-04,19548.27,6,0.0140,Em atraso
502454,20762,114,3,2026-06-25,8911.46,36,0.0133,Em atraso
502455,20799,115,4,2025-12-12,16607.14,36,0.0186,Ativo
502456,20836,116,3,2026-03-14,107258.00,12,0.0413,Quitado
502457,20873,117,4,2021-04-05,83116.22,24,0.0409,Ativo
502458,20910,118,4,2026-03-25,98533.00,18,0.0432,Quitado
502459,20947,119,3,2020-09-10,30718.89,18,0.0173,Quitado
502460,20984,120,4,2023-04-30,11939.64,36,0.0133,Quitado
502461,21021,101,4,2026-03-18,44061.60,60,0.0362,Quitado
502462,21058,102,4,2025-11-10,93042.74,36,0.0117,Quitado
502463,21095,103,4,2024-09-28,88749.96,6,0.0436,Ativo
502464,21132,104,3,2020-12-28,23056.35,48,0.0101,Em atraso
502465,21169,105,4,2022-06-29,75721.88,24,0.0211,Em atraso
502466,21206,106,3,2021-10-15,94775.06,48,0.0148,Em atraso
502467,21243,107,3,2025-04-08,66178.28,18,0.0277,Ativo
502468,21280,108,4,2021-04-17,74164.30,24,0.0401,Quitado
502469,21317,109,3,2020-03-28,68962.06,48,0.0384,Em atraso
502470,21354,110,3,2025-06-05,74375.59,6,0.0424,Ativo
502471,21391,111,3,2023-04-09,83025.93,24,0.0406,Quitado
502472,21428,112,3,2023-04-07,63702.16,12,0.0375,Ativo
502473,21465,113,3,2026-12-02,115379.73,48,0.0215,Quitado
502474,21502,114,4,2021-01-11,13740.62,60,0.0361,Ativo
502475,21539,115,4,2021-09-05,53657.91,18,0.0116,Quitado
502476,21576,116,3,2022-11-25,105774.32,6,0.0399,Ativo
502477,21613,117,3,2026-12-08,16197.67,12,0.0435,Quitado
502478,21650,118,4,2025-06-03,86144.05,36,0.0292,Quitado
502479,21687,119,3,2020-12-09,47268.54,18,0.0349,Ativo
502480,21724,120,4,2024-02-19,104121.59,12,0.0274,Ativo
502481,21761,101,4,2024-08-12,77843.92,36,0.0329,Em atraso
502482,21798,102,3,2025-09-21,40551.88,18,0.0166,Ativo
502483,21835,103,3,2021-12-28,31055.24,6,0.0388,Quitado
502484,21872,104,3,2025-10-09,77279.37,60,0.0163,Ativo
502485,21909,105,4,2024-09-11,100219.37,36,0.0097,Ativo
502486,21946,106,3,2025-12-20,51124.13,48,0.0115,Ativo
502487,21983,107,4,2022-09-11,67079.88,24,0.0090,Quitado
502488,22020,108,4,2026-04-27,44923.42,36,0.0254,Em atraso
502489,22057,109,3,2020-03-27,8652.81,36,0.0331,Ativo
502490,22094,110,3,2020-09-10,56904.30,36,0.0419,Em atraso
502491,22131,111,3,2021-09-19,10817.57,24,0.0300,Quitado
502492,22168,112,4,2025-10-18,70402.98,36,0.0170,Quitado
502493,22205,113,3,2022-12-04,106543.53,24,0.0389,Quitado
502494,22242,114,3,2021-06-02,90696.34,12,0.0197,Quitado
502495,22279,115,3,2022-10-27,20393.05,24,0.0400,Ativo
502496,22316,116,3,2024-06-13,102461.55,12,0.0241,Ativo
502497,22353,117,3,2023-11-17,115691.41,18,0.0198,Em atraso
502498,22390,118,4,2024-02-15,50129.08,18,0.0389,Ativo
502499,22427,119,3,2025-08-14,91504.47,60,0.0344,Ativo
502500,22464,120,4,2025-06-05,92145.03,60,0.0093,Ativo
502501,22501,101,4,2024-11-05,98314.46,24,0.0241,Quitado
502502,22538,102,4,2022-08-16,100908.18,24,0.0210,Em atraso
502503,22575,103,4,2023-10-03,46034.73,12,0.0176,Quitado
502504,22612,104,3,2020-05-19,27897.49,36,0.0131,Ativo
502505,22649,105,4,2020-11-12,47753.93,48,0.0433,Em atraso
502506,22686,106,4,2025-11-19,46255.63,12,0.0360,Em atraso
502507,22723,107,3,2024-07-07,93350.33,12,0.0181,Em atraso
502508,22760,108,3,2020-12-31,7844.29,24,0.0352,Em atraso
502509,22797,109,4,2025-05-03,51866.88,6,0.0325,Ativo
502510,22834,110,4,2023-04-17,42536.65,24,0.0391,Quitado
502511,22871,111,3,2026-11-26,60287.66,24,0.0271,Ativo
502512,22908,112,4,2024-07-03,111262.87,48,0.0295,Quitado
502513,22945,113,4,2025-07-25,77106.26,24,0.0296,Quitado
502514,22982,114,3,2023-11-01,43074.15,48,0.0387,Quitado
502515,23019,115,4,2021-02-08,26826.85,6,0.0360,Ativo
502516,23056,116,4,2025-01-16,69240.89,48,0.0169,Ativo
502517,23093,117,3,2022-09-18,87288.46,12,0.0230,Ativo
502518,23130,118,3,2022-04-06,112150.72,36,0.0300,Ativo
502519,23167,119,4,2023-06-15,106453.11,36,0.0317,Quitado
502520,23204,120,4,2022-01-24,43521.95,24,0.0331,Ativo
502521,23241,101,4,2023-03-17,21048.45,6,0.0227,Ativo
502522,23278,102,3,2025-02-17,62198.04,18,0.0097,Ativo
502523,23315,103,3,2020-10-08,85205.53,60,0.0205,Ativo
502524,23352,104,4,2025-08-04,14538.81,48,0.0172,Em atraso
502525,23389,105,3,2023-07-26,103982.29,60,0.0195,Ativo
502526,23426,106,3,2024-11-03,80173.87,6,0.0368,Ativo
502527,23463,107,3,2020-03-09,109413.43,24,0.0109,Ativo
502528,23500,108,3,2023-06-21,39634.08,24,0.0269,Ativo
502529,23537,109,4,2023-09-09,67477.26,60,0.0430,Ativo
502530,23574,110,3,2026-07-23,82126.48,18,0.0241,Ativo
502531,23611,111,4,2022-05-21,42120.18,6,0.0239,Ativo
502532,23648,112,4,2022-07-04,72468.43,18,0.0093,Ativo
502533,23685,113,4,2026-07-22,11229.40,60,0.0381,Quitado
502534,23722,114,4,2023-02-11,56946.59,60,0.0307,Ativo
502535,23759,115,3,2023-04-14,106194.51,24,0.0279,Ativo
502536,23796,116,4,2023-08-08,57616.26,6,0.0374,Em atraso
502537,23833,117,4,2024-05-23,53448.60,36,0.0145,Ativo
502538,23870,118,3,2022-10-27,90306.85,12,0.0402,Em atraso
502539,23907,119,4,2023-02-24,77129.40,12,0.0411,Em atraso
502540,23944,120,4,2021-10-09,62348.96,18,0.0329,Ativo
502541,23981,101,4,2020-03-28,77751.22,60,0.0153,Quitado
502542,24018,102,3,2025-03-27,68788.81,18,0.0305,Ativo
502543,24055,103,3,2022-02-26,119528.31,18,0.0177,Ativo
502544,24092,104,3,2024-02-18,88605.58,24,0.0247,Em atraso
502545,24129,105,4,2021-12-30,52740.09,12,0.0433,Ativo
502546,24166,106,4,2021-11-11,16197.32,18,0.0190,Em atraso
502547,24203,107,4,2023-05-18,54279.10,12,0.0426,Quitado
502548,24240,108,4,2022-10-26,41151.02,48,0.0337,Ativo
502549,24277,109,3,2022-11-14,91272.15,18,0.0160,Ativo
502550,24314,110,4,2021-10-10,110062.51,24,0.0137,Ativo
502551,24351,111,3,2022-03-24,31415.31,36,0.0295,Em atraso
502552,24388,112,3,2020-10-31,89921.76,36,0.0379,Quitado
502553,24425,113,3,2024-04-14,11413.50,6,0.0297,Em atraso
502554,24462,114,3,2025-03-10,21329.26,48,0.0104,Ativo
502555,24499,115,3,2024-04-26,109665.01,24,0.0423,Ativo
502556,24536,116,3,2026-11-02,117559.05,12,0.0193,Quitado
502557,24573,117,3,2024-03-21,65081.99,48,0.0208,Em atraso
502558,24610,118,3,2021-12-29,76234.12,18,0.0362,Ativo
502559,24647,119,3,2021-10-11,51687.09,12,0.0151,Ativo
502560,24684,120,4,2025-11-19,37129.63,12,0.0206,Ativo
502561,24721,101,3,2026-12-21,97377.29,36,0.0165,Ativo
502562,24758,102,3,2022-03-03,75369.80,36,0.0280,Em atraso
502563,24795,103,4,2025-12-24,48995.15,18,0.0254,Ativo
502564,24832,104,3,2024-02-01,28033.90,48,0.0392,Quitado
502565,24869,105,4,2025-05-20,111598.48,6,0.0290,Em atraso
502566,24906,106,4,2020-03-11,53937.09,18,0.0380,Ativo
502567,24943,107,3,2023-09-27,115568.76,48,0.0362,Ativo
502568,24980,108,3,2020-03-16,95101.65,60,0.0359,Ativo
502569,25017,109,4,2025-06-28,97949.11,6,0.0119,Quitado
502570,25054,110,3,2026-05-06,8184.32,36,0.0294,Em atraso
502571,25091,111,4,2024-12-03,54152.34,12,0.0159,Ativo
502572,25128,112,4,2023-03-17,21875.25,6,0.0254,Quitado
502573,25165,113,4,2022-08-08,77929.79,48,0.0217,Ativo
502574,25202,114,4,2024-12-28,16034.34,36,0.0333,Quitado
502575,25239,115,3,2026-07-05,114241.47,12,0.0174,Em atraso
502576,25276,116,4,2024-09-25,75080.38,18,0.0370,Ativo
502577,25313,117,4,2026-10-31,7418.27,24,0.0216,Ativo
502578,25350,118,4,2020-10-04,37898.93,60,0.0367,Ativo
502579,25387,119,3,2026-01-31,80756.72,48,0.0397,Ativo
502580,25424,120,4,2024-07-12,80284.18,6,0.0173,Em atraso
502581,25461,101,3,2026-01-23,14437.02,6,0.0293,Ativo
502582,25498,102,3,2025-09-04,111680.79,24,0.0210,Em atraso
502583,25535,103,3,2021-10-08,6404.97,48,0.0241,Ativo
502584,25572,104,4,2024-10-10,81741.01,36,0.0224,Em atraso
502585,25609,105,3,2026-05-04,19608.29,36,0.0126,Ativo
502586,25646,106,3,2022-04-02,108962.98,48,0.0118,Quitado
502587,25683,107,4,2026-08-04,88728.23,6,0.0174,Ativo
502588,25720,108,4,2021-05-27,87425.62,36,0.0374,Ativo
502589,25757,109,4,2022-09-20,48296.71,60,0.0244,Ativo
502590,25794,110,4,2021-06-23,4385.87,24,0.0347,Ativo
502591,25831,111,3,2020-04-16,48840.01,18,0.0152,Em atraso
502592,25868,112,4,2020-04-17,89253.85,12,0.0161,Ativo
502593,25905,113,4,2026-07-13,44439.35,36,0.0151,Ativo
502594,25942,114,4,2026-10-11,63211.58,18,0.0116,Ativo
502595,25979,115,4,2020-07-25,34849.10,6,0.0419,Ativo
502596,26016,116,4,2022-06-24,1490.86,12,0.0365,Em atraso
502597,26053,117,3,2023-02-07,19063.30,36,0.0245,Ativo
502598,26090,118,3,2022-11-25,114075.98,18,0.0184,Em atraso
502599,26127,119,4,2021-10-01,74970.94,24,0.0159,Ativo
502600,26164,120,4,2020-03-21,112346.81,24,0.0130,Ativo
502601,26201,101,4,2020-11-26,57490.79,6,0.0160,Ativo
502602,26238,102,3,2024-09-22,48928.07,6,0.0283,Ativo
502603,26275,103,4,2024-12-08,103326.39,18,0.0264,Em atraso
502604,26312,104,3,2025-01-19,25760.08,18,0.0137,Ativo
502605,26349,105,3,2024-02-18,66231.69,18,0.0202,Ativo
502606,26386,106,3,2025-01-14,3157.01,36,0.0165,Ativo
502607,26423,107,3,2026-07-16,82428.13,48,0.0106,Ativo
502608,26460,108,3,2022-10-12,20367.94,18,0.0293,Ativo
502609,26497,109,4,2026-10-01,92563.67,36,0.0263,Em atraso
502610,26534,110,3,2023-03-23,96906.52,48,0.0399,Ativo
502611,26571,111,3,2021-04-09,103354.44,48,0.0173,Em atraso
502612,26608,112,3,2023-05-14,65664.80,60,0.0323,Em atraso
502613,26645,113,4,2020-12-08,26799.70,12,0.0424,Ativo
502614,26682,114,4,2022-11-21,94576.86,18,0.0142,Ativo
502615,26719,115,3,2026-08-03,106610.54,48,0.0107,Ativo
502616,26756,116,3,2023-10-21,65347.88,60,0.0128,Ativo
502617,26793,117,3,2026-12-24,115243.20,60,0.0440,Ativo
502618,26830,118,3,2026-06-14,53514.26,6,0.0254,Quitado
502619,26867,119,4,2023-07-24,56677.42,60,0.0165,Ativo
502620,26904,120,3,2023-11-28,18850.43,60,0.0247,Quitado
502621,26941,101,3,2025-08-24,22830.57,36,0.0207,Ativo
502622,26978,102,4,2026-08-23,57887.91,60,0.0231,Quitado
502623,27015,103,4,2024-03-01,94248.15,36,0.0173,Ativo
502624,27052,104,3,2025-01-11,101062.41,48,0.0330,Quitado
502625,27089,105,4,2023-12-01,15461.28,60,0.0171,Ativo
502626,27126,106,3,2022-12-17,108754.37,48,0.0149,Quitado
502627,27163,107,4,2020-01-19,71151.77,24,0.0151,Ativo
502628,27200,108,3,2025-09-27,65238.73,12,0.0176,Ativo
502629,27237,109,4,2023-03-25,97015.48,48,0.0260,Ativo
502630,27274,110,4,2021-01-12,51309.54,12,0.0259,Quitado
502631,27311,111,4,2022-09-10,14964.53,24,0.0191,Quitado
502632,27348,112,4,2021-06-03,111094.92,24,0.0167,Quitado
502633,27385,113,4,2023-02-12,76059.00,60,0.0161,Em atraso
502634,27422,114,3,2021-12-21,15328.14,36,0.0353,Em atraso
502635,27459,115,4,2020-01-16,95308.77,6,0.0253,Ativo
502636,27496,116,3,2021-10-24,5090.35,18,0.0427,Ativo
502637,27533,117,4,2025-04-16,86236.03,12,0.0229,Ativo
502638,27570,118,4,2022-08-11,59790.62,12,0.0274,Em atraso
502639,27607,119,3,2024-07-23,91839.26,60,0.0253,Ativo
502640,27644,120,4,2023-06-26,22898.91,36,0.0430,Ativo
502641,27681,101,3,2024-03-07,13349.11,48,0.0223,Ativo
502642,27718,102,3,2026-09-14,92697.63,24,0.0204,Em atraso
502643,27755,103,3,2023-09-20,29916.99,36,0.0437,Quitado
502644,27792,104,3,2021-04-05,25067.27,48,0.0120,Quitado
502645,27829,105,4,2025-11-19,90126.77,18,0.0435,Em atraso
502646,27866,106,3,2025-01-29,66072.00,36,0.0343,Em atraso
502647,27903,107,3,2021-12-09,79970.51,36,0.0283,Em atraso
502648,27940,108,4,2023-07-26,116860.52,18,0.0091,Ativo
502649,27977,109,4,2025-07-29,40678.56,12,0.0299,Ativo
502650,28014,110,4,2021-09-06,89148.14,24,0.0362,Ativo
502651,28051,111,4,2026-12-13,77544.80,36,0.0142,Em atraso
502652,28088,112,4,2022-09-23,36295.39,12,0.0126,Ativo
502653,28125,113,3,2020-05-02,106637.66,6,0.0440,Ativo
502654,28162,114,4,2021-08-10,102749.03,24,0.0357,Ativo
502655,28199,115,4,2022-08-06,92037.51,60,0.0364,Ativo
502656,28236,116,3,2025-03-10,7360.97,60,0.0298,Quitado
502657,28273,117,3,2022-06-07,27990.95,6,0.0095,Ativo
502658,28310,118,4,2023-01-15,66850.69,36,0.0164,Ativo
502659,28347,119,4,2026-02-04,21122.87,6,0.0355,Ativo
502660,28384,120,3,2022-09-07,83426.92,18,0.0426,Ativo
502661,28421,101,3,2024-01-14,24596.60,6,0.0434,Ativo
502662,28458,102,3,2020-02-19,66334.07,24,0.0185,Quitado
502663,28495,103,3,2026-09-13,114863.00,60,0.0369,Em atraso
502664,28532,104,4,2023-05-06,3839.13,60,0.0339,Ativo
502665,28569,105,4,2025-05-14,89389.10,6,0.0104,Ativo
502666,28606,106,3,2023-11-05,96924.57,12,0.0223,Ativo
502667,28643,107,4,2022-11-01,49506.71,60,0.0439,Ativo
502668,28680,108,4,2023-09-22,39702.97,12,0.0260,Ativo
502669,28717,109,3,2021-04-13,92271.91,36,0.0161,Em atraso
502670,28754,110,3,2023-09-06,7318.95,12,0.0175,Em atraso
502671,28791,111,4,2024-08-20,1975.83,48,0.0286,Quitado
502672,28828,112,4,2026-10-22,91853.98,48,0.0235,Ativo
502673,28865,113,3,2023-04-19,99697.47,24,0.0188,Ativo
502674,28902,114,4,2023-05-28,73499.80,48,0.0135,Em atraso
502675,28939,115,4,2021-12-19,36039.08,6,0.0216,Quitado
502676,28976,116,3,2021-11-22,16016.03,24,0.0383,Quitado
502677,29013,117,3,2026-01-21,76934.84,48,0.0295,Quitado
502678,29050,118,3,2024-08-31,63237.49,48,0.0259,Ativo
502679,29087,119,4,2022-10-29,61173.37,24,0.0199,Quitado
502680,29124,120,4,2024-06-19,104147.09,6,0.0199,Ativo
502681,29161,101,3,2023-03-28,44024.73,12,0.0254,Quitado
502682,29198,102,4,2021-07-31,3779.64,48,0.0383,Ativo
502683,29235,103,4,2022-03-26,7112.60,48,0.0288,Ativo
502684,29272,104,3,2021-12-26,55972.41,36,0.0417,Em atraso
502685,29309,105,3,2023-11-14,90422.09,6,0.0320,Quitado
502686,29346,106,3,2020-03-23,34728.03,24,0.0107,Em atraso
502687,29383,107,4,2020-07-11,95084.04,36,0.0264,Ativo
502688,29420,108,3,2021-08-11,10705.20,36,0.0437,Quitado
502689,29457,109,3,2020-02-17,10326.21,24,0.0232,Em atraso
502690,29494,110,4,2020-02-05,60103.09,60,0.0385,Em atraso
502691,29531,111,4,2021-02-11,15732.14,36,0.0273,Em atraso
502692,29568,112,3,2024-11-13,68954.84,36,0.0403,Ativo
502693,29605,113,4,2025-07-19,105698.27,12,0.0257,Quitado
502694,29642,114,3,2020-07-02,32595.86,36,0.0326,Ativo
502695,29679,115,4,2021-08-26,107729.85,12,0.0339,Ativo
502696,29716,116,4,2020-04-05,89822.61,60,0.0252,Em atraso
502697,29753,117,3,2022-08-27,62966.43,12,0.0405,Ativo
502698,29790,118,3,2023-11-11,37007.40,36,0.0402,Em atraso
502699,29827,119,4,2026-08-30,15077.43,48,0.0175,Ativo
502700,29864,120,4,2021-10-17,1184.88,12,0.0257,Ativo
502701,29901,101,4,2023-01-24,68418.42,18,0.0294,Em atraso
502702,29938,102,3,2021-12-27,53875.80,6,0.0167,Ativo
502703,29975,103,3,2025-08-03,59088.82,48,0.0310,Quitado
502704,10012,104,4,2020-06-22,28163.78,24,0.0297,Quitado
502705,10049,105,3,2023-01-10,116281.59,24,0.0335,Quitado
502706,10086,106,3,2021-04-10,117290.57,48,0.0287,Em atraso
502707,10123,107,4,2020-04-19,89065.46,6,0.0368,Ativo
502708,10160,108,3,2023-09-15,6785.47,6,0.0270,Ativo
502709,10197,109,4,2022-05-07,8490.51,24,0.0412,Ativo
502710,10234,110,3,2022-10-28,33894.64,24,0.0127,Ativo
502711,10271,111,4,2024-12-31,95657.57,60,0.0420,Em atraso
502712,10308,112,4,2021-08-28,43825.77,12,0.0277,Ativo
502713,10345,113,3,2022-10-29,46142.06,24,0.0241,Em atraso
502714,10382,114,3,2020-07-13,91073.81,6,0.0344,Ativo
502715,10419,115,3,2024-08-18,87913.04,24,0.0173,Ativo
502716,10456,116,4,2020-07-20,23843.42,60,0.0211,Ativo
502717,10493,117,3,2020-01-30,32637.96,24,0.0364,Em atraso
502718,10530,118,3,2024-02-04,17333.68,12,0.0351,Ativo
502719,10567,119,3,2024-08-23,67013.74,18,0.0198,Ativo
502720,10604,120,3,2023-11-19,105400.75,48,0.0154,Em atraso
502721,10641,101,3,2023-10-23,39514.90,24,0.0280,Ativo
502722,10678,102,3,2022-12-14,2864.11,36,0.0425,Quitado
502723,10715,103,4,2024-04-07,96699.30,18,0.0284,Ativo
502724,10752,104,3,2024-08-08,64471.91,12,0.0185,Quitado
502725,10789,105,4,2022-07-12,78962.09,12,0.0354,Ativo
502726,10826,106,3,2024-03-04,91291.19,48,0.0437,Quitado
502727,10863,107,3,2025-03-06,113378.53,48,0.0186,Quitado
502728,10900,108,3,2022-03-15,103038.53,48,0.0299,Em atraso
502729,10937,109,3,2025-09-14,111026.35,18,0.0171,Em atraso
502730,10974,110,4,2024-04-13,84616.68,18,0.0435,Ativo
502731,11011,111,3,2026-08-16,70928.16,36,0.0298,Ativo
502732,11048,112,4,2022-10-06,28872.97,18,0.0431,Quitado
502733,11085,113,4,2022-05-08,28504.67,36,0.0314,Quitado
502734,11122,114,4,2020-01-06,80344.95,6,0.0289,Ativo
502735,11159,115,4,2020-12-26,63179.21,24,0.0169,Ativo
502736,11196,116,3,2021-12-10,19509.00,60,0.0244,Em atraso
502737,11233,117,4,2024-01-17,95524.31,6,0.0229,Ativo
502738,11270,118,3,2023-01-04,93797.47,36,0.0139,Ativo
502739,11307,119,4,2024-10-01,67090.83,48,0.0093,Em atraso
502740,11344,120,4,2026-11-16,114400.02,60,0.0425,Ativo
502741,11381,101,4,2024-05-26,54810.39,36,0.0230,Ativo
502742,11418,102,3,2022-06-18,74614.73,60,0.0267,Quitado
502743,11455,103,4,2025-12-21,20611.60,36,0.0199,Ativo
502744,11492,104,4,2026-01-15,101264.71,24,0.0238,Ativo
502745,11529,105,4,2021-12-18,116640.90,24,0.0284,Ativo
502746,11566,106,4,2021-09-03,79445.69,36,0.0359,Ativo
502747,11603,107,4,2023-02-14,116228.36,6,0.0155,Quitado
502748,11640,108,4,2026-01-17,34620.32,6,0.0438,Quitado
502749,11677,109,3,2022-07-20,21489.37,18,0.0127,Ativo
502750,11714,110,3,2022-07-31,5824.78,18,0.0294,Ativo
502751,11751,111,4,2022-05-24,1202.57,36,0.0227,Quitado
502752,11788,112,3,2022-05-09,77503.30,12,0.0347,Ativo
502753,11825,113,4,2021-01-09,103354.88,48,0.0370,Quitado
502754,11862,114,3,2021-03-08,77236.29,12,0.0331,Ativo
502755,11899,115,4,2021-06-19,97494.08,18,0.0157,Ativo
502756,11936,116,4,2022-12-12,23377.54,18,0.0285,Ativo
502757,11973,117,4,2025-07-02,69779.66,6,0.0389,Em atraso
502758,12010,118,3,2020-12-12,56366.36,60,0.0359,Quitado
502759,12047,119,4,2021-08-29,43372.53,24,0.0432,Em atraso
502760,12084,120,3,2026-12-11,45230.04,24,0.0261,Ativo
502761,12121,101,3,2026-01-06,20554.20,36,0.0345,Ativo
502762,12158,102,4,2022-02-14,42542.43,18,0.0307,Ativo
502763,12195,103,4,2026-07-28,87716.13,12,0.0337,Ativo
502764,12232,104,4,2021-02-16,53854.16,18,0.0178,Em atraso
502765,12269,105,4,2026-08-04,16109.76,36,0.0342,Ativo
502766,12306,106,3,2021-12-26,116360.20,6,0.0315,Em atraso
502767,12343,107,4,2020-02-21,81997.98,60,0.0144,Em atraso
502768,12380,108,3,2022-06-07,45320.30,6,0.0142,Ativo
502769,12417,109,4,2021-10-12,99598.50,12,0.0221,Quitado
502770,12454,110,3,2026-01-24,21498.05,60,0.0309,Ativo
502771,12491,111,4,2022-02-09,115959.94,24,0.0427,Quitado
502772,12528,112,4,2026-05-05,9634.08,18,0.0182,Em atraso
502773,12565,113,3,2022-08-12,58661.06,18,0.0332,Ativo
502774,12602,114,3,2021-04-04,73719.04,24,0.0390,Ativo
502775,12639,115,3,2024-12-28,59973.94,24,0.0276,Em atraso
502776,12676,116,4,2022-04-11,114582.08,36,0.0431,Quitado
502777,12713,117,4,2020-01-04,116881.60,18,0.0146,Quitado
502778,12750,118,3,2022-11-24,84060.33,12,0.0280,Ativo
502779,12787,119,4,2022-06-05,37090.78,60,0.0329,Em atraso
502780,12824,120,4,2026-11-05,93765.04,60,0.0365,Em atraso
502781,12861,101,3,2025-08-13,55930.42,12,0.0299,Quitado
502782,12898,102,3,2020-10-14,104210.12,36,0.0282,Ativo
502783,12935,103,4,2023-12-21,39776.51,48,0.0152,Quitado
502784,12972,104,3,2023-02-08,99818.51,24,0.0250,Ativo
502785,13009,105,4,2022-01-27,100393.99,12,0.0375,Ativo
502786,13046,106,3,2020-02-11,19072.16,18,0.0241,Ativo
502787,13083,107,3,2021-05-15,119336.20,18,0.0095,Em atraso
502788,13120,108,4,2022-09-16,47821.14,48,0.0254,Ativo
502789,13157,109,3,2025-09-26,114292.59,18,0.0112,Ativo
502790,13194,110,3,2023-05-15,9517.64,36,0.0370,Em atraso
502791,13231,111,3,2025-03-22,77025.33,24,0.0285,Quitado
502792,13268,112,3,2020-01-08,66890.31,60,0.0357,Em atraso
502793,13305,113,3,2023-10-29,84285.34,48,0.0206,Quitado
502794,13342,114,3,2023-02-20,100324.70,60,0.0438,Ativo
502795,13379,115,3,2025-02-06,84848.56,48,0.0255,Em atraso
502796,13416,116,3,2020-02-21,36965.37,36,0.0385,Quitado
502797,13453,117,4,2024-01-01,104562.79,36,0.0241,Ativo
502798,13490,118,3,2026-11-20,102305.33,6,0.0110,Ativo
502799,13527,119,3,2020-02-14,94046.09,12,0.0254,Quitado
502800,13564,120,3,2021-11-28,114778.33,36,0.0143,Quitado
502801,13601,101,4,2020-05-29,101427.01,36,0.0403,Ativo
502802,13638,102,3,2022-08-22,67619.85,18,0.0102,Em atraso
502803,13675,103,4,2021-11-29,54267.51,6,0.0393,Ativo
502804,13712,104,3,2025-10-16,107012.08,18,0.0360,Ativo
502805,13749,105,3,2023-02-16,11559.15,18,0.0336,Ativo
502806,13786,106,4,2025-08-16,68278.87,24,0.0293,Ativo
502807,13823,107,3,2023-01-26,110433.06,36,0.0430,Ativo
502808,13860,108,4,2024-10-05,70646.05,36,0.0243,Quitado
502809,13897,109,4,2025-01-28,56974.52,48,0.0374,Quitado
502810,13934,110,3,2023-11-03,11832.74,18,0.0397,Em atraso
502811,13971,111,4,2022-01-07,63282.53,36,0.0179,Em atraso
502812,14008,112,4,2020-01-26,117489.47,60,0.0395,Em atraso
502813,14045,113,3,2025-05-10,45665.21,36,0.0260,Ativo
502814,14082,114,3,2025-07-25,89248.48,12,0.0396,Em atraso
502815,14119,115,3,2020-04-24,116611.54,48,0.0211,Quitado
502816,14156,116,3,2026-12-25,17902.04,18,0.0235,Quitado
502817,14193,117,3,2025-01-04,77930.10,6,0.0253,Em atraso
502818,14230,118,4,2026-10-26,69974.26,60,0.0377,Ativo
502819,14267,119,3,2020-05-23,55195.40,6,0.0392,Ativo
502820,14304,120,3,2021-06-14,31702.13,24,0.0430,Ativo
502821,14341,101,3,2023-04-04,40392.48,36,0.0412,Ativo
502822,14378,102,3,2024-09-22,62191.34,24,0.0136,Em atraso
502823,14415,103,4,2023-10-01,66400.40,6,0.0094,Em atraso
502824,14452,104,3,2023-09-14,110262.51,6,0.0192,Ativo
502825,14489,105,4,2021-02-13,29705.13,12,0.0174,Ativo
502826,14526,106,4,2020-11-06,1253.53,24,0.0285,Ativo
502827,14563,107,3,2022-07-25,111482.68,18,0.0104,Em atraso
502828,14600,108,4,2024-10-17,87793.51,36,0.0274,Quitado
502829,14637,109,3,2025-07-13,39942.87,48,0.0306,Ativo
502830,14674,110,4,2021-06-14,8314.13,18,0.0323,Quitado
502831,14711,111,4,2026-09-30,107574.54,48,0.0255,Em atraso
502832,14748,112,3,2022-02-01,28813.77,18,0.0138,Quitado
502833,14785,113,3,2025-11-08,103682.68,6,0.0251,Quitado
502834,14822,114,3,2020-09-07,72140.40,6,0.0310,Em atraso
502835,14859,115,4,2021-06-11,87358.26,24,0.0152,Quitado
502836,14896,116,3,2023-08-27,17808.42,48,0.0116,Quitado
502837,14933,117,4,2026-11-03,53771.24,24,0.0301,Ativo
502838,14970,118,3,2022-09-25,6115.51,60,0.0211,Ativo
502839,15007,119,3,2022-12-15,98427.44,48,0.0177,Ativo
502840,15044,120,3,2021-08-26,105074.77,6,0.0199,Ativo
502841,15081,101,4,2026-01-13,95780.01,36,0.0207,Quitado
502842,15118,102,3,2025-11-18,37427.99,24,0.0387,Ativo
502843,15155,103,3,2023-02-14,80335.83,24,0.0323,Quitado
502844,15192,104,4,2025-08-03,51755.54,48,0.0322,Ativo
502845,15229,105,3,2026-08-10,49147.85,18,0.0177,Ativo
502846,15266,106,4,2024-07-12,5448.66,18,0.0105,Ativo
502847,15303,107,3,2025-02-11,76333.64,24,0.0378,Em atraso
502848,15340,108,4,2022-07-30,64059.56,18,0.0409,Ativo
502849,15377,109,3,2022-08-22,113011.05,24,0.0400,Em atraso
502850,15414,110,4,2022-02-15,25295.14,6,0.0352,Ativo
502851,15451,111,3,2023-09-10,65791.39,24,0.0376,Em atraso
502852,15488,112,4,2025-06-24,17669.93,36,0.0190,Ativo
502853,15525,113,3,2026-10-30,62720.92,6,0.0165,Quitado
502854,15562,114,4,2020-01-25,117583.74,24,0.0112,Ativo
502855,15599,115,3,2020-11-14,12311.21,60,0.0292,Em atraso
502856,15636,116,3,2020-01-10,28339.80,24,0.0160,Ativo
502857,15673,117,3,2021-08-22,90048.90,6,0.0403,Quitado
502858,15710,118,4,2024-07-06,113368.95,36,0.0096,Quitado
502859,15747,119,3,2021-01-20,8525.71,60,0.0372,Ativo
502860,15784,120,3,2020-11-02,107675.50,60,0.0207,Em atraso
502861,15821,101,3,2022-11-24,74079.10,48,0.0224,Quitado
502862,15858,102,4,2022-02-26,72270.38,12,0.0292,Ativo
502863,15895,103,3,2026-08-02,41584.29,12,0.0341,Ativo
502864,15932,104,3,2026-06-07,94107.28,6,0.0104,Ativo
502865,15969,105,3,2024-10-19,19788.37,24,0.0380,Em atraso
502866,16006,106,3,2022-11-24,23787.24,12,0.0414,Quitado
502867,16043,107,4,2026-09-27,93326.92,48,0.0303,Ativo
502868,16080,108,3,2020-02-12,97047.53,6,0.0096,Ativo
502869,16117,109,4,2022-05-27,117313.93,36,0.0370,Em atraso
502870,16154,110,4,2022-07-03,102800.24,48,0.0116,Ativo
502871,16191,111,4,2022-02-26,99145.56,36,0.0169,Quitado
502872,16228,112,4,2023-11-06,26236.42,12,0.0212,Ativo
502873,16265,113,3,2020-06-29,64908.41,60,0.0368,Quitado
502874,16302,114,4,2025-03-04,8261.10,36,0.0364,Ativo
502875,16339,115,4,2021-09-17,3532.91,36,0.0422,Ativo
502876,16376,116,4,2023-01-11,110275.17,6,0.0373,Em atraso
502877,16413,117,4,2021-12-14,35582.43,36,0.0302,Quitado
502878,16450,118,3,2021-01-12,46069.45,60,0.0366,Ativo
502879,16487,119,3,2025-10-26,31318.78,18,0.0367,Quitado
502880,16524,120,3,2021-03-25,24346.72,60,0.0271,Em atraso
502881,16561,101,4,2023-07-06,74434.69,36,0.0250,Ativo
502882,16598,102,4,2023-08-10,67137.33,6,0.0215,Ativo
502883,16635,103,3,2024-03-06,103593.90,12,0.0165,Ativo
502884,16672,104,4,2021-11-09,78123.95,24,0.0398,Quitado
502885,16709,105,3,2025-12-22,68669.53,48,0.0433,Em atraso
502886,16746,106,4,2020-03-08,108641.13,48,0.0137,Ativo
502887,16783,107,4,2021-12-18,64321.25,48,0.0351,Quitado
502888,16820,108,3,2020-10-05,60865.34,60,0.0391,Em atraso
502889,16857,109,4,2023-11-17,52302.02,36,0.0436,Ativo
502890,16894,110,3,2024-02-24,1461.00,36,0.0202,Quitado
502891,16931,111,3,2024-06-03,3634.90,6,0.0237,Quitado
502892,16968,112,4,2023-10-07,27698.24,36,0.0281,Ativo
502893,17005,113,4,2023-07-21,12550.57,60,0.0117,Em atraso
502894,17042,114,4,2026-03-26,85807.89,24,0.0143,Ativo
502895,17079,115,3,2021-12-14,82826.31,18,0.0094,Quitado
502896,17116,116,4,2026-02-28,52089.52,18,0.0107,Ativo
502897,17153,117,4,2026-09-02,30916.93,18,0.0093,Quitado
502898,17190,118,3,2026-09-23,60037.92,18,0.0332,Ativo
502899,17227,119,4,2024-08-02,99018.22,18,0.0132,Quitado
502900,17264,120,4,2024-02-10,15503.80,48,0.0332,Ativo
502901,17301,101,4,2021-03-16,44953.84,12,0.0425,Ativo
502902,17338,102,3,2022-08-09,8654.36,18,0.0419,Quitado
502903,17375,103,3,2026-12-04,98525.89,60,0.0098,Ativo
502904,17412,104,4,2023-01-03,29249.15,6,0.0280,Quitado
502905,17449,105,3,2021-10-26,63720.09,6,0.0269,Quitado
502906,17486,106,4,2026-08-04,39497.11,36,0.0180,Em atraso
502907,17523,107,3,2022-07-05,15906.00,24,0.0219,Ativo
502908,17560,108,4,2021-10-04,60510.26,12,0.0166,Ativo
502909,17597,109,3,2026-09-20,3923.07,60,0.0277,Ativo
502910,17634,110,4,2020-03-08,77119.63,24,0.0123,Quitado
502911,17671,111,3,2025-08-13,4692.94,36,0.0326,Em atraso
502912,17708,112,3,2022-01-11,71569.20,18,0.0103,Ativo
502913,17745,113,4,2023-12-04,98748.87,60,0.0374,Ativo
502914,17782,114,3,2022-08-04,50353.38,48,0.0101,Ativo
502915,17819,115,3,2023-07-10,31822.66,24,0.0314,Em atraso
502916,17856,116,4,2020-05-23,77213.59,48,0.0255,Quitado
502917,17893,117,4,2025-12-19,94379.89,12,0.0268,Quitado
502918,17930,118,4,2023-08-16,117059.79,48,0.0141,Ativo
502919,17967,119,4,2020-02-29,44743.99,60,0.0182,Ativo
502920,18004,120,3,2025-06-10,1332.30,18,0.0405,Ativo
502921,18041,101,4,2021-01-26,90199.84,18,0.0255,Ativo
502922,18078,102,4,2025-07-06,93069.74,18,0.0325,Em atraso
502923,18115,103,3,2024-04-08,116217.45,18,0.0362,Quitado
502924,18152,104,3,2022-10-30,46698.65,60,0.0332,Ativo
502925,18189,105,3,2022-09-15,47686.38,60,0.0195,Ativo
502926,18226,106,4,2025-09-01,108310.44,12,0.0439,Em atraso
502927,18263,107,4,2023-12-02,90801.60,24,0.0232,Quitado
502928,18300,108,4,2021-03-30,30941.16,18,0.0299,Ativo
502929,18337,109,4,2021-08-22,109991.20,12,0.0180,Quitado
502930,18374,110,4,2024-05-19,110119.96,12,0.0417,Quitado
502931,18411,111,3,2024-07-10,42026.88,6,0.0412,Ativo
502932,18448,112,4,2025-04-29,68701.67,24,0.0245,Ativo
502933,18485,113,3,2022-05-23,66207.56,48,0.0437,Quitado
502934,18522,114,4,2022-06-16,117749.15,12,0.0215,Quitado
502935,18559,115,4,2024-04-09,112256.91,60,0.0091,Ativo
502936,18596,116,4,2026-07-12,100981.13,48,0.0141,Ativo
502937,18633,117,3,2024-02-15,102325.38,36,0.0110,Quitado
502938,18670,118,3,2022-10-12,38051.07,60,0.0125,Ativo
502939,18707,119,4,2024-12-27,92237.32,48,0.0248,Ativo
502940,18744,120,4,2025-11-25,56672.73,18,0.0106,Em atraso
502941,18781,101,4,2022-12-31,101873.85,48,0.0183,Quitado
502942,18818,102,4,2021-11-01,113357.99,18,0.0157,Em atraso
502943,18855,103,3,2022-06-14,49332.10,24,0.0145,Ativo
502944,18892,104,3,2025-10-26,51282.66,12,0.0278,Em atraso
502945,18929,105,3,2021-12-06,114251.46,60,0.0380,Ativo
502946,18966,106,3,2026-02-23,97545.81,60,0.0234,Em atraso
502947,19003,107,4,2025-02-14,100447.41,12,0.0415,Ativo
502948,19040,108,3,2025-08-23,27838.28,24,0.0100,Quitado
502949,19077,109,4,2026-10-28,86743.61,6,0.0208,Ativo
502950,19114,110,4,2023-09-05,16286.03,6,0.0139,Em atraso
502951,19151,111,4,2024-05-05,43642.90,18,0.0129,Ativo
502952,19188,112,4,2021-05-06,29983.84,48,0.0157,Ativo
502953,19225,113,4,2022-03-17,50227.70,48,0.0277,Ativo
502954,19262,114,4,2022-02-13,12485.18,18,0.0274,Em atraso
502955,19299,115,4,2020-12-09,38430.59,24,0.0099,Ativo
502956,19336,116,3,2023-01-08,36263.66,18,0.0283,Quitado
502957,19373,117,4,2024-04-25,44565.65,18,0.0406,Ativo
502958,19410,118,3,2021-03-10,109911.81,36,0.0429,Ativo
502959,19447,119,4,2024-04-18,73761.12,6,0.0162,Ativo
502960,19484,120,3,2020-05-21,69592.85,60,0.0221,Em atraso
502961,19521,101,4,2022-08-21,21684.05,36,0.0118,Ativo
502962,19558,102,4,2023-10-21,14010.92,48,0.0414,Quitado
502963,19595,103,4,2023-10-31,8697.64,48,0.0254,Ativo
502964,19632,104,3,2022-03-12,105915.54,18,0.0390,Quitado
502965,19669,105,4,2026-11-10,83341.69,18,0.0112,Em atraso
502966,19706,106,3,2023-03-23,20905.90,6,0.0091,Ativo
502967,19743,107,3,2023-12-12,66777.09,12,0.0365,Em atraso
502968,19780,108,4,2022-07-28,20050.52,18,0.0319,Ativo
502969,19817,109,3,2023-04-11,101584.65,24,0.0177,Ativo
502970,19854,110,4,2022-02-14,59588.01,12,0.0225,Ativo
502971,19891,111,3,2023-05-18,118059.10,36,0.0428,Em atraso
502972,19928,112,3,2020-05-01,44724.49,12,0.0334,Ativo
502973,19965,113,3,2022-08-13,30888.88,6,0.0184,Ativo
502974,20002,114,3,2020-08-05,80293.32,60,0.0289,Ativo
502975,20039,115,4,2023-01-06,9862.23,24,0.0146,Quitado
502976,20076,116,4,2021-03-09,76792.76,24,0.0205,Quitado
502977,20113,117,3,2024-05-02,78990.29,36,0.0315,Ativo
502978,20150,118,4,2022-02-09,4067.17,36,0.0227,Quitado
502979,20187,119,3,2020-02-24,113187.85,36,0.0147,Ativo
502980,20224,120,3,2022-12-03,91647.43,48,0.0358,Em atraso
502981,20261,101,3,2023-04-27,22402.30,12,0.0179,Ativo
502982,20298,102,4,2022-05-22,66516.12,48,0.0236,Ativo
502983,20335,103,4,2024-02-19,61831.47,60,0.0279,Ativo
502984,20372,104,4,2025-07-01,118813.13,36,0.0390,Em atraso
502985,20409,105,3,2024-01-10,46620.96,12,0.0307,Quitado
502986,20446,106,4,2023-03-26,8747.38,24,0.0293,Ativo
502987,20483,107,4,2023-07-15,87181.56,60,0.0288,Quitado
502988,20520,108,3,2024-02-03,16730.16,24,0.0145,Ativo
502989,20557,109,4,2020-02-03,17017.47,18,0.0436,Ativo
502990,20594,110,3,2022-04-11,90495.80,12,0.0153,Em atraso
502991,20631,111,3,2023-08-28,69705.85,24,0.0427,Quitado
502992,20668,112,3,2020-01-24,117725.28,18,0.0201,Em atraso
502993,20705,113,3,2023-05-04,36418.33,48,0.0171,Ativo
502994,20742,114,4,2020-09-11,117438.33,24,0.0152,Ativo
502995,20779,115,3,2021-07-21,115125.20,24,0.0256,Quitado
502996,20816,116,4,2021-11-24,6169.83,48,0.0365,Quitado
502997,20853,117,3,2023-04-04,28372.84,36,0.0295,Em atraso
502998,20890,118,4,2020-10-29,52695.90,6,0.0369,Ativo
502999,20927,119,4,2023-06-15,37274.92,24,0.0171,Quitado
503000,20964,120,3,2022-01-13,70825.49,36,0.0378,Ativo
503001,21001,101,3,2023-11-19,12108.24,60,0.0144,Quitado
503002,21038,102,3,2020-10-04,70522.97,6,0.0246,Ativo
503003,21075,103,4,2020-08-23,8653.56,12,0.0419,Quitado
503004,21112,104,3,2026-08-31,119377.46,24,0.0379,Em atraso
503005,21149,105,3,2025-02-27,117172.26,60,0.0185,Quitado
503006,21186,106,4,2026-10-26,52184.42,36,0.0424,Quitado
503007,21223,107,3,2021-10-01,117659.30,24,0.0395,Ativo
503008,21260,108,4,2026-06-23,53155.17,6,0.0429,Em atraso
503009,21297,109,3,2025-09-09,99763.22,6,0.0313,Em atraso
503010,21334,110,3,2021-01-17,71020.01,24,0.0127,Quitado
503011,21371,111,3,2022-07-05,22513.73,48,0.0329,Quitado
503012,21408,112,4,2020-04-15,103040.46,60,0.0144,Em atraso
503013,21445,113,3,2025-12-19,26747.56,60,0.0195,Ativo
503014,21482,114,3,2023-07-22,81696.35,60,0.0272,Quitado
503015,21519,115,4,2024-12-03,10873.18,18,0.0103,Ativo
503016,21556,116,3,2021-09-07,31563.32,60,0.0186,Ativo
503017,21593,117,3,2025-01-06,104364.97,36,0.0240,Quitado
503018,21630,118,3,2025-11-11,3646.36,24,0.0366,Ativo
503019,21667,119,3,2021-11-26,14127.58,36,0.0104,Ativo
503020,21704,120,3,2020-07-14,38185.08,18,0.0366,Em atraso
503021,21741,101,3,2024-06-26,8620.95,6,0.0406,Em atraso
503022,21778,102,3,2026-03-01,79696.20,36,0.0435,Ativo
503023,21815,103,3,2024-04-25,27386.77,60,0.0258,Ativo
503024,21852,104,3,2025-06-27,35769.08,24,0.0304,Ativo
503025,21889,105,4,2026-03-03,97366.88,6,0.0343,Quitado
503026,21926,106,4,2026-07-04,81879.72,48,0.0249,Quitado
503027,21963,107,4,2025-06-19,31154.32,60,0.0405,Ativo
503028,22000,108,4,2026-05-17,35238.94,6,0.0200,Ativo
503029,22037,109,3,2022-12-23,101067.60,18,0.0168,Ativo
503030,22074,110,3,2026-12-09,101440.44,24,0.0408,Em atraso
503031,22111,111,3,2022-01-19,9688.86,36,0.0252,Em atraso
503032,22148,112,4,2023-07-28,91424.20,18,0.0315,Quitado
503033,22185,113,4,2025-04-26,52256.51,6,0.0124,Em atraso
503034,22222,114,4,2023-07-30,67021.00,48,0.0389,Ativo
503035,22259,115,4,2021-07-06,66052.94,6,0.0315,Ativo
503036,22296,116,4,2026-04-13,48093.56,18,0.0208,Quitado
503037,22333,117,4,2024-12-16,2678.10,60,0.0177,Ativo
503038,22370,118,3,2024-08-13,14040.06,24,0.0206,Ativo
503039,22407,119,3,2021-11-07,38849.30,18,0.0339,Ativo
503040,22444,120,3,2026-10-10,34175.55,36,0.0186,Quitado
503041,22481,101,4,2022-04-18,75118.10,60,0.0244,Ativo
503042,22518,102,3,2021-04-14,34256.85,60,0.0422,Quitado
503043,22555,103,4,2026-11-11,48644.76,18,0.0114,Ativo
503044,22592,104,4,2020-07-19,45166.77,36,0.0409,Quitado
503045,22629,105,3,2026-01-15,16920.98,36,0.0355,Ativo
503046,22666,106,4,2025-09-18,24523.02,6,0.0175,Ativo
503047,22703,107,4,2026-10-31,70081.48,48,0.0211,Em atraso
503048,22740,108,3,2023-06-04,37727.59,18,0.0112,Ativo
503049,22777,109,4,2025-06-02,40195.08,24,0.0404,Em atraso
503050,22814,110,4,2021-10-11,67722.18,48,0.0213,Em atraso
503051,22851,111,4,2021-08-24,76675.87,24,0.0212,Quitado
503052,22888,112,4,2022-08-08,61465.32,18,0.0430,Quitado
503053,22925,113,4,2025-09-17,92705.18,6,0.0177,Ativo
503054,22962,114,4,2024-10-31,17896.79,60,0.0439,Quitado
503055,22999,115,3,2023-05-05,44304.85,18,0.0375,Ativo
503056,23036,116,4,2022-08-16,70904.95,6,0.0332,Ativo
503057,23073,117,4,2021-04-23,58452.55,60,0.0373,Ativo
503058,23110,118,3,2026-06-10,74562.64,24,0.0360,Em atraso
503059,23147,119,4,2024-02-11,51379.70,36,0.0424,Em atraso
503060,23184,120,3,2025-04-22,12647.31,12,0.0366,Ativo
503061,23221,101,4,2025-02-28,54942.58,48,0.0400,Ativo
503062,23258,102,3,2026-12-22,85210.82,60,0.0355,Quitado
503063,23295,103,4,2020-09-28,118707.40,60,0.0385,Quitado
503064,23332,104,4,2020-08-02,68714.82,24,0.0220,Quitado
503065,23369,105,4,2021-09-08,113139.80,24,0.0315,Ativo
503066,23406,106,3,2023-03-19,74997.12,36,0.0244,Em atraso
503067,23443,107,4,2025-06-17,27039.46,60,0.0298,Ativo
503068,23480,108,4,2023-04-19,104084.68,6,0.0227,Ativo
503069,23517,109,4,2025-02-06,73110.50,18,0.0239,Ativo
503070,23554,110,4,2020-11-03,99619.05,24,0.0418,Ativo
503071,23591,111,3,2021-04-03,64308.21,24,0.0218,Ativo
503072,23628,112,4,2022-12-05,103409.56,36,0.0196,Quitado
503073,23665,113,3,2026-03-14,52352.78,36,0.0417,Quitado
503074,23702,114,4,2022-11-25,16380.24,60,0.0285,Ativo
503075,23739,115,3,2022-08-16,84550.67,6,0.0145,Ativo
503076,23776,116,3,2021-04-06,49925.79,48,0.0091,Ativo
503077,23813,117,3,2023-07-26,58814.17,6,0.0149,Ativo
503078,23850,118,3,2022-03-02,6442.42,36,0.0313,Em atraso
503079,23887,119,3,2024-09-29,91519.87,24,0.0248,Em atraso
503080,23924,120,3,2024-12-31,79549.10,6,0.0126,Em atraso
503081,23961,101,3,2020-03-23,57596.65,48,0.0168,Quitado
503082,23998,102,4,2025-06-26,63264.87,36,0.0344,Ativo
503083,24035,103,4,2023-02-08,85983.67,12,0.0314,Em atraso
503084,24072,104,4,2021-04-14,77157.81,36,0.0263,Ativo
503085,24109,105,3,2020-09-22,15349.26,6,0.0397,Ativo
503086,24146,106,4,2026-01-06,113231.37,12,0.0114,Ativo
503087,24183,107,4,2026-07-19,9711.07,12,0.0184,Em atraso
503088,24220,108,3,2020-03-10,24063.52,36,0.0176,Ativo
503089,24257,109,3,2021-09-06,41348.21,6,0.0438,Ativo
503090,24294,110,3,2021-06-11,54464.63,18,0.0227,Em atraso
503091,24331,111,4,2021-10-12,24146.08,24,0.0125,Ativo
503092,24368,112,3,2024-02-18,25669.33,6,0.0371,Em atraso
503093,24405,113,3,2023-09-18,30264.38,48,0.0349,Quitado
503094,24442,114,4,2022-02-07,70828.31,6,0.0096,Ativo
503095,24479,115,3,2022-04-14,52769.02,48,0.0436,Quitado
503096,24516,116,3,2022-03-26,19315.51,18,0.0265,Ativo
503097,24553,117,4,2022-11-10,115618.47,12,0.0304,Ativo
503098,24590,118,4,2021-01-21,31116.38,12,0.0187,Ativo
503099,24627,119,3,2026-09-15,15145.34,36,0.0291,Ativo
503100,24664,120,3,2023-08-03,114312.76,18,0.0225,Ativo
503101,24701,101,4,2023-06-02,29923.55,24,0.0189,Quitado
503102,24738,102,4,2024-02-06,115430.16,6,0.0179,Ativo
503103,24775,103,4,2026-08-29,38661.99,18,0.0355,Ativo
503104,24812,104,4,2024-07-10,17162.87,6,0.0218,Em atraso
503105,24849,105,4,2023-03-18,108515.12,18,0.0178,Quitado
503106,24886,106,4,2020-09-19,50742.71,36,0.0377,Quitado
503107,24923,107,3,2021-12-14,52951.20,6,0.0102,Ativo
503108,24960,108,4,2021-09-29,40966.92,36,0.0317,Quitado
503109,24997,109,3,2020-04-22,10068.73,6,0.0202,Em atraso
503110,25034,110,3,2021-12-14,49650.83,48,0.0437,Ativo
503111,25071,111,3,2022-04-16,76001.83,12,0.0301,Em atraso
503112,25108,112,4,2022-06-11,10021.01,36,0.0269,Quitado
503113,25145,113,3,2020-03-02,32805.02,12,0.0388,Ativo
503114,25182,114,3,2025-04-01,1314.47,60,0.0304,Em atraso
503115,25219,115,4,2021-05-20,1958.19,6,0.0199,Em atraso
503116,25256,116,3,2023-05-03,105599.46,12,0.0223,Quitado
503117,25293,117,4,2022-03-28,28382.31,6,0.0402,Em atraso
503118,25330,118,4,2025-03-11,8583.71,12,0.0200,Quitado
503119,25367,119,3,2020-07-05,80606.41,12,0.0228,Ativo
503120,25404,120,4,2021-08-25,82925.48,24,0.0164,Em atraso
503121,25441,101,4,2020-12-19,78476.69,36,0.0104,Ativo
503122,25478,102,3,2021-03-21,10313.23,60,0.0382,Ativo
503123,25515,103,3,2024-07-01,65548.18,36,0.0104,Ativo
503124,25552,104,4,2023-01-13,72329.42,6,0.0159,Ativo
503125,25589,105,4,2021-04-10,78049.60,36,0.0159,Quitado
503126,25626,106,3,2022-03-31,35864.20,60,0.0303,Quitado
503127,25663,107,3,2024-03-06,6062.18,60,0.0359,Ativo
503128,25700,108,4,2025-05-30,108594.44,36,0.0364,Quitado
503129,25737,109,3,2026-06-13,10302.88,12,0.0116,Ativo
503130,25774,110,4,2020-03-30,20793.82,18,0.0334,Ativo
503131,25811,111,4,2021-03-25,64652.82,36,0.0299,Ativo
503132,25848,112,4,2020-10-09,54489.71,6,0.0434,Em atraso
503133,25885,113,3,2026-06-27,80321.36,6,0.0278,Quitado
503134,25922,114,3,2023-10-01,16732.19,60,0.0095,Ativo
503135,25959,115,4,2025-07-03,74286.63,36,0.0114,Em atraso
503136,25996,116,3,2021-11-25,37491.14,60,0.0100,Quitado
503137,26033,117,4,2021-11-16,112402.97,60,0.0362,Ativo
503138,26070,118,3,2025-04-23,81446.81,24,0.0398,Em atraso
503139,26107,119,3,2024-10-04,25316.06,36,0.0101,Ativo
503140,26144,120,4,2023-01-18,90689.58,36,0.0200,Em atraso
503141,26181,101,3,2026-10-13,115076.26,60,0.0177,Ativo
503142,26218,102,4,2021-11-13,87094.54,36,0.0391,Em atraso
503143,26255,103,3,2024-11-05,54090.81,24,0.0190,Em atraso
503144,26292,104,3,2020-07-11,68886.49,36,0.0323,Ativo
503145,26329,105,4,2023-09-28,109805.54,12,0.0257,Ativo
503146,26366,106,4,2025-01-30,41661.01,18,0.0426,Em atraso
503147,26403,107,3,2020-04-30,52256.67,18,0.0093,Ativo
503148,26440,108,3,2023-04-01,77877.18,48,0.0409,Ativo
503149,26477,109,4,2023-09-14,56383.41,24,0.0313,Em atraso
503150,26514,110,4,2026-08-04,90587.62,24,0.0120,Ativo
503151,26551,111,3,2021-07-15,86741.84,12,0.0439,Ativo
503152,26588,112,4,2025-03-21,107921.49,48,0.0360,Em atraso
503153,26625,113,4,2021-08-03,113010.86,60,0.0423,Em atraso
503154,26662,114,4,2023-03-19,79585.97,36,0.0390,Em atraso
503155,26699,115,3,2026-01-21,83430.73,48,0.0350,Em atraso
503156,26736,116,3,2023-12-12,61402.00,36,0.0113,Em atraso
503157,26773,117,3,2022-03-29,41064.85,24,0.0413,Ativo
503158,26810,118,3,2025-01-25,106639.80,6,0.0335,Ativo
503159,26847,119,4,2025-09-05,83525.36,18,0.0192,Ativo
503160,26884,120,3,2021-10-12,55669.76,12,0.0166,Quitado
503161,26921,101,3,2024-10-25,15553.36,60,0.0212,Ativo
503162,26958,102,4,2025-08-30,40194.48,6,0.0186,Em atraso
503163,26995,103,4,2020-10-01,1594.11,18,0.0419,Ativo
503164,27032,104,4,2024-03-22,49077.43,18,0.0119,Ativo
503165,27069,105,3,2021-08-25,104258.03,48,0.0151,Ativo
503166,27106,106,3,2024-11-23,26533.92,36,0.0161,Em atraso
503167,27143,107,3,2020-12-25,75308.10,24,0.0344,Em atraso
503168,27180,108,3,2021-02-26,99200.04,36,0.0125,Em atraso
503169,27217,109,4,2025-06-30,81564.17,6,0.0138,Quitado
503170,27254,110,3,2021-01-03,82345.07,6,0.0133,Em atraso
503171,27291,111,4,2025-09-15,102864.98,18,0.0348,Ativo
503172,27328,112,3,2020-12-27,63243.18,18,0.0342,Quitado
503173,27365,113,4,2020-04-09,52978.37,6,0.0176,Ativo
503174,27402,114,4,2020-06-15,81469.84,24,0.0101,Ativo
503175,27439,115,3,2025-07-18,86100.31,48,0.0176,Quitado
503176,27476,116,4,2025-10-11,49638.70,6,0.0157,Em atraso
503177,27513,117,3,2024-03-08,105333.57,6,0.0105,Ativo
503178,27550,118,3,2023-10-01,16844.54,18,0.0430,Ativo
503179,27587,119,4,2025-07-17,18286.34,36,0.0310,Quitado
503180,27624,120,3,2024-04-08,73827.88,48,0.0307,Ativo
503181,27661,101,4,2020-05-01,53681.67,36,0.0341,Ativo
503182,27698,102,3,2022-03-15,61626.88,6,0.0439,Em atraso
503183,27735,103,3,2026-09-13,6618.34,18,0.0135,Em atraso
503184,27772,104,4,2023-11-13,108232.20,60,0.0219,Em atraso
503185,27809,105,3,2020-09-22,117873.56,24,0.0434,Quitado
503186,27846,106,4,2026-08-18,72510.39,18,0.0258,Em atraso
503187,27883,107,4,2021-12-30,15388.46,18,0.0234,Quitado
503188,27920,108,4,2023-07-21,50411.49,36,0.0353,Ativo
503189,27957,109,4,2025-10-02,29826.71,60,0.0379,Ativo
503190,27994,110,4,2022-12-29,82226.38,48,0.0340,Ativo
503191,28031,111,3,2020-10-18,62847.05,18,0.0416,Em atraso
503192,28068,112,4,2025-09-26,85409.64,60,0.0108,Quitado
503193,28105,113,4,2026-01-29,22480.28,60,0.0091,Ativo
503194,28142,114,3,2022-12-14,115233.39,48,0.0382,Quitado
503195,28179,115,4,2024-09-27,38751.45,36,0.0134,Ativo
503196,28216,116,4,2024-01-25,14287.84,12,0.0386,Em atraso
503197,28253,117,3,2025-12-25,11437.66,12,0.0234,Ativo
503198,28290,118,3,2020-05-26,40594.15,36,0.0108,Ativo
503199,28327,119,3,2025-01-13,94602.37,12,0.0234,Ativo
503200,28364,120,4,2023-02-15,47845.23,48,0.0315,Quitado
503201,28401,101,3,2025-02-16,63296.58,12,0.0166,Ativo
503202,28438,102,3,2021-11-18,57040.04,12,0.0157,Ativo
503203,28475,103,4,2021-03-16,59567.70,6,0.0435,Ativo
503204,28512,104,3,2020-02-14,90527.15,36,0.0382,Em atraso
503205,28549,105,4,2021-10-15,8666.65,12,0.0386,Ativo
503206,28586,106,4,2025-01-03,25223.02,12,0.0285,Ativo
503207,28623,107,3,2026-04-08,24093.80,12,0.0254,Em atraso
503208,28660,108,3,2025-06-25,13520.80,12,0.0426,Ativo
503209,28697,109,4,2023-06-26,103874.47,36,0.0351,Ativo
503210,28734,110,3,2021-10-04,27155.09,18,0.0125,Em atraso
503211,28771,111,3,2023-05-15,68204.41,60,0.0202,Ativo
503212,28808,112,4,2024-05-26,84038.48,48,0.0190,Ativo
503213,28845,113,4,2023-01-29,4356.20,24,0.0433,Ativo
503214,28882,114,4,2026-09-29,10835.28,12,0.0406,Em atraso
503215,28919,115,4,2020-10-25,86486.88,6,0.0124,Ativo
503216,28956,116,4,2026-04-22,3788.28,36,0.0330,Em atraso
503217,28993,117,3,2024-04-20,95737.64,60,0.0316,Quitado
503218,29030,118,3,2025-06-02,67064.04,60,0.0428,Em atraso
503219,29067,119,4,2023-08-06,66766.09,18,0.0269,Quitado
503220,29104,120,4,2020-04-15,7632.28,60,0.0386,Ativo
503221,29141,101,3,2025-09-18,65601.80,48,0.0115,Em atraso
503222,29178,102,3,2024-03-09,29445.23,60,0.0203,Quitado
503223,29215,103,3,2026-04-13,108465.71,12,0.0196,Ativo
503224,29252,104,3,2025-06-10,95432.25,12,0.0365,Em atraso
503225,29289,105,3,2026-02-07,70943.99,6,0.0391,Ativo
503226,29326,106,4,2020-07-02,63575.60,60,0.0251,Quitado
503227,29363,107,4,2020-06-05,61657.06,12,0.0414,Quitado
503228,29400,108,3,2026-03-03,15082.86,36,0.0325,Quitado
503229,29437,109,3,2023-04-28,98314.36,6,0.0344,Ativo
503230,29474,110,4,2025-11-10,103421.67,6,0.0105,Em atraso
503231,29511,111,4,2023-05-11,95795.43,18,0.0107,Em atraso
503232,29548,112,3,2023-05-26,115732.38,18,0.0428,Quitado
503233,29585,113,4,2020-07-28,15648.05,18,0.0142,Ativo
503234,29622,114,3,2022-10-04,38884.25,12,0.0430,Ativo
503235,29659,115,4,2023-06-01,56143.93,36,0.0392,Ativo
503236,29696,116,4,2026-10-03,96190.88,36,0.0395,Em atraso
503237,29733,117,4,2026-02-07,77782.70,18,0.0384,Ativo
503238,29770,118,3,2023-07-28,59550.37,36,0.0345,Ativo
503239,29807,119,4,2023-08-23,106884.76,24,0.0160,Ativo
503240,29844,120,3,2022-08-30,51525.96,18,0.0124,Quitado
503241,29881,101,4,2025-05-19,100663.57,60,0.0099,Ativo
503242,29918,102,4,2021-05-18,83632.71,6,0.0108,Em atraso
503243,29955,103,4,2022-11-28,42918.12,18,0.0259,Ativo
503244,29992,104,3,2023-05-20,9845.90,6,0.0418,Ativo
503245,10029,105,4,2023-08-28,41236.09,48,0.0276,Ativo
503246,10066,106,4,2021-09-17,57096.61,24,0.0410,Em atraso
503247,10103,107,4,2025-06-15,7348.45,60,0.0248,Ativo
503248,10140,108,3,2022-01-01,101270.41,6,0.0320,Em atraso
503249,10177,109,4,2025-12-30,79025.96,36,0.0332,Ativo
503250,10214,110,3,2022-04-12,51974.44,36,0.0380,Quitado
503251,10251,111,3,2022-11-22,115658.35,60,0.0352,Ativo
503252,10288,112,4,2021-05-03,50088.81,6,0.0157,Quitado
503253,10325,113,3,2024-10-07,80406.72,6,0.0116,Ativo
503254,10362,114,3,2024-07-26,44867.65,36,0.0246,Em atraso
503255,10399,115,4,2025-08-22,57569.83,36,0.0184,Ativo
503256,10436,116,4,2024-10-16,13105.75,36,0.0149,Quitado
503257,10473,117,3,2022-07-01,111554.83,24,0.0436,Em atraso
503258,10510,118,3,2021-06-11,89636.14,24,0.0255,Quitado
503259,10547,119,4,2024-10-13,104593.17,36,0.0216,Ativo
503260,10584,120,4,2024-02-27,27174.40,18,0.0167,Quitado
503261,10621,101,4,2020-04-02,96092.22,36,0.0387,Ativo
503262,10658,102,3,2023-08-21,51275.26,36,0.0410,Em atraso
503263,10695,103,4,2024-05-22,72263.26,24,0.0377,Quitado
503264,10732,104,4,2026-04-27,88917.14,24,0.0312,Quitado
503265,10769,105,4,2020-05-18,45416.43,48,0.0200,Em atraso
503266,10806,106,4,2020-03-19,90980.24,18,0.0303,Ativo
503267,10843,107,4,2025-03-31,45063.40,36,0.0335,Ativo
503268,10880,108,3,2020-12-14,33633.80,60,0.0195,Quitado
503269,10917,109,4,2022-09-28,28718.14,36,0.0183,Ativo
503270,10954,110,3,2026-12-09,117398.18,60,0.0123,Ativo
503271,10991,111,3,2023-01-18,8036.66,12,0.0416,Ativo
503272,11028,112,3,2022-02-05,46397.34,18,0.0431,Ativo
503273,11065,113,3,2021-05-14,1686.24,6,0.0293,Quitado
503274,11102,114,3,2026-08-12,108067.44,12,0.0360,Ativo
503275,11139,115,4,2021-01-04,51084.68,6,0.0356,Ativo
503276,11176,116,4,2022-09-19,20337.04,6,0.0390,Em atraso
503277,11213,117,4,2022-07-08,88900.45,6,0.0341,Quitado
503278,11250,118,3,2025-04-30,111044.65,18,0.0226,Ativo
503279,11287,119,4,2021-12-06,74954.02,60,0.0439,Em atraso
503280,11324,120,4,2023-03-04,23109.23,18,0.0255,Ativo
503281,11361,101,3,2021-03-29,10911.37,36,0.0136,Quitado
503282,11398,102,4,2021-08-29,45719.15,6,0.0382,Em atraso
503283,11435,103,4,2020-09-04,69909.97,36,0.0119,Ativo
503284,11472,104,3,2021-08-20,86555.48,24,0.0399,Ativo
503285,11509,105,4,2020-04-22,36008.07,18,0.0263,Em atraso
503286,11546,106,3,2021-10-22,16814.92,6,0.0179,Ativo
503287,11583,107,3,2025-02-15,15097.88,48,0.0421,Quitado
503288,11620,108,4,2022-06-12,33548.31,6,0.0159,Em atraso
503289,11657,109,4,2021-08-19,5673.16,24,0.0337,Em atraso
503290,11694,110,3,2023-09-01,70580.05,24,0.0248,Em atraso
503291,11731,111,3,2021-07-13,112592.00,6,0.0337,Ativo
503292,11768,112,4,2020-05-26,56024.37,18,0.0227,Em atraso
503293,11805,113,3,2025-02-05,3725.35,18,0.0352,Ativo
503294,11842,114,3,2025-11-02,107163.71,12,0.0315,Ativo
503295,11879,115,4,2024-04-28,47131.82,60,0.0144,Quitado
503296,11916,116,4,2023-12-25,21205.19,18,0.0250,Quitado
503297,11953,117,4,2020-11-05,51149.58,48,0.0210,Em atraso
503298,11990,118,3,2026-07-28,68180.55,18,0.0261,Ativo
503299,12027,119,4,2021-05-13,8545.84,24,0.0120,Em atraso
503300,12064,120,3,2026-07-10,5005.33,6,0.0384,Ativo
503301,12101,101,4,2023-12-21,16614.55,18,0.0234,Ativo
503302,12138,102,4,2026-08-27,42462.73,36,0.0247,Ativo
503303,12175,103,4,2024-08-13,25862.98,48,0.0230,Ativo
503304,12212,104,4,2023-04-26,29628.11,60,0.0167,Em atraso
503305,12249,105,3,2025-09-04,99677.82,24,0.0213,Quitado
503306,12286,106,4,2022-03-27,51999.31,18,0.0253,Ativo
503307,12323,107,4,2023-04-10,112111.34,48,0.0108,Ativo
503308,12360,108,4,2025-08-25,76348.82,48,0.0290,Ativo
503309,12397,109,3,2021-11-16,101678.37,24,0.0138,Ativo
503310,12434,110,4,2022-07-30,113063.21,6,0.0417,Em atraso
503311,12471,111,4,2021-04-24,29804.57,12,0.0366,Ativo
503312,12508,112,3,2022-10-13,16485.42,6,0.0289,Ativo
503313,12545,113,3,2021-03-15,102316.72,24,0.0168,Em atraso
503314,12582,114,3,2022-10-06,96525.70,6,0.0439,Em atraso
503315,12619,115,4,2026-06-25,105115.67,6,0.0344,Ativo
503316,12656,116,4,2024-11-12,55556.71,60,0.0182,Ativo
503317,12693,117,3,2025-06-23,42922.45,60,0.0176,Em atraso
503318,12730,118,4,2022-04-29,101358.33,60,0.0148,Em atraso
503319,12767,119,4,2025-09-29,115738.34,48,0.0336,Em atraso
503320,12804,120,4,2025-10-20,24628.08,24,0.0134,Em atraso
503321,12841,101,4,2024-08-12,1409.33,48,0.0293,Em atraso
503322,12878,102,4,2026-10-24,32322.38,18,0.0169,Quitado
503323,12915,103,4,2024-02-23,60435.79,36,0.0258,Quitado
503324,12952,104,4,2026-01-08,17844.69,6,0.0211,Ativo
503325,12989,105,3,2026-12-14,87917.85,48,0.0319,Ativo
503326,13026,106,4,2025-04-26,47845.81,60,0.0254,Ativo
503327,13063,107,3,2021-02-08,73277.09,36,0.0345,Quitado
503328,13100,108,4,2024-03-21,115152.18,60,0.0263,Ativo
503329,13137,109,4,2020-01-13,80145.34,6,0.0132,Ativo
503330,13174,110,3,2020-11-28,93087.73,60,0.0178,Quitado
503331,13211,111,4,2022-03-06,77560.98,60,0.0389,Em atraso
503332,13248,112,4,2020-01-10,23204.86,6,0.0250,Quitado
503333,13285,113,3,2022-10-23,107363.54,24,0.0374,Quitado
503334,13322,114,4,2023-01-05,65190.33,12,0.0384,Ativo
503335,13359,115,4,2023-03-24,12427.20,18,0.0300,Em atraso
503336,13396,116,4,2020-08-07,62461.43,18,0.0336,Quitado
503337,13433,117,3,2026-04-20,3123.66,12,0.0277,Ativo
503338,13470,118,3,2022-10-02,15718.35,48,0.0295,Quitado
503339,13507,119,3,2023-01-17,37155.31,24,0.0266,Ativo
503340,13544,120,3,2023-03-06,49468.16,48,0.0393,Ativo
503341,13581,101,4,2025-09-07,63648.97,12,0.0316,Ativo
503342,13618,102,4,2021-03-11,33286.06,48,0.0233,Em atraso
503343,13655,103,3,2022-06-01,118151.07,6,0.0136,Quitado
503344,13692,104,4,2022-07-19,1329.63,6,0.0310,Ativo
503345,13729,105,4,2024-10-23,117914.86,6,0.0254,Ativo
503346,13766,106,3,2026-07-16,44371.63,24,0.0294,Ativo
503347,13803,107,4,2023-08-05,69620.18,12,0.0139,Em atraso
503348,13840,108,4,2022-06-20,44366.90,18,0.0413,Em atraso
503349,13877,109,3,2020-03-06,3416.46,48,0.0263,Quitado
503350,13914,110,4,2020-04-14,8319.18,6,0.0390,Ativo
503351,13951,111,3,2023-04-03,47929.68,6,0.0145,Ativo
503352,13988,112,4,2023-01-07,2963.23,12,0.0247,Quitado
503353,14025,113,3,2020-04-26,19623.69,60,0.0242,Ativo
503354,14062,114,4,2025-04-07,30528.16,24,0.0394,Ativo
503355,14099,115,3,2026-11-06,71656.75,6,0.0251,Ativo
503356,14136,116,3,2025-11-22,96597.28,12,0.0261,Ativo
503357,14173,117,4,2023-08-24,50123.81,36,0.0105,Em atraso
503358,14210,118,3,2023-09-08,36830.35,6,0.0395,Quitado
503359,14247,119,4,2021-06-04,114325.06,18,0.0256,Em atraso
503360,14284,120,4,2022-08-18,8063.79,36,0.0112,Quitado
503361,14321,101,3,2024-09-26,90451.57,24,0.0361,Ativo
503362,14358,102,3,2026-01-18,80054.30,24,0.0365,Ativo
503363,14395,103,3,2025-11-05,55828.54,12,0.0121,Ativo
503364,14432,104,3,2021-10-08,11881.83,60,0.0220,Quitado
503365,14469,105,4,2021-01-11,39606.72,48,0.0181,Em atraso
503366,14506,106,4,2025-01-21,88777.24,36,0.0287,Quitado
503367,14543,107,4,2022-07-05,87542.78,24,0.0360,Quitado
503368,14580,108,4,2023-12-22,116890.46,12,0.0283,Quitado
503369,14617,109,4,2026-12-24,64259.13,60,0.0292,Quitado
503370,14654,110,4,2023-06-06,10264.62,6,0.0382,Em atraso
503371,14691,111,4,2022-06-05,24123.83,12,0.0270,Quitado
503372,14728,112,4,2022-01-18,79031.97,36,0.0359,Quitado
503373,14765,113,4,2025-08-27,107641.33,6,0.0210,Ativo
503374,14802,114,4,2023-08-26,109596.99,6,0.0413,Em atraso
503375,14839,115,3,2025-10-22,20994.49,18,0.0291,Ativo
503376,14876,116,3,2025-12-07,46322.54,6,0.0298,Ativo
503377,14913,117,4,2025-09-29,90128.64,24,0.0309,Em atraso
503378,14950,118,3,2021-09-08,115984.48,36,0.0127,Ativo
503379,14987,119,3,2025-01-17,79518.22,6,0.0101,Ativo
503380,15024,120,3,2021-08-14,51010.49,12,0.0338,Quitado
503381,15061,101,3,2021-01-18,87506.71,60,0.0318,Em atraso
503382,15098,102,3,2025-08-11,72268.74,12,0.0176,Ativo
503383,15135,103,4,2022-02-26,5860.38,18,0.0150,Ativo
503384,15172,104,4,2024-12-28,14921.94,48,0.0410,Ativo
503385,15209,105,3,2020-05-07,10926.59,24,0.0208,Ativo
503386,15246,106,4,2022-03-02,31612.43,48,0.0338,Quitado
503387,15283,107,3,2025-08-13,61537.12,36,0.0323,Em atraso
503388,15320,108,4,2020-08-20,29994.04,18,0.0255,Quitado
503389,15357,109,3,2021-10-04,97547.35,18,0.0312,Ativo
503390,15394,110,4,2024-04-17,29376.13,18,0.0294,Ativo
503391,15431,111,4,2026-09-21,44651.69,48,0.0288,Ativo
503392,15468,112,4,2023-07-19,80995.67,6,0.0342,Em atraso
503393,15505,113,3,2022-07-06,69866.12,18,0.0331,Quitado
503394,15542,114,3,2024-07-26,92182.80,12,0.0172,Ativo
503395,15579,115,4,2025-04-14,14818.25,24,0.0134,Ativo
503396,15616,116,3,2025-10-24,43435.63,6,0.0106,Ativo
503397,15653,117,4,2022-02-25,57735.68,24,0.0366,Ativo
503398,15690,118,3,2022-08-01,46169.77,12,0.0146,Em atraso
503399,15727,119,3,2020-11-03,43773.22,6,0.0233,Ativo
503400,15764,120,3,2024-03-19,75658.37,6,0.0138,Ativo
503401,15801,101,4,2026-03-15,70069.56,60,0.0149,Em atraso
503402,15838,102,4,2021-04-10,76428.15,24,0.0148,Quitado
503403,15875,103,3,2025-04-05,62674.11,18,0.0346,Em atraso
503404,15912,104,3,2023-10-04,96127.16,18,0.0286,Quitado
503405,15949,105,3,2022-03-30,39234.57,12,0.0292,Em atraso
503406,15986,106,4,2020-03-09,14629.80,24,0.0381,Ativo
503407,16023,107,4,2026-10-22,44085.83,48,0.0413,Ativo
503408,16060,108,3,2024-02-27,11894.81,24,0.0317,Ativo
503409,16097,109,4,2026-06-07,81130.92,60,0.0336,Quitado
503410,16134,110,3,2026-08-29,91841.78,12,0.0204,Ativo
503411,16171,111,4,2024-08-19,42654.53,18,0.0216,Em atraso
503412,16208,112,3,2024-04-04,103261.87,60,0.0337,Em atraso
503413,16245,113,3,2025-06-28,18959.79,36,0.0222,Em atraso
503414,16282,114,3,2021-12-20,62528.31,60,0.0267,Ativo
503415,16319,115,4,2021-09-14,94468.92,36,0.0392,Quitado
503416,16356,116,3,2023-05-20,17622.35,6,0.0274,Em atraso
503417,16393,117,4,2024-01-27,74678.39,18,0.0302,Em atraso
503418,16430,118,4,2022-05-26,31740.23,24,0.0204,Ativo
503419,16467,119,3,2025-03-04,94109.12,60,0.0219,Ativo
503420,16504,120,3,2026-08-15,61496.89,48,0.0160,Ativo
503421,16541,101,4,2022-08-16,110142.56,12,0.0234,Ativo
503422,16578,102,4,2025-04-02,10491.92,24,0.0297,Em atraso
503423,16615,103,3,2026-03-11,6382.97,6,0.0243,Ativo
503424,16652,104,3,2026-01-24,30753.49,12,0.0188,Quitado
503425,16689,105,3,2023-08-28,35936.83,60,0.0263,Quitado
503426,16726,106,4,2021-10-16,103325.79,60,0.0435,Em atraso
503427,16763,107,4,2022-02-24,55749.83,12,0.0282,Em atraso
503428,16800,108,4,2020-12-20,101015.70,18,0.0162,Ativo
503429,16837,109,4,2024-06-12,78892.03,12,0.0332,Ativo
503430,16874,110,3,2021-02-17,19064.21,12,0.0241,Em atraso
503431,16911,111,3,2025-05-10,60431.98,18,0.0176,Em atraso
503432,16948,112,3,2020-11-08,89258.33,60,0.0120,Em atraso
503433,16985,113,4,2024-03-17,75290.31,48,0.0179,Ativo
503434,17022,114,3,2022-01-20,46748.98,60,0.0361,Quitado
503435,17059,115,3,2023-02-25,53213.38,24,0.0109,Ativo
503436,17096,116,4,2024-07-20,61590.65,18,0.0359,Ativo
503437,17133,117,4,2024-08-27,50757.78,18,0.0423,Ativo
503438,17170,118,3,2023-10-12,45768.27,12,0.0351,Quitado
503439,17207,119,4,2022-06-26,46926.04,36,0.0171,Em atraso
503440,17244,120,3,2024-03-07,26227.10,60,0.0169,Ativo
503441,17281,101,4,2024-01-19,63844.54,48,0.0426,Em atraso
503442,17318,102,4,2026-08-26,20171.08,48,0.0183,Em atraso
503443,17355,103,3,2024-11-18,15623.82,24,0.0208,Quitado
503444,17392,104,3,2020-01-26,20645.47,18,0.0183,Ativo
503445,17429,105,3,2025-08-24,27292.30,24,0.0296,Em atraso
503446,17466,106,3,2022-10-12,16169.18,48,0.0108,Ativo
503447,17503,107,3,2022-11-26,91443.77,6,0.0299,Em atraso
503448,17540,108,4,2025-08-04,116932.64,12,0.0275,Quitado
503449,17577,109,4,2025-08-09,101989.43,24,0.0373,Quitado
503450,17614,110,4,2025-08-09,56826.60,36,0.0281,Ativo
503451,17651,111,3,2024-12-26,25154.98,36,0.0123,Ativo
503452,17688,112,3,2026-12-22,107317.74,48,0.0382,Ativo
503453,17725,113,4,2022-04-30,116613.54,48,0.0298,Quitado
503454,17762,114,3,2026-06-01,113936.52,36,0.0134,Ativo
503455,17799,115,3,2024-10-11,52394.86,18,0.0356,Ativo
503456,17836,116,4,2024-01-11,59892.91,60,0.0370,Em atraso
503457,17873,117,3,2026-03-23,35961.57,60,0.0116,Ativo
503458,17910,118,4,2024-10-16,117085.79,18,0.0327,Ativo
503459,17947,119,3,2026-11-09,71593.02,24,0.0159,Quitado
503460,17984,120,3,2025-10-17,78521.43,18,0.0374,Ativo
503461,18021,101,3,2020-12-08,49967.36,18,0.0266,Em atraso
503462,18058,102,3,2020-12-30,118906.84,24,0.0238,Em atraso
503463,18095,103,3,2023-12-06,108582.55,18,0.0189,Em atraso
503464,18132,104,3,2022-03-03,99933.49,48,0.0184,Ativo
503465,18169,105,4,2022-12-27,45406.73,6,0.0101,Quitado
503466,18206,106,4,2026-04-12,21517.15,60,0.0132,Quitado
503467,18243,107,3,2023-06-13,44898.88,24,0.0309,Quitado
503468,18280,108,3,2022-06-07,85009.35,48,0.0151,Quitado
503469,18317,109,3,2022-11-09,7290.06,6,0.0200,Ativo
503470,18354,110,3,2021-03-01,54146.20,12,0.0273,Ativo
503471,18391,111,4,2025-08-26,37766.12,12,0.0372,Ativo
503472,18428,112,4,2020-09-23,9250.07,60,0.0096,Ativo
503473,18465,113,4,2024-07-09,40942.36,12,0.0404,Ativo
503474,18502,114,4,2022-08-15,97949.92,18,0.0154,Quitado
503475,18539,115,3,2023-02-01,84770.83,24,0.0238,Ativo
503476,18576,116,3,2021-06-27,9435.69,18,0.0431,Ativo
503477,18613,117,3,2022-05-31,14770.85,24,0.0246,Quitado
503478,18650,118,3,2022-03-19,119012.64,24,0.0286,Em atraso
503479,18687,119,3,2021-07-06,42223.42,12,0.0438,Ativo
503480,18724,120,3,2026-10-08,91470.96,18,0.0239,Ativo
503481,18761,101,3,2020-10-24,13720.07,36,0.0359,Quitado
503482,18798,102,3,2026-03-02,43536.57,6,0.0245,Quitado
503483,18835,103,4,2026-04-15,97206.92,36,0.0305,Quitado
503484,18872,104,3,2020-07-26,113418.52,6,0.0361,Ativo
503485,18909,105,4,2025-09-12,56414.40,6,0.0322,Ativo
503486,18946,106,4,2022-05-23,27218.72,12,0.0326,Ativo
503487,18983,107,3,2022-03-04,27313.36,6,0.0255,Ativo
503488,19020,108,3,2020-01-09,43719.60,6,0.0299,Ativo
503489,19057,109,3,2023-01-07,27988.18,18,0.0287,Ativo
503490,19094,110,4,2021-05-26,47815.34,48,0.0160,Ativo
503491,19131,111,3,2023-07-26,104067.53,12,0.0142,Quitado
503492,19168,112,4,2025-08-06,18602.25,24,0.0120,Ativo
503493,19205,113,3,2020-05-23,66603.29,6,0.0094,Em atraso
503494,19242,114,3,2024-03-22,10893.95,60,0.0240,Em atraso
503495,19279,115,4,2020-03-13,70038.39,60,0.0354,Ativo
503496,19316,116,4,2024-03-09,79677.02,18,0.0375,Ativo
503497,19353,117,3,2026-04-11,94654.18,60,0.0420,Em atraso
503498,19390,118,4,2022-03-20,11772.69,18,0.0406,Ativo
503499,19427,119,3,2021-03-30,116637.83,24,0.0387,Quitado
503500,19464,120,4,2024-02-21,67720.18,48,0.0374,Quitado
503501,19501,101,3,2022-07-19,41660.52,24,0.0359,Ativo
503502,19538,102,4,2021-10-26,39647.36,12,0.0185,Em atraso
503503,19575,103,4,2022-11-18,54607.03,6,0.0158,Quitado
503504,19612,104,4,2024-04-03,29644.39,36,0.0426,Ativo
503505,19649,105,3,2021-07-10,44847.22,60,0.0187,Ativo
503506,19686,106,4,2024-04-04,75905.83,18,0.0298,Em atraso
503507,19723,107,4,2025-04-10,9190.28,36,0.0205,Ativo
503508,19760,108,4,2021-09-11,67656.96,24,0.0328,Quitado
503509,19797,109,4,2025-06-07,32412.05,24,0.0218,Quitado
503510,19834,110,3,2023-03-09,110629.98,6,0.0423,Em atraso
503511,19871,111,3,2022-01-12,21996.33,36,0.0410,Em atraso
503512,19908,112,4,2023-10-28,106605.49,12,0.0426,Ativo
503513,19945,113,4,2021-04-22,117480.66,48,0.0284,Quitado
503514,19982,114,3,2020-03-25,77285.20,18,0.0211,Ativo
503515,20019,115,4,2025-01-16,106547.18,24,0.0422,Em atraso
503516,20056,116,3,2022-01-07,55511.13,18,0.0327,Ativo
503517,20093,117,4,2025-04-28,17749.24,60,0.0209,Quitado
503518,20130,118,3,2023-07-14,62597.30,60,0.0427,Ativo
503519,20167,119,4,2026-10-23,43514.43,12,0.0350,Em atraso
503520,20204,120,4,2025-05-22,6289.22,48,0.0170,Ativo
503521,20241,101,3,2022-08-03,118814.52,12,0.0207,Ativo
503522,20278,102,3,2022-03-09,77616.99,24,0.0333,Ativo
503523,20315,103,4,2026-03-08,105643.10,36,0.0351,Quitado
503524,20352,104,4,2021-06-11,112657.57,12,0.0263,Quitado
503525,20389,105,3,2026-04-30,16191.40,24,0.0180,Em atraso
503526,20426,106,4,2020-08-10,103971.83,24,0.0439,Em atraso
503527,20463,107,4,2026-07-15,94362.99,48,0.0144,Ativo
503528,20500,108,4,2024-09-08,30232.09,12,0.0122,Em atraso
503529,20537,109,4,2025-07-25,10018.00,24,0.0329,Ativo
503530,20574,110,3,2020-11-15,58305.65,6,0.0116,Ativo
503531,20611,111,3,2020-05-23,20087.45,60,0.0218,Quitado
503532,20648,112,4,2024-03-05,59810.04,60,0.0425,Ativo
503533,20685,113,4,2024-03-10,78448.26,60,0.0321,Ativo
503534,20722,114,4,2022-12-23,31905.56,60,0.0213,Ativo
503535,20759,115,3,2023-06-26,46199.75,24,0.0162,Ativo
503536,20796,116,3,2025-12-26,66840.73,18,0.0172,Ativo
503537,20833,117,4,2024-06-26,18731.99,18,0.0126,Quitado
503538,20870,118,4,2022-01-09,91516.35,12,0.0184,Quitado
503539,20907,119,3,2025-03-28,53726.90,18,0.0094,Em atraso
503540,20944,120,3,2022-08-17,104083.68,6,0.0255,Ativo
503541,20981,101,3,2025-02-07,41982.48,6,0.0093,Quitado
503542,21018,102,3,2023-05-14,117342.48,48,0.0227,Ativo
503543,21055,103,3,2023-09-20,16700.99,18,0.0258,Ativo
503544,21092,104,3,2022-05-28,119454.39,24,0.0138,Ativo
503545,21129,105,3,2026-06-14,36631.55,18,0.0260,Em atraso
503546,21166,106,3,2026-09-03,35237.50,60,0.0382,Quitado
503547,21203,107,4,2025-12-25,117207.97,18,0.0220,Quitado
503548,21240,108,4,2026-09-13,58057.48,48,0.0247,Ativo
503549,21277,109,4,2022-07-14,118572.16,6,0.0300,Ativo
503550,21314,110,4,2020-12-13,86081.06,24,0.0434,Quitado
503551,21351,111,4,2020-11-23,5124.05,48,0.0093,Ativo
503552,21388,112,4,2025-03-22,1407.44,18,0.0268,Em atraso
503553,21425,113,4,2021-03-27,87988.43,6,0.0100,Ativo
503554,21462,114,3,2025-06-23,61343.27,6,0.0282,Quitado
503555,21499,115,3,2022-05-18,58539.45,18,0.0288,Quitado
503556,21536,116,4,2023-02-19,105836.80,60,0.0354,Em atraso
503557,21573,117,3,2023-01-08,53873.31,12,0.0274,Ativo
503558,21610,118,3,2022-09-09,3836.77,48,0.0412,Ativo
503559,21647,119,3,2022-01-28,3869.82,6,0.0168,Em atraso
503560,21684,120,3,2023-03-14,102091.85,12,0.0345,Quitado
503561,21721,101,3,2021-02-04,84233.55,12,0.0158,Ativo
503562,21758,102,4,2021-01-05,112656.07,12,0.0382,Ativo
503563,21795,103,4,2026-06-28,12654.97,18,0.0116,Em atraso
503564,21832,104,3,2025-10-15,22115.86,36,0.0140,Quitado
503565,21869,105,3,2022-12-27,71982.38,48,0.0299,Ativo
503566,21906,106,3,2023-08-14,90304.57,18,0.0219,Ativo
503567,21943,107,3,2024-07-13,110045.26,12,0.0403,Em atraso
503568,21980,108,4,2025-11-18,11019.74,24,0.0189,Quitado
503569,22017,109,4,2023-08-01,54519.51,6,0.0312,Ativo
503570,22054,110,3,2022-02-10,74009.02,36,0.0165,Quitado
503571,22091,111,4,2025-07-07,36975.42,12,0.0329,Ativo
503572,22128,112,3,2020-12-20,57240.28,60,0.0332,Ativo
503573,22165,113,3,2020-07-28,34998.76,24,0.0191,Quitado
503574,22202,114,4,2022-03-05,57221.43,18,0.0198,Ativo
503575,22239,115,4,2020-07-31,42025.86,48,0.0108,Ativo
503576,22276,116,3,2022-11-30,116885.82,12,0.0160,Quitado
503577,22313,117,4,2023-05-13,19283.10,60,0.0135,Quitado
503578,22350,118,3,2024-02-21,62308.54,48,0.0347,Quitado
503579,22387,119,3,2021-07-30,103971.53,12,0.0232,Ativo
503580,22424,120,3,2024-09-27,37269.50,36,0.0175,Ativo
503581,22461,101,4,2020-05-31,30587.25,6,0.0325,Em atraso
503582,22498,102,3,2021-07-02,112428.78,60,0.0427,Ativo
503583,22535,103,3,2023-05-14,84018.19,60,0.0420,Ativo
503584,22572,104,4,2020-05-11,112629.91,18,0.0263,Ativo
503585,22609,105,4,2024-01-05,101807.77,24,0.0273,Em atraso
503586,22646,106,3,2024-05-06,2596.73,36,0.0231,Em atraso
503587,22683,107,4,2022-07-22,93726.31,18,0.0248,Em atraso
503588,22720,108,4,2021-03-28,11039.36,48,0.0382,Ativo
503589,22757,109,4,2024-06-27,7540.60,36,0.0214,Ativo
503590,22794,110,3,2023-10-07,59935.06,24,0.0176,Em atraso
503591,22831,111,4,2022-09-11,7622.36,12,0.0424,Quitado
503592,22868,112,3,2020-12-31,118499.48,36,0.0298,Em atraso
503593,22905,113,4,2021-11-08,44786.18,60,0.0326,Ativo
503594,22942,114,3,2023-02-25,37113.98,12,0.0314,Em atraso
503595,22979,115,4,2025-11-19,24497.61,24,0.0135,Quitado
503596,23016,116,4,2026-12-21,64224.55,18,0.0142,Em atraso
503597,23053,117,3,2022-11-27,6341.98,48,0.0238,Em atraso
503598,23090,118,3,2024-06-22,65978.20,36,0.0154,Ativo
503599,23127,119,4,2024-11-04,16394.53,60,0.0285,Em atraso
503600,23164,120,4,2025-08-28,20112.10,36,0.0366,Em atraso
503601,23201,101,3,2024-09-28,35882.63,48,0.0222,Quitado
503602,23238,102,3,2025-06-21,101361.39,48,0.0335,Ativo
503603,23275,103,4,2023-05-21,45280.55,6,0.0370,Quitado
503604,23312,104,3,2022-02-27,14401.15,12,0.0418,Quitado
503605,23349,105,3,2026-09-24,32727.48,36,0.0218,Ativo
503606,23386,106,4,2020-10-12,116088.13,24,0.0219,Ativo
503607,23423,107,3,2022-05-14,24409.43,6,0.0177,Ativo
503608,23460,108,4,2020-07-06,115517.94,60,0.0319,Ativo
503609,23497,109,3,2021-11-26,105295.65,24,0.0196,Em atraso
503610,23534,110,4,2021-01-06,95163.33,48,0.0132,Quitado
503611,23571,111,4,2020-01-19,71370.07,6,0.0379,Quitado
503612,23608,112,3,2022-01-03,58109.09,24,0.0253,Ativo
503613,23645,113,3,2023-10-18,50248.63,36,0.0100,Em atraso
503614,23682,114,4,2026-10-14,67149.25,48,0.0226,Quitado
503615,23719,115,4,2026-11-28,5822.84,12,0.0257,Ativo
503616,23756,116,3,2020-05-24,96262.31,48,0.0266,Em atraso
503617,23793,117,3,2023-09-22,118320.39,24,0.0423,Quitado
503618,23830,118,3,2020-08-16,53729.89,12,0.0142,Ativo
503619,23867,119,4,2024-11-16,14923.41,18,0.0259,Ativo
503620,23904,120,3,2022-01-21,108914.65,48,0.0424,Em atraso
503621,23941,101,3,2025-07-02,91834.90,60,0.0277,Ativo
503622,23978,102,3,2025-11-17,56462.98,24,0.0184,Ativo
503623,24015,103,4,2025-01-09,106434.08,24,0.0295,Quitado
503624,24052,104,4,2021-02-12,51448.14,60,0.0377,Ativo
503625,24089,105,3,2024-07-30,5911.23,36,0.0288,Ativo
503626,24126,106,4,2022-07-21,80719.42,60,0.0157,Quitado
503627,24163,107,4,2020-09-05,15522.61,48,0.0411,Em atraso
503628,24200,108,3,2020-06-22,87473.02,48,0.0091,Quitado
503629,24237,109,3,2022-08-24,14356.16,60,0.0174,Ativo
503630,24274,110,3,2021-01-11,77810.22,12,0.0406,Ativo
503631,24311,111,3,2024-12-25,41248.55,6,0.0355,Quitado
503632,24348,112,3,2021-10-13,43798.46,12,0.0331,Quitado
503633,24385,113,4,2021-08-23,114244.21,24,0.0120,Ativo
503634,24422,114,3,2020-10-21,43300.99,48,0.0174,Ativo
503635,24459,115,3,2024-11-20,75737.04,18,0.0117,Em atraso
503636,24496,116,4,2026-05-16,92590.73,6,0.0106,Quitado
503637,24533,117,3,2025-03-24,86185.25,48,0.0320,Ativo
503638,24570,118,4,2022-02-06,33513.86,12,0.0263,Em atraso
503639,24607,119,3,2026-08-02,39040.18,12,0.0418,Em atraso
503640,24644,120,4,2026-02-03,42718.92,6,0.0175,Em atraso
503641,24681,101,4,2026-09-08,7279.55,6,0.0119,Em atraso
503642,24718,102,4,2020-06-10,100216.93,24,0.0203,Ativo
503643,24755,103,4,2024-05-16,53685.83,60,0.0317,Ativo
503644,24792,104,4,2026-02-13,96288.16,24,0.0361,Em atraso
503645,24829,105,4,2025-04-05,27760.40,6,0.0228,Quitado
503646,24866,106,4,2026-03-02,24501.27,36,0.0437,Em atraso
503647,24903,107,3,2025-12-21,1913.97,24,0.0366,Ativo
503648,24940,108,3,2022-08-31,95360.30,60,0.0123,Quitado
503649,24977,109,4,2021-12-01,6324.14,12,0.0333,Ativo
503650,25014,110,4,2024-11-17,39845.31,6,0.0413,Ativo
503651,25051,111,3,2022-04-04,12600.47,60,0.0438,Quitado
503652,25088,112,3,2026-08-26,114862.11,18,0.0292,Ativo
503653,25125,113,3,2022-07-31,75147.79,12,0.0126,Ativo
503654,25162,114,3,2025-10-29,45366.84,6,0.0278,Quitado
503655,25199,115,3,2020-06-12,92868.47,6,0.0303,Quitado
503656,25236,116,3,2021-05-01,21680.99,48,0.0361,Quitado
503657,25273,117,3,2020-10-06,111594.07,24,0.0286,Ativo
503658,25310,118,4,2023-03-23,46262.43,18,0.0243,Em atraso
503659,25347,119,3,2021-09-19,94387.20,24,0.0123,Ativo
503660,25384,120,3,2021-10-17,22948.19,48,0.0436,Em atraso
503661,25421,101,4,2022-09-02,20604.03,36,0.0231,Ativo
503662,25458,102,3,2024-07-06,36434.43,6,0.0400,Quitado
503663,25495,103,4,2020-04-09,14358.28,36,0.0191,Ativo
503664,25532,104,3,2026-06-21,61509.49,6,0.0150,Quitado
503665,25569,105,4,2023-09-15,113777.10,48,0.0359,Ativo
503666,25606,106,3,2026-07-25,37305.36,12,0.0299,Em atraso
503667,25643,107,4,2023-10-23,36189.60,18,0.0256,Ativo
503668,25680,108,3,2021-07-21,81583.41,12,0.0130,Quitado
503669,25717,109,3,2020-06-16,38138.66,12,0.0379,Ativo
503670,25754,110,4,2023-10-22,54819.91,48,0.0389,Ativo
503671,25791,111,3,2025-06-28,71856.57,6,0.0172,Ativo
503672,25828,112,4,2024-04-26,93606.93,18,0.0429,Quitado
503673,25865,113,4,2023-01-30,62595.16,60,0.0364,Quitado
503674,25902,114,4,2020-04-20,73634.37,12,0.0410,Em atraso
503675,25939,115,3,2025-04-11,114951.04,18,0.0143,Em atraso
503676,25976,116,3,2025-06-14,38268.65,18,0.0114,Em atraso
503677,26013,117,3,2026-02-21,81076.64,48,0.0353,Ativo
503678,26050,118,3,2024-09-30,88493.62,18,0.0355,Quitado
503679,26087,119,4,2023-10-01,95417.55,36,0.0197,Ativo
503680,26124,120,3,2026-04-05,44729.54,48,0.0117,Quitado
503681,26161,101,3,2021-11-24,21366.87,6,0.0224,Ativo
503682,26198,102,3,2021-06-10,53795.51,6,0.0131,Ativo
503683,26235,103,4,2023-05-10,68977.21,36,0.0291,Em atraso
503684,26272,104,4,2023-11-02,12031.13,18,0.0239,Em atraso
503685,26309,105,4,2020-12-30,112620.88,60,0.0212,Quitado
503686,26346,106,4,2022-02-23,108342.91,24,0.0386,Ativo
503687,26383,107,3,2023-02-01,27238.99,60,0.0359,Em atraso
503688,26420,108,4,2021-03-02,60691.19,6,0.0119,Em atraso
503689,26457,109,4,2024-08-23,59570.04,48,0.0303,Em atraso
503690,26494,110,4,2023-12-06,4283.06,18,0.0295,Quitado
503691,26531,111,3,2020-08-07,42498.59,6,0.0284,Ativo
503692,26568,112,4,2020-03-04,69486.96,48,0.0312,Ativo
503693,26605,113,4,2025-03-08,98414.69,18,0.0268,Ativo
503694,26642,114,4,2026-11-27,1234.62,60,0.0349,Ativo
503695,26679,115,3,2021-10-08,33224.71,48,0.0164,Ativo
503696,26716,116,4,2025-09-09,82425.85,60,0.0325,Ativo
503697,26753,117,4,2021-02-11,7404.14,48,0.0330,Quitado
503698,26790,118,4,2020-12-12,12602.03,60,0.0366,Quitado
503699,26827,119,3,2022-09-08,102232.96,60,0.0159,Ativo
503700,26864,120,3,2025-05-19,38903.62,12,0.0259,Quitado
503701,26901,101,3,2025-07-26,118104.33,12,0.0363,Em atraso
503702,26938,102,3,2025-04-25,98077.57,60,0.0395,Em atraso
503703,26975,103,3,2020-02-02,19547.10,36,0.0266,Ativo
503704,27012,104,3,2022-08-03,17050.12,60,0.0117,Ativo
503705,27049,105,4,2026-03-13,43352.83,60,0.0431,Quitado
503706,27086,106,3,2020-03-26,41330.70,6,0.0345,Ativo
503707,27123,107,3,2022-03-24,110947.92,18,0.0389,Ativo
503708,27160,108,3,2024-02-17,38262.44,36,0.0269,Ativo
503709,27197,109,4,2022-07-12,119901.48,12,0.0201,Quitado
503710,27234,110,4,2022-05-21,35885.09,6,0.0411,Quitado
503711,27271,111,3,2025-03-06,101209.57,12,0.0338,Em atraso
503712,27308,112,3,2025-01-10,27925.70,12,0.0271,Ativo
503713,27345,113,4,2021-09-18,91746.44,36,0.0405,Em atraso
503714,27382,114,4,2024-05-20,99183.05,60,0.0220,Ativo
503715,27419,115,3,2024-07-31,77023.37,6,0.0110,Quitado
503716,27456,116,3,2025-03-02,51321.13,18,0.0252,Ativo
503717,27493,117,3,2020-10-09,32145.77,60,0.0372,Em atraso
503718,27530,118,3,2022-02-20,118837.48,18,0.0174,Em atraso
503719,27567,119,4,2020-10-30,118609.13,18,0.0108,Ativo
503720,27604,120,3,2021-11-27,110721.91,6,0.0307,Quitado
503721,27641,101,4,2024-03-18,53324.50,36,0.0404,Quitado
503722,27678,102,3,2025-03-08,55071.34,48,0.0119,Ativo
503723,27715,103,4,2024-09-03,28014.01,24,0.0245,Em atraso
503724,27752,104,3,2020-08-12,98676.26,12,0.0343,Quitado
503725,27789,105,3,2020-02-23,112867.23,48,0.0232,Ativo
503726,27826,106,3,2021-12-10,61344.56,12,0.0204,Quitado
503727,27863,107,3,2021-04-20,106098.81,60,0.0380,Quitado
503728,27900,108,4,2021-02-25,26478.21,24,0.0397,Em atraso
503729,27937,109,3,2026-10-16,35798.19,36,0.0208,Em atraso
503730,27974,110,3,2025-11-27,47168.56,48,0.0117,Quitado
503731,28011,111,3,2025-10-20,3211.85,36,0.0338,Quitado
503732,28048,112,3,2022-04-16,51825.78,6,0.0351,Em atraso
503733,28085,113,4,2020-06-13,109348.84,6,0.0331,Ativo
503734,28122,114,4,2020-10-19,111108.13,12,0.0166,Ativo
503735,28159,115,3,2020-02-18,46550.22,48,0.0216,Quitado
503736,28196,116,3,2023-01-20,67666.66,12,0.0115,Quitado
503737,28233,117,3,2024-11-25,108412.91,24,0.0256,Ativo
503738,28270,118,3,2021-08-16,58970.94,48,0.0383,Em atraso
503739,28307,119,4,2023-06-14,46208.69,36,0.0276,Quitado
503740,28344,120,3,2021-01-08,42231.48,48,0.0266,Ativo
503741,28381,101,4,2026-03-30,83689.00,18,0.0291,Ativo
503742,28418,102,4,2020-09-08,30184.46,60,0.0425,Ativo
503743,28455,103,4,2022-12-14,101916.00,18,0.0414,Quitado
503744,28492,104,3,2021-07-22,39254.43,6,0.0343,Ativo
503745,28529,105,3,2021-03-03,56510.69,60,0.0223,Em atraso
503746,28566,106,3,2021-07-14,90360.45,60,0.0290,Ativo
503747,28603,107,3,2024-02-06,78458.67,24,0.0274,Ativo
503748,28640,108,3,2022-12-15,37381.54,48,0.0409,Ativo
503749,28677,109,4,2023-09-03,48364.06,60,0.0184,Ativo
503750,28714,110,3,2020-11-04,99046.85,60,0.0096,Ativo
503751,28751,111,3,2024-04-20,10792.36,60,0.0336,Ativo
503752,28788,112,3,2026-07-29,24766.32,6,0.0268,Ativo
503753,28825,113,4,2023-03-17,88092.79,48,0.0397,Ativo
503754,28862,114,3,2022-04-02,90667.31,6,0.0312,Quitado
503755,28899,115,4,2022-01-16,10840.69,60,0.0147,Ativo
503756,28936,116,3,2022-11-11,11853.00,48,0.0189,Quitado
503757,28973,117,4,2020-04-07,77790.76,6,0.0160,Em atraso
503758,29010,118,3,2026-02-04,97648.07,12,0.0353,Ativo
503759,29047,119,3,2026-06-06,32981.56,36,0.0332,Ativo
503760,29084,120,3,2023-04-30,81347.24,36,0.0343,Ativo
503761,29121,101,3,2020-05-31,112382.11,12,0.0260,Quitado
503762,29158,102,4,2023-02-20,10732.47,12,0.0432,Ativo
503763,29195,103,4,2025-03-13,93220.99,6,0.0341,Quitado
503764,29232,104,3,2026-06-20,118374.28,18,0.0351,Em atraso
503765,29269,105,3,2021-10-01,62888.81,18,0.0427,Ativo
503766,29306,106,4,2020-03-04,71482.88,60,0.0374,Ativo
503767,29343,107,4,2023-02-16,109054.42,48,0.0326,Em atraso
503768,29380,108,3,2022-08-15,53824.72,24,0.0335,Ativo
503769,29417,109,3,2023-10-22,89385.75,12,0.0215,Ativo
503770,29454,110,4,2020-08-13,92970.14,12,0.0290,Em atraso
503771,29491,111,4,2024-12-03,74015.59,24,0.0161,Ativo
503772,29528,112,3,2023-10-02,25887.65,60,0.0334,Quitado
503773,29565,113,4,2022-11-17,60643.32,18,0.0175,Ativo
503774,29602,114,4,2023-01-03,26650.54,60,0.0302,Em atraso
503775,29639,115,3,2025-07-08,90912.81,12,0.0138,Em atraso
503776,29676,116,3,2020-03-07,102771.41,24,0.0179,Quitado
503777,29713,117,3,2021-10-25,22457.48,6,0.0160,Ativo
503778,29750,118,3,2023-06-18,90430.26,18,0.0391,Em atraso
503779,29787,119,3,2021-10-26,25752.84,6,0.0200,Ativo
503780,29824,120,3,2025-04-03,42611.75,60,0.0172,Quitado
503781,29861,101,3,2026-03-23,48667.35,18,0.0359,Quitado
503782,29898,102,3,2022-01-20,100917.30,6,0.0343,Ativo
503783,29935,103,3,2024-11-18,91352.16,24,0.0163,Ativo
503784,29972,104,4,2025-12-14,42567.57,60,0.0133,Em atraso
503785,10009,105,3,2020-02-12,69860.27,24,0.0174,Ativo
503786,10046,106,3,2026-02-19,32861.00,18,0.0158,Ativo
503787,10083,107,4,2023-07-20,99635.86,36,0.0215,Quitado
503788,10120,108,3,2021-05-31,97104.09,18,0.0297,Ativo
503789,10157,109,3,2025-12-30,36764.38,12,0.0174,Ativo
503790,10194,110,4,2022-08-11,20778.91,60,0.0220,Ativo
503791,10231,111,3,2025-06-23,119623.94,6,0.0302,Ativo
503792,10268,112,4,2023-06-06,107463.59,48,0.0229,Em atraso
503793,10305,113,4,2025-05-29,61328.73,48,0.0138,Ativo
503794,10342,114,3,2024-02-05,40771.31,36,0.0179,Quitado
503795,10379,115,3,2021-08-28,42105.11,18,0.0154,Quitado
503796,10416,116,4,2025-11-05,28323.56,18,0.0291,Ativo
503797,10453,117,3,2026-11-13,59490.83,48,0.0182,Em atraso
503798,10490,118,3,2021-02-09,105523.11,12,0.0379,Quitado
503799,10527,119,3,2021-04-30,73998.18,6,0.0287,Quitado
503800,10564,120,4,2026-12-10,51642.46,60,0.0425,Em atraso
503801,10601,101,4,2022-04-11,85631.70,6,0.0417,Quitado
503802,10638,102,3,2022-02-03,20493.34,18,0.0267,Ativo
503803,10675,103,3,2024-05-13,20400.84,24,0.0141,Ativo
503804,10712,104,3,2020-09-08,113692.89,48,0.0092,Quitado
503805,10749,105,3,2020-10-06,49718.52,36,0.0196,Ativo
503806,10786,106,3,2020-06-15,10292.10,24,0.0388,Ativo
503807,10823,107,4,2022-01-23,91325.99,24,0.0359,Ativo
503808,10860,108,4,2026-12-30,34282.29,48,0.0415,Em atraso
503809,10897,109,3,2026-12-15,7134.66,18,0.0438,Quitado
503810,10934,110,4,2021-07-01,73245.01,60,0.0310,Ativo
503811,10971,111,3,2026-05-25,20125.60,24,0.0094,Quitado
503812,11008,112,4,2020-11-19,50161.19,24,0.0144,Ativo
503813,11045,113,4,2026-09-10,69197.25,18,0.0300,Quitado
503814,11082,114,4,2024-04-25,87145.13,12,0.0143,Quitado
503815,11119,115,4,2022-09-15,63602.00,18,0.0201,Quitado
503816,11156,116,4,2026-07-27,76618.83,36,0.0121,Quitado
503817,11193,117,3,2022-03-05,53362.28,12,0.0415,Ativo
503818,11230,118,4,2021-08-12,71192.47,48,0.0426,Quitado
503819,11267,119,4,2020-10-17,75806.74,24,0.0413,Em atraso
503820,11304,120,4,2026-07-08,77266.45,12,0.0154,Em atraso
503821,11341,101,4,2025-07-21,63117.20,6,0.0133,Ativo
503822,11378,102,3,2024-06-15,9120.89,6,0.0370,Quitado
503823,11415,103,3,2022-07-05,106526.91,60,0.0309,Ativo
503824,11452,104,3,2021-06-03,114007.93,24,0.0207,Quitado
503825,11489,105,4,2024-12-14,93560.93,60,0.0281,Em atraso
503826,11526,106,4,2020-12-24,66512.61,48,0.0412,Quitado
503827,11563,107,4,2024-09-17,25458.94,12,0.0202,Quitado
503828,11600,108,4,2024-02-11,77198.01,60,0.0291,Em atraso
503829,11637,109,3,2020-12-11,90671.50,48,0.0267,Ativo
503830,11674,110,3,2023-01-09,12300.10,24,0.0328,Em atraso
503831,11711,111,3,2022-09-28,76069.98,18,0.0225,Ativo
503832,11748,112,4,2022-06-03,47988.04,18,0.0124,Quitado
503833,11785,113,4,2021-06-05,107261.12,48,0.0364,Ativo
503834,11822,114,3,2025-09-10,105455.58,36,0.0253,Quitado
503835,11859,115,4,2021-04-02,98146.66,18,0.0397,Ativo
503836,11896,116,4,2022-12-16,102859.09,6,0.0292,Em atraso
503837,11933,117,4,2022-12-24,79618.72,60,0.0431,Em atraso
503838,11970,118,4,2026-11-19,114867.94,6,0.0414,Em atraso
503839,12007,119,3,2024-07-12,37031.51,48,0.0265,Ativo
503840,12044,120,3,2021-11-05,36342.75,36,0.0370,Ativo
503841,12081,101,4,2020-08-22,57840.08,48,0.0316,Quitado
503842,12118,102,3,2022-09-19,42407.25,24,0.0270,Quitado
503843,12155,103,4,2020-04-02,73546.68,24,0.0248,Ativo
503844,12192,104,4,2021-05-25,72929.27,24,0.0312,Em atraso
503845,12229,105,3,2025-02-06,56845.35,60,0.0193,Em atraso
503846,12266,106,3,2020-12-04,50176.62,18,0.0212,Quitado
503847,12303,107,3,2026-08-25,17605.36,24,0.0095,Ativo
503848,12340,108,4,2022-09-13,69163.27,12,0.0187,Ativo
503849,12377,109,4,2024-05-18,4084.19,36,0.0139,Quitado
503850,12414,110,3,2023-03-10,67951.74,36,0.0225,Quitado
503851,12451,111,4,2021-02-16,107510.57,60,0.0094,Ativo
503852,12488,112,3,2022-03-03,61926.99,60,0.0383,Quitado
503853,12525,113,4,2022-11-21,21928.30,6,0.0337,Quitado
503854,12562,114,3,2025-05-15,32807.79,6,0.0402,Ativo
503855,12599,115,3,2023-05-04,1941.46,6,0.0108,Quitado
503856,12636,116,3,2026-01-09,20910.92,18,0.0168,Ativo
503857,12673,117,4,2024-12-22,92751.53,24,0.0168,Ativo
503858,12710,118,3,2021-09-27,46933.92,48,0.0176,Em atraso
503859,12747,119,4,2024-08-27,10627.21,48,0.0294,Em atraso
503860,12784,120,3,2026-09-13,114272.07,12,0.0209,Ativo
503861,12821,101,4,2025-11-16,58697.43,6,0.0389,Quitado
503862,12858,102,3,2020-02-01,96635.15,60,0.0106,Em atraso
503863,12895,103,3,2023-02-14,41708.28,24,0.0358,Ativo
503864,12932,104,3,2025-03-18,59479.63,12,0.0307,Em atraso
503865,12969,105,3,2024-02-13,75134.35,18,0.0342,Ativo
503866,13006,106,3,2025-10-21,46521.89,24,0.0277,Ativo
503867,13043,107,4,2023-10-21,73785.29,12,0.0150,Ativo
503868,13080,108,4,2022-06-06,58348.19,6,0.0377,Ativo
503869,13117,109,3,2020-05-12,89798.02,48,0.0349,Ativo
503870,13154,110,4,2022-11-26,27886.85,60,0.0199,Quitado
503871,13191,111,4,2025-08-12,10655.34,18,0.0182,Ativo
503872,13228,112,4,2021-04-26,103258.45,6,0.0156,Ativo
503873,13265,113,4,2023-09-02,13621.59,60,0.0189,Quitado
503874,13302,114,3,2021-12-09,31269.51,6,0.0232,Ativo
503875,13339,115,4,2022-07-17,108735.81,12,0.0341,Ativo
503876,13376,116,4,2026-02-07,34565.40,48,0.0404,Ativo
503877,13413,117,3,2023-03-22,107253.26,60,0.0316,Ativo
503878,13450,118,4,2020-12-03,12208.05,6,0.0305,Ativo
503879,13487,119,4,2026-05-04,73175.72,48,0.0280,Ativo
503880,13524,120,3,2024-05-16,111194.05,6,0.0376,Ativo
503881,13561,101,4,2023-06-20,36261.34,60,0.0201,Ativo
503882,13598,102,4,2026-02-13,34178.85,60,0.0151,Ativo
503883,13635,103,3,2026-08-24,35654.56,24,0.0097,Ativo
503884,13672,104,4,2022-02-12,71422.62,6,0.0294,Em atraso
503885,13709,105,4,2023-09-18,46026.81,24,0.0119,Quitado
503886,13746,106,4,2020-10-31,91723.40,18,0.0354,Ativo
503887,13783,107,4,2021-07-15,81868.57,48,0.0245,Ativo
503888,13820,108,4,2026-09-13,15853.23,18,0.0439,Em atraso
503889,13857,109,3,2026-02-24,91323.41,18,0.0412,Em atraso
503890,13894,110,4,2022-01-27,89762.77,48,0.0349,Ativo
503891,13931,111,3,2020-07-09,113704.63,12,0.0329,Quitado
503892,13968,112,4,2026-10-17,18570.13,18,0.0340,Quitado
503893,14005,113,4,2023-04-24,14585.22,60,0.0341,Ativo
503894,14042,114,3,2022-03-20,98099.54,18,0.0386,Quitado
503895,14079,115,3,2026-12-21,46101.57,12,0.0288,Ativo
503896,14116,116,3,2025-03-19,13485.39,60,0.0184,Quitado
503897,14153,117,3,2020-12-21,58861.76,36,0.0374,Em atraso
503898,14190,118,4,2025-07-26,48107.32,48,0.0101,Quitado
503899,14227,119,4,2020-12-31,100598.95,6,0.0108,Quitado
503900,14264,120,4,2026-09-22,74872.09,48,0.0226,Ativo
503901,14301,101,3,2026-06-29,49460.50,36,0.0202,Em atraso
503902,14338,102,4,2025-11-12,61607.61,24,0.0350,Em atraso
503903,14375,103,3,2026-10-03,5573.46,6,0.0171,Quitado
503904,14412,104,3,2022-10-02,21085.04,60,0.0317,Em atraso
503905,14449,105,3,2023-08-06,100277.04,12,0.0192,Ativo
503906,14486,106,4,2022-09-30,102934.33,18,0.0246,Quitado
503907,14523,107,4,2026-03-06,78162.71,48,0.0140,Ativo
503908,14560,108,3,2022-01-24,7469.00,6,0.0232,Quitado
503909,14597,109,4,2024-07-26,107812.58,24,0.0332,Quitado
503910,14634,110,3,2021-02-07,25185.73,36,0.0261,Quitado
503911,14671,111,4,2020-02-29,22876.56,60,0.0227,Ativo
503912,14708,112,4,2022-05-16,85454.34,6,0.0117,Ativo
503913,14745,113,4,2024-12-03,55879.08,12,0.0145,Quitado
503914,14782,114,4,2020-06-06,10663.86,24,0.0187,Quitado
503915,14819,115,4,2020-03-14,87895.94,18,0.0297,Quitado
503916,14856,116,3,2020-11-08,36840.26,36,0.0336,Em atraso
503917,14893,117,4,2021-06-26,59991.81,18,0.0303,Ativo
503918,14930,118,4,2022-01-28,96501.51,36,0.0352,Ativo
503919,14967,119,3,2026-06-02,57059.21,12,0.0299,Ativo
503920,15004,120,4,2021-09-01,78265.53,60,0.0386,Ativo
503921,15041,101,4,2023-11-28,32449.40,6,0.0316,Ativo
503922,15078,102,3,2026-06-06,94476.70,18,0.0150,Ativo
503923,15115,103,4,2020-02-03,4535.95,36,0.0293,Quitado
503924,15152,104,4,2026-04-29,55866.62,48,0.0366,Quitado
503925,15189,105,4,2024-08-22,39101.47,36,0.0357,Quitado
503926,15226,106,3,2020-01-31,24014.57,6,0.0177,Em atraso
503927,15263,107,4,2026-07-19,75188.32,6,0.0406,Em atraso
503928,15300,108,3,2021-02-01,105123.48,18,0.0106,Ativo
503929,15337,109,4,2025-05-06,38803.68,12,0.0224,Quitado
503930,15374,110,4,2022-11-12,106376.90,48,0.0279,Quitado
503931,15411,111,4,2024-07-24,4619.86,24,0.0366,Ativo
503932,15448,112,4,2024-03-20,38892.70,18,0.0156,Quitado
503933,15485,113,4,2021-09-15,76560.29,48,0.0332,Quitado
503934,15522,114,4,2026-11-18,82039.02,60,0.0161,Ativo
503935,15559,115,4,2024-02-24,44911.86,60,0.0382,Em atraso
503936,15596,116,4,2025-03-29,81628.20,36,0.0438,Em atraso
503937,15633,117,4,2023-09-21,97354.29,60,0.0196,Ativo
503938,15670,118,3,2023-06-17,112254.25,48,0.0097,Ativo
503939,15707,119,3,2025-10-26,83047.12,60,0.0200,Ativo
503940,15744,120,3,2026-02-02,93789.48,48,0.0398,Ativo
503941,15781,101,3,2020-06-02,94664.91,6,0.0340,Ativo
503942,15818,102,4,2020-01-05,51805.93,24,0.0360,Ativo
503943,15855,103,4,2022-03-30,46021.34,6,0.0198,Em atraso
503944,15892,104,4,2023-03-21,23437.29,6,0.0329,Em atraso
503945,15929,105,3,2021-12-29,117672.77,60,0.0300,Quitado
503946,15966,106,3,2025-11-16,67946.78,18,0.0405,Ativo
503947,16003,107,3,2021-05-21,45641.94,6,0.0309,Quitado
503948,16040,108,4,2021-08-20,38016.82,60,0.0343,Ativo
503949,16077,109,3,2025-05-30,18152.41,18,0.0399,Ativo
503950,16114,110,3,2021-01-29,106525.91,60,0.0259,Quitado
503951,16151,111,3,2021-01-21,25014.35,24,0.0290,Ativo
503952,16188,112,4,2024-11-20,98328.47,18,0.0161,Ativo
503953,16225,113,4,2022-06-02,8052.37,60,0.0321,Quitado
503954,16262,114,3,2020-01-07,109303.25,18,0.0283,Ativo
503955,16299,115,4,2025-11-27,96715.87,6,0.0261,Em atraso
503956,16336,116,3,2021-12-25,45685.95,36,0.0407,Ativo
503957,16373,117,4,2022-01-07,4762.78,36,0.0406,Em atraso
503958,16410,118,3,2020-02-08,30451.53,24,0.0326,Em atraso
503959,16447,119,4,2022-11-08,25657.01,48,0.0140,Quitado
503960,16484,120,4,2020-03-25,83262.08,36,0.0160,Ativo
503961,16521,101,4,2024-05-11,25070.47,24,0.0439,Quitado
503962,16558,102,3,2024-05-02,9245.68,24,0.0400,Ativo
503963,16595,103,4,2026-12-17,117630.26,12,0.0408,Em atraso
503964,16632,104,4,2026-01-11,104621.94,6,0.0222,Em atraso
503965,16669,105,3,2023-01-31,80801.48,48,0.0118,Ativo
503966,16706,106,4,2025-10-22,103939.85,12,0.0414,Ativo
503967,16743,107,4,2022-09-26,62546.50,18,0.0354,Quitado
503968,16780,108,4,2022-08-17,11443.59,6,0.0191,Em atraso
503969,16817,109,4,2022-02-06,52151.18,48,0.0158,Ativo
503970,16854,110,4,2024-02-26,62831.82,18,0.0360,Quitado
503971,16891,111,3,2024-11-17,16358.75,18,0.0114,Ativo
503972,16928,112,3,2021-09-27,68426.26,6,0.0191,Ativo
503973,16965,113,3,2024-10-15,14701.85,18,0.0180,Quitado
503974,17002,114,4,2024-12-08,84514.95,24,0.0268,Ativo
503975,17039,115,3,2020-06-18,113673.56,24,0.0187,Em atraso
503976,17076,116,3,2021-03-12,105386.07,18,0.0268,Quitado
503977,17113,117,4,2023-08-31,68127.76,48,0.0384,Quitado
503978,17150,118,4,2021-12-21,68317.67,12,0.0261,Em atraso
503979,17187,119,3,2023-07-22,77049.79,36,0.0185,Ativo
503980,17224,120,3,2022-06-14,65539.22,18,0.0240,Quitado
503981,17261,101,3,2025-06-13,23587.71,12,0.0354,Ativo
503982,17298,102,3,2025-07-29,91930.38,24,0.0375,Em atraso
503983,17335,103,4,2025-04-06,112984.98,60,0.0324,Ativo
503984,17372,104,3,2024-01-31,114972.72,24,0.0356,Ativo
503985,17409,105,4,2020-08-12,20805.15,60,0.0253,Ativo
503986,17446,106,3,2024-10-11,93219.97,36,0.0141,Ativo
503987,17483,107,4,2021-04-02,119589.14,18,0.0392,Ativo
503988,17520,108,3,2026-03-14,75302.53,36,0.0321,Ativo
503989,17557,109,4,2023-04-30,51835.76,48,0.0194,Quitado
503990,17594,110,3,2023-06-14,65231.69,48,0.0368,Quitado
503991,17631,111,4,2025-08-24,61946.11,18,0.0406,Ativo
503992,17668,112,4,2024-10-17,83519.34,12,0.0170,Quitado
503993,17705,113,4,2020-11-14,57522.49,24,0.0257,Em atraso
503994,17742,114,3,2024-05-15,50378.69,60,0.0140,Em atraso
503995,17779,115,4,2022-06-04,87162.37,18,0.0153,Em atraso
503996,17816,116,4,2024-01-14,99021.73,18,0.0215,Quitado
503997,17853,117,4,2021-06-17,1638.17,36,0.0426,Quitado
503998,17890,118,4,2024-03-31,52818.91,48,0.0228,Em atraso
503999,17927,119,4,2022-03-17,22103.36,36,0.0411,Ativo
504000,17964,120,4,2024-06-30,42836.87,48,0.0384,Ativo
504001,18001,101,4,2025-07-13,41715.57,36,0.0126,Quitado
504002,18038,102,3,2026-08-28,107019.57,6,0.0296,Ativo
504003,18075,103,4,2021-07-09,38817.33,12,0.0262,Ativo
504004,18112,104,4,2022-04-27,93028.74,60,0.0387,Em atraso
504005,18149,105,4,2025-06-15,82565.01,18,0.0128,Ativo
504006,18186,106,4,2023-12-07,26509.08,12,0.0438,Ativo
504007,18223,107,3,2025-06-15,107646.67,48,0.0280,Ativo
504008,18260,108,4,2026-04-29,65293.85,12,0.0328,Quitado
504009,18297,109,4,2026-09-03,21479.39,60,0.0204,Ativo
504010,18334,110,3,2024-12-23,22816.56,36,0.0352,Ativo
504011,18371,111,3,2021-10-21,23026.71,12,0.0414,Ativo
504012,18408,112,4,2023-01-18,20744.37,48,0.0386,Quitado
504013,18445,113,3,2020-04-23,90126.81,48,0.0204,Ativo
504014,18482,114,3,2024-01-18,52598.73,48,0.0388,Em atraso
504015,18519,115,4,2025-08-10,1972.07,6,0.0245,Ativo
504016,18556,116,4,2022-09-18,77878.94,24,0.0247,Quitado
504017,18593,117,4,2026-03-03,103130.61,60,0.0377,Quitado
504018,18630,118,4,2022-06-02,34954.38,36,0.0255,Em atraso
504019,18667,119,4,2026-02-28,70250.48,24,0.0235,Ativo
504020,18704,120,4,2025-02-28,23740.77,12,0.0402,Ativo
504021,18741,101,4,2024-03-22,112337.00,12,0.0217,Em atraso
504022,18778,102,4,2026-01-14,105926.36,36,0.0276,Quitado
504023,18815,103,4,2025-06-05,21244.11,48,0.0107,Quitado
504024,18852,104,4,2024-09-08,33263.43,18,0.0400,Ativo
504025,18889,105,3,2026-07-01,86770.08,12,0.0402,Ativo
504026,18926,106,4,2026-02-07,77190.97,24,0.0315,Quitado
504027,18963,107,4,2020-12-02,66498.41,6,0.0309,Ativo
504028,19000,108,3,2025-11-08,116803.97,18,0.0364,Em atraso
504029,19037,109,4,2023-06-02,46274.46,24,0.0111,Quitado
504030,19074,110,4,2025-07-23,2934.98,6,0.0209,Quitado
504031,19111,111,3,2024-01-03,35958.42,48,0.0266,Ativo
504032,19148,112,3,2021-03-12,80863.70,12,0.0164,Ativo
504033,19185,113,4,2021-07-27,53845.31,36,0.0233,Em atraso
504034,19222,114,3,2020-07-17,69920.03,18,0.0304,Ativo
504035,19259,115,4,2022-08-25,102892.60,36,0.0410,Ativo
504036,19296,116,3,2021-11-23,1996.35,48,0.0099,Ativo
504037,19333,117,4,2025-12-05,66645.98,18,0.0197,Em atraso
504038,19370,118,3,2020-10-13,48734.61,6,0.0361,Quitado
504039,19407,119,4,2021-08-05,58504.17,48,0.0299,Ativo
504040,19444,120,4,2022-05-24,23903.78,18,0.0290,Ativo
504041,19481,101,4,2022-07-06,2713.03,18,0.0352,Quitado
504042,19518,102,4,2024-11-29,91233.49,36,0.0311,Quitado
504043,19555,103,4,2026-12-24,111229.93,60,0.0172,Ativo
504044,19592,104,3,2024-12-05,72719.19,60,0.0180,Ativo
504045,19629,105,3,2024-06-11,23348.81,36,0.0422,Ativo
504046,19666,106,4,2020-09-22,18164.72,36,0.0424,Ativo
504047,19703,107,3,2024-05-29,116726.59,6,0.0334,Em atraso
504048,19740,108,3,2025-12-31,85477.80,18,0.0250,Ativo
504049,19777,109,4,2020-07-06,79201.60,18,0.0346,Em atraso
504050,19814,110,3,2024-05-19,71984.03,48,0.0191,Ativo
504051,19851,111,4,2020-06-05,94544.60,12,0.0126,Em atraso
504052,19888,112,4,2020-10-19,37775.10,48,0.0333,Ativo
504053,19925,113,3,2022-02-05,29033.10,12,0.0356,Em atraso
504054,19962,114,3,2025-07-16,40856.81,36,0.0109,Em atraso
504055,19999,115,3,2021-06-16,8489.47,6,0.0333,Quitado
504056,20036,116,3,2025-07-25,8612.51,60,0.0148,Ativo
504057,20073,117,3,2026-08-10,93173.59,6,0.0285,Ativo
504058,20110,118,4,2020-06-05,85847.56,24,0.0426,Ativo
504059,20147,119,4,2020-03-06,119670.61,60,0.0273,Em atraso
504060,20184,120,4,2026-11-09,44430.58,6,0.0287,Ativo
504061,20221,101,3,2023-04-15,94664.45,36,0.0214,Em atraso
504062,20258,102,4,2020-11-05,58296.85,60,0.0352,Quitado
504063,20295,103,4,2024-04-28,8237.65,36,0.0419,Quitado
504064,20332,104,3,2025-10-22,60329.76,24,0.0166,Em atraso
504065,20369,105,4,2020-07-06,106088.26,12,0.0349,Quitado
504066,20406,106,3,2025-02-19,44385.76,6,0.0171,Ativo
504067,20443,107,3,2022-12-06,71804.27,18,0.0413,Quitado
504068,20480,108,4,2023-04-09,16478.50,18,0.0279,Em atraso
504069,20517,109,4,2024-06-27,3086.37,36,0.0137,Em atraso
504070,20554,110,3,2021-01-14,113887.82,24,0.0316,Em atraso
504071,20591,111,3,2023-01-05,26559.52,48,0.0152,Ativo
504072,20628,112,3,2022-12-05,12709.05,48,0.0371,Em atraso
504073,20665,113,3,2025-06-01,66564.01,48,0.0109,Ativo
504074,20702,114,4,2020-07-13,106108.51,24,0.0209,Em atraso
504075,20739,115,3,2023-09-08,4066.68,36,0.0124,Ativo
504076,20776,116,4,2024-05-02,63300.58,12,0.0158,Quitado
504077,20813,117,4,2026-01-25,15582.82,60,0.0167,Ativo
504078,20850,118,4,2021-08-03,48012.16,48,0.0345,Ativo
504079,20887,119,4,2025-09-24,78749.53,60,0.0260,Quitado
504080,20924,120,4,2026-11-26,27949.97,48,0.0168,Ativo
504081,20961,101,3,2021-10-25,40940.96,36,0.0250,Ativo
504082,20998,102,3,2022-11-15,14536.46,60,0.0306,Ativo
504083,21035,103,3,2020-07-30,11066.25,60,0.0139,Ativo
504084,21072,104,3,2023-10-20,55929.92,18,0.0234,Ativo
504085,21109,105,3,2023-02-05,31440.68,18,0.0232,Em atraso
504086,21146,106,3,2021-05-16,26094.35,6,0.0365,Em atraso
504087,21183,107,4,2021-09-26,39370.69,12,0.0163,Quitado
504088,21220,108,3,2020-10-27,115434.74,12,0.0201,Em atraso
504089,21257,109,3,2022-04-23,86843.39,36,0.0107,Ativo
504090,21294,110,4,2020-12-21,102263.51,12,0.0413,Em atraso
504091,21331,111,3,2026-09-01,102461.21,24,0.0226,Ativo
504092,21368,112,4,2024-03-02,36113.49,48,0.0387,Quitado
504093,21405,113,3,2024-02-26,56512.25,36,0.0114,Ativo
504094,21442,114,4,2023-12-21,114663.31,48,0.0389,Quitado
504095,21479,115,3,2021-02-08,110817.04,36,0.0408,Ativo
504096,21516,116,4,2025-03-07,64790.70,18,0.0410,Ativo
504097,21553,117,4,2020-05-30,7742.25,12,0.0435,Ativo
504098,21590,118,3,2026-07-06,34019.28,48,0.0119,Ativo
504099,21627,119,3,2025-10-09,76522.07,12,0.0213,Em atraso
504100,21664,120,3,2024-01-03,30374.60,36,0.0216,Quitado
504101,21701,101,3,2021-02-24,76777.78,60,0.0137,Ativo
504102,21738,102,3,2024-12-27,95415.00,60,0.0319,Quitado
504103,21775,103,3,2024-08-03,101876.21,48,0.0188,Quitado
504104,21812,104,3,2022-03-14,92952.80,36,0.0178,Quitado
504105,21849,105,3,2023-05-19,59517.70,48,0.0242,Ativo
504106,21886,106,4,2026-05-09,48731.64,24,0.0204,Ativo
504107,21923,107,4,2026-04-08,107694.18,12,0.0320,Ativo
504108,21960,108,3,2026-04-08,102075.47,60,0.0242,Em atraso
504109,21997,109,4,2022-02-20,50907.94,48,0.0438,Ativo
504110,22034,110,3,2020-05-16,112274.84,48,0.0102,Em atraso
504111,22071,111,3,2021-05-25,15291.86,12,0.0129,Quitado
504112,22108,112,3,2020-02-22,63226.10,18,0.0240,Ativo
504113,22145,113,4,2022-01-05,110021.55,36,0.0266,Ativo
504114,22182,114,4,2025-11-03,59589.21,60,0.0341,Ativo
504115,22219,115,3,2023-11-27,25160.14,48,0.0434,Ativo
504116,22256,116,4,2025-08-07,46479.65,36,0.0313,Ativo
504117,22293,117,4,2021-02-11,21826.32,36,0.0250,Ativo
504118,22330,118,3,2021-09-14,9460.25,60,0.0228,Ativo
504119,22367,119,3,2022-01-07,40326.22,48,0.0163,Ativo
504120,22404,120,4,2026-08-14,13348.30,18,0.0385,Ativo
504121,22441,101,4,2023-06-20,107639.81,48,0.0154,Em atraso
504122,22478,102,3,2022-02-18,63103.84,12,0.0303,Ativo
504123,22515,103,4,2020-08-13,19402.42,60,0.0439,Quitado
504124,22552,104,4,2023-08-29,37814.59,6,0.0107,Ativo
504125,22589,105,4,2023-11-07,109271.96,36,0.0327,Quitado
504126,22626,106,4,2022-07-14,97543.15,36,0.0138,Ativo
504127,22663,107,4,2021-01-15,69322.56,12,0.0206,Ativo
504128,22700,108,3,2021-11-26,88552.19,36,0.0305,Ativo
504129,22737,109,4,2021-01-27,73855.15,18,0.0185,Ativo
504130,22774,110,4,2026-07-01,72173.13,60,0.0111,Quitado
504131,22811,111,3,2022-05-05,39765.74,6,0.0191,Quitado
504132,22848,112,3,2023-06-01,86334.07,24,0.0335,Ativo
504133,22885,113,3,2024-09-08,26361.81,12,0.0122,Quitado
504134,22922,114,3,2020-09-06,15512.45,36,0.0124,Ativo
504135,22959,115,4,2022-12-15,47267.71,36,0.0140,Ativo
504136,22996,116,3,2023-03-31,117628.20,18,0.0104,Ativo
504137,23033,117,3,2020-02-21,95809.44,18,0.0208,Em atraso
504138,23070,118,4,2023-08-21,49142.93,24,0.0191,Em atraso
504139,23107,119,4,2022-10-29,25019.65,36,0.0201,Quitado
504140,23144,120,4,2023-06-22,90380.76,6,0.0093,Em atraso
504141,23181,101,3,2025-05-11,24153.26,60,0.0219,Ativo
504142,23218,102,3,2026-07-22,91836.54,48,0.0433,Ativo
504143,23255,103,3,2025-12-18,83354.56,12,0.0136,Em atraso
504144,23292,104,4,2023-03-08,21986.86,12,0.0096,Ativo
504145,23329,105,3,2021-10-11,80866.22,24,0.0309,Ativo
504146,23366,106,4,2021-12-26,76869.81,6,0.0127,Em atraso
504147,23403,107,4,2022-06-10,14921.01,48,0.0211,Ativo
504148,23440,108,3,2026-05-20,7448.71,12,0.0164,Ativo
504149,23477,109,3,2025-10-19,51206.63,48,0.0206,Ativo
504150,23514,110,3,2022-06-16,87525.81,6,0.0372,Ativo
504151,23551,111,4,2026-10-23,86544.55,36,0.0285,Quitado
504152,23588,112,3,2025-11-08,105721.34,60,0.0261,Quitado
504153,23625,113,4,2020-09-13,106173.21,36,0.0099,Ativo
504154,23662,114,3,2020-01-17,53783.60,18,0.0210,Ativo
504155,23699,115,4,2025-12-29,23776.47,24,0.0219,Em atraso
504156,23736,116,3,2025-12-13,25245.80,60,0.0376,Em atraso
504157,23773,117,4,2021-12-17,103147.67,24,0.0407,Em atraso
504158,23810,118,3,2026-11-23,81195.15,18,0.0207,Em atraso
504159,23847,119,4,2025-07-29,115130.18,6,0.0228,Ativo
504160,23884,120,3,2020-04-25,36669.89,36,0.0399,Quitado
504161,23921,101,3,2024-01-17,54224.81,48,0.0434,Quitado
504162,23958,102,4,2021-09-01,102949.86,36,0.0195,Ativo
504163,23995,103,4,2026-07-18,33004.99,18,0.0113,Ativo
504164,24032,104,3,2022-07-21,18756.31,24,0.0101,Em atraso
504165,24069,105,4,2024-08-13,96230.06,36,0.0107,Em atraso
504166,24106,106,3,2025-11-28,45126.44,24,0.0271,Quitado
504167,24143,107,3,2023-06-28,12297.49,6,0.0180,Ativo
504168,24180,108,4,2023-11-02,88478.42,48,0.0280,Quitado
504169,24217,109,4,2021-03-09,81424.59,36,0.0249,Quitado
504170,24254,110,3,2023-05-25,29132.41,18,0.0155,Em atraso
504171,24291,111,4,2024-03-16,102700.34,18,0.0343,Em atraso
504172,24328,112,4,2024-06-11,78303.38,18,0.0159,Em atraso
504173,24365,113,4,2022-03-11,97897.90,48,0.0334,Ativo
504174,24402,114,4,2023-05-16,16331.04,48,0.0413,Ativo
504175,24439,115,4,2020-10-05,112688.60,12,0.0210,Ativo
504176,24476,116,3,2020-03-28,2662.92,24,0.0149,Em atraso
504177,24513,117,3,2023-07-15,15647.83,12,0.0382,Ativo
504178,24550,118,4,2022-10-04,84855.80,6,0.0281,Ativo
504179,24587,119,4,2023-12-22,7193.58,24,0.0155,Ativo
504180,24624,120,3,2021-01-30,85611.50,24,0.0170,Quitado
504181,24661,101,3,2020-07-18,81348.22,18,0.0333,Quitado
504182,24698,102,3,2021-04-18,29612.32,6,0.0155,Ativo
504183,24735,103,3,2021-05-15,44964.15,24,0.0221,Quitado
504184,24772,104,4,2024-03-09,111672.02,48,0.0179,Em atraso
504185,24809,105,3,2020-05-14,62803.95,24,0.0406,Ativo
504186,24846,106,4,2026-08-04,70467.82,36,0.0336,Ativo
504187,24883,107,3,2026-07-12,60615.59,36,0.0363,Ativo
504188,24920,108,3,2026-06-01,3869.05,18,0.0111,Ativo
504189,24957,109,4,2026-10-25,37093.50,60,0.0346,Quitado
504190,24994,110,3,2021-02-27,50628.12,48,0.0239,Ativo
504191,25031,111,4,2023-11-24,33365.88,18,0.0273,Ativo
504192,25068,112,4,2026-07-04,81949.47,24,0.0275,Ativo
504193,25105,113,3,2025-08-19,85399.07,6,0.0353,Em atraso
504194,25142,114,3,2024-05-05,100202.01,48,0.0158,Quitado
504195,25179,115,4,2026-01-16,38459.55,36,0.0184,Ativo
504196,25216,116,4,2024-03-25,48790.75,18,0.0115,Em atraso
504197,25253,117,3,2026-03-19,84524.13,48,0.0192,Ativo
504198,25290,118,3,2025-03-19,27953.28,6,0.0339,Ativo
504199,25327,119,3,2026-04-28,57279.04,12,0.0218,Ativo
504200,25364,120,4,2023-07-05,36996.61,36,0.0225,Ativo
504201,25401,101,4,2026-10-03,71098.50,18,0.0346,Ativo
504202,25438,102,4,2024-05-23,59240.14,18,0.0166,Quitado
504203,25475,103,3,2022-01-04,3143.45,60,0.0360,Ativo
504204,25512,104,3,2025-06-07,26680.23,6,0.0276,Ativo
504205,25549,105,3,2021-11-03,107470.94,36,0.0292,Em atraso
504206,25586,106,4,2023-10-19,64142.15,48,0.0256,Ativo
504207,25623,107,3,2023-11-06,81794.96,12,0.0372,Em atraso
504208,25660,108,4,2025-04-11,14434.94,48,0.0203,Em atraso
504209,25697,109,4,2024-06-18,6289.21,36,0.0224,Ativo
504210,25734,110,3,2020-05-11,12774.73,24,0.0109,Ativo
504211,25771,111,3,2024-01-16,58572.57,36,0.0339,Ativo
504212,25808,112,3,2020-05-19,100492.44,12,0.0101,Ativo
504213,25845,113,3,2025-06-30,103767.68,60,0.0248,Ativo
504214,25882,114,4,2024-08-21,110791.06,12,0.0425,Ativo
504215,25919,115,3,2020-09-12,50273.51,36,0.0098,Ativo
504216,25956,116,4,2022-01-06,18068.52,60,0.0227,Em atraso
504217,25993,117,4,2023-08-03,106642.37,60,0.0222,Ativo
504218,26030,118,3,2020-06-01,20071.56,36,0.0271,Em atraso
504219,26067,119,3,2021-09-08,104702.01,60,0.0354,Quitado
504220,26104,120,3,2022-03-07,8896.23,36,0.0416,Ativo
504221,26141,101,3,2020-07-01,58813.54,12,0.0223,Ativo
504222,26178,102,3,2026-03-08,20600.82,48,0.0317,Quitado
504223,26215,103,3,2020-12-14,114905.64,18,0.0229,Em atraso
504224,26252,104,4,2020-04-27,69946.59,60,0.0305,Em atraso
504225,26289,105,3,2023-11-19,95675.79,48,0.0250,Em atraso
504226,26326,106,4,2020-08-09,67532.11,6,0.0224,Quitado
504227,26363,107,4,2024-03-31,68099.16,48,0.0347,Ativo
504228,26400,108,4,2026-01-04,70336.80,6,0.0365,Em atraso
504229,26437,109,4,2022-06-30,57135.63,12,0.0215,Quitado
504230,26474,110,4,2025-11-22,75439.25,6,0.0345,Ativo
504231,26511,111,3,2026-05-02,34275.82,18,0.0251,Ativo
504232,26548,112,3,2023-07-14,24425.96,12,0.0244,Ativo
504233,26585,113,3,2024-11-02,30316.52,6,0.0216,Em atraso
504234,26622,114,4,2020-02-22,1756.14,48,0.0382,Ativo
504235,26659,115,3,2023-08-02,13506.22,18,0.0304,Em atraso
504236,26696,116,4,2024-06-08,45098.23,48,0.0367,Em atraso
504237,26733,117,4,2021-04-07,36951.50,36,0.0391,Ativo
504238,26770,118,4,2021-07-28,86403.65,48,0.0261,Ativo
504239,26807,119,4,2020-01-17,117924.61,24,0.0378,Ativo
504240,26844,120,4,2026-01-06,96233.57,48,0.0149,Em atraso
504241,26881,101,3,2023-06-28,55463.23,24,0.0362,Ativo
504242,26918,102,4,2022-09-26,57604.14,24,0.0403,Ativo
504243,26955,103,3,2026-12-04,17402.72,60,0.0225,Ativo
504244,26992,104,3,2022-09-19,20365.95,24,0.0165,Ativo
504245,27029,105,3,2020-07-20,20731.62,12,0.0360,Ativo
504246,27066,106,4,2026-08-30,40883.33,24,0.0366,Ativo
504247,27103,107,3,2020-07-20,28911.10,36,0.0132,Ativo
504248,27140,108,3,2021-06-29,79529.00,60,0.0229,Quitado
504249,27177,109,3,2026-03-22,39548.82,60,0.0186,Ativo
504250,27214,110,4,2023-11-27,77259.83,36,0.0392,Ativo
504251,27251,111,4,2026-09-13,41567.95,36,0.0110,Ativo
504252,27288,112,3,2026-02-08,105289.27,18,0.0383,Em atraso
504253,27325,113,4,2021-11-05,107761.89,18,0.0203,Em atraso
504254,27362,114,3,2022-07-29,35622.06,60,0.0259,Ativo
504255,27399,115,4,2023-06-07,85375.43,24,0.0420,Em atraso
504256,27436,116,3,2025-05-07,113966.91,48,0.0248,Quitado
504257,27473,117,4,2025-08-08,43102.83,60,0.0171,Ativo
504258,27510,118,4,2026-04-10,38292.70,48,0.0354,Ativo
504259,27547,119,4,2026-04-28,44643.53,36,0.0281,Ativo
504260,27584,120,4,2020-03-13,7043.87,24,0.0228,Ativo
504261,27621,101,4,2022-03-26,109706.15,60,0.0102,Ativo
504262,27658,102,4,2022-12-27,90780.64,18,0.0391,Em atraso
504263,27695,103,3,2020-02-27,63101.33,6,0.0362,Quitado
504264,27732,104,3,2026-12-09,22759.61,6,0.0381,Quitado
504265,27769,105,3,2026-03-06,73314.00,48,0.0366,Ativo
504266,27806,106,3,2026-11-26,105720.45,36,0.0349,Quitado
504267,27843,107,4,2024-01-10,93695.88,36,0.0313,Quitado
504268,27880,108,4,2021-03-14,34894.29,12,0.0092,Ativo
504269,27917,109,3,2026-03-06,19168.67,18,0.0317,Em atraso
504270,27954,110,3,2026-03-03,82999.33,24,0.0117,Em atraso
504271,27991,111,4,2023-12-01,21078.54,60,0.0421,Em atraso
504272,28028,112,3,2025-12-01,78739.50,36,0.0313,Ativo
504273,28065,113,3,2021-04-16,76592.74,36,0.0362,Ativo
504274,28102,114,3,2025-08-04,89071.55,18,0.0293,Ativo
504275,28139,115,4,2024-08-31,118778.74,48,0.0411,Em atraso
504276,28176,116,4,2021-04-09,81256.44,24,0.0305,Quitado
504277,28213,117,3,2022-05-08,2256.63,24,0.0113,Quitado
504278,28250,118,4,2023-04-12,35460.41,48,0.0302,Quitado
504279,28287,119,3,2025-06-07,56065.39,6,0.0277,Quitado
504280,28324,120,3,2026-07-11,104421.62,60,0.0096,Ativo
504281,28361,101,4,2025-11-19,50133.66,24,0.0320,Em atraso
504282,28398,102,4,2026-03-12,89447.69,36,0.0113,Quitado
504283,28435,103,4,2023-07-16,24495.63,48,0.0341,Ativo
504284,28472,104,4,2024-10-29,30760.08,24,0.0241,Ativo
504285,28509,105,3,2023-06-09,34142.66,36,0.0192,Ativo
504286,28546,106,4,2020-09-08,50950.63,60,0.0322,Em atraso
504287,28583,107,4,2025-10-10,57151.24,36,0.0210,Ativo
504288,28620,108,4,2024-12-05,119066.11,12,0.0300,Em atraso
504289,28657,109,4,2025-05-04,34478.02,36,0.0250,Ativo
504290,28694,110,4,2023-12-05,75586.32,12,0.0246,Quitado
504291,28731,111,3,2025-03-05,39562.39,36,0.0103,Ativo
504292,28768,112,3,2021-11-08,50311.38,18,0.0217,Em atraso
504293,28805,113,4,2021-12-12,10627.30,12,0.0217,Quitado
504294,28842,114,4,2020-04-17,6923.74,6,0.0319,Quitado
504295,28879,115,3,2020-03-01,55319.02,12,0.0375,Ativo
504296,28916,116,4,2024-07-05,33740.73,36,0.0416,Ativo
504297,28953,117,3,2022-04-05,106076.29,48,0.0338,Em atraso
504298,28990,118,4,2020-09-10,54923.12,24,0.0400,Quitado
504299,29027,119,4,2020-03-10,114369.65,12,0.0264,Quitado
504300,29064,120,3,2024-03-21,46155.33,12,0.0250,Quitado
504301,29101,101,3,2023-01-12,97701.56,18,0.0192,Quitado
504302,29138,102,3,2020-10-28,83562.98,36,0.0299,Quitado
504303,29175,103,3,2023-10-13,97007.72,12,0.0432,Em atraso
504304,29212,104,3,2023-03-14,60383.38,24,0.0411,Em atraso
504305,29249,105,3,2020-04-16,12850.59,24,0.0226,Quitado
504306,29286,106,4,2026-05-17,6654.52,18,0.0397,Quitado
504307,29323,107,4,2025-01-18,32545.37,24,0.0183,Ativo
504308,29360,108,3,2024-12-24,72938.31,60,0.0206,Quitado
504309,29397,109,4,2021-04-18,10109.32,48,0.0440,Quitado
504310,29434,110,4,2026-02-27,101843.59,36,0.0292,Em atraso
504311,29471,111,4,2020-08-08,117674.86,6,0.0222,Quitado
504312,29508,112,3,2021-10-07,49864.54,6,0.0179,Ativo
504313,29545,113,4,2021-12-11,118757.24,60,0.0388,Quitado
504314,29582,114,3,2025-03-04,52800.18,36,0.0336,Ativo
504315,29619,115,3,2023-12-03,117517.29,6,0.0091,Quitado
504316,29656,116,3,2020-09-16,28770.58,6,0.0308,Em atraso
504317,29693,117,4,2026-08-09,74909.94,12,0.0180,Ativo
504318,29730,118,4,2025-08-18,51595.30,18,0.0151,Quitado
504319,29767,119,3,2024-03-07,53359.03,36,0.0097,Em atraso
504320,29804,120,4,2025-02-25,20049.83,48,0.0395,Quitado
504321,29841,101,4,2026-05-26,87349.23,12,0.0359,Ativo
504322,29878,102,3,2025-11-21,34265.52,6,0.0388,Quitado
504323,29915,103,4,2022-06-21,35075.47,24,0.0368,Ativo
504324,29952,104,4,2026-10-16,64288.73,6,0.0234,Ativo
504325,29989,105,4,2026-11-27,34040.69,18,0.0310,Ativo
504326,10026,106,3,2023-05-09,24564.83,48,0.0407,Ativo
504327,10063,107,4,2026-06-28,71242.39,6,0.0198,Ativo
504328,10100,108,4,2022-10-09,88862.49,6,0.0219,Ativo
504329,10137,109,3,2020-04-27,64338.74,24,0.0114,Em atraso
504330,10174,110,3,2021-04-09,38904.18,60,0.0256,Em atraso
504331,10211,111,4,2024-08-31,94934.76,36,0.0122,Ativo
504332,10248,112,3,2022-09-29,39718.26,60,0.0326,Ativo
504333,10285,113,3,2021-01-13,107879.26,6,0.0226,Ativo
504334,10322,114,3,2025-07-08,28478.38,6,0.0319,Em atraso
504335,10359,115,3,2023-09-17,86213.12,36,0.0431,Quitado
504336,10396,116,3,2024-10-28,50345.87,48,0.0247,Em atraso
504337,10433,117,4,2024-09-01,75159.62,48,0.0394,Ativo
504338,10470,118,4,2024-04-15,96580.57,24,0.0371,Ativo
504339,10507,119,4,2023-08-11,53297.34,48,0.0315,Em atraso
504340,10544,120,3,2023-07-14,52936.00,24,0.0336,Ativo
504341,10581,101,4,2023-07-12,35806.29,60,0.0258,Quitado
504342,10618,102,4,2020-09-20,39104.17,18,0.0133,Quitado
504343,10655,103,3,2021-01-21,110427.98,36,0.0097,Quitado
504344,10692,104,4,2021-08-14,21725.93,18,0.0215,Ativo
504345,10729,105,3,2022-07-05,17529.90,6,0.0238,Ativo
504346,10766,106,4,2020-06-24,112232.33,6,0.0301,Em atraso
504347,10803,107,4,2020-05-01,57415.16,12,0.0244,Ativo
504348,10840,108,3,2024-11-15,15532.67,24,0.0286,Em atraso
504349,10877,109,4,2020-06-08,20767.84,60,0.0247,Em atraso
504350,10914,110,4,2023-04-05,52314.88,24,0.0177,Ativo
504351,10951,111,4,2023-08-03,7874.79,6,0.0321,Ativo
504352,10988,112,4,2026-11-11,19473.75,48,0.0206,Quitado
504353,11025,113,4,2026-10-30,11014.30,18,0.0105,Quitado
504354,11062,114,4,2025-03-28,36932.82,18,0.0304,Em atraso
504355,11099,115,3,2021-08-13,43152.50,48,0.0319,Quitado
504356,11136,116,3,2025-07-25,61875.36,36,0.0267,Quitado
504357,11173,117,4,2023-02-19,7837.90,6,0.0219,Quitado
504358,11210,118,3,2025-06-17,17150.21,60,0.0322,Em atraso
504359,11247,119,4,2020-01-06,81934.90,36,0.0178,Em atraso
504360,11284,120,3,2023-01-01,11368.05,24,0.0095,Em atraso
504361,11321,101,4,2022-05-10,32586.71,36,0.0110,Ativo
504362,11358,102,4,2022-02-24,38953.68,12,0.0425,Ativo
504363,11395,103,4,2023-10-23,84548.44,48,0.0288,Em atraso
504364,11432,104,4,2021-10-08,6170.00,6,0.0243,Ativo
504365,11469,105,3,2024-02-24,33780.88,12,0.0367,Quitado
504366,11506,106,3,2026-12-25,6879.33,6,0.0130,Quitado
504367,11543,107,4,2022-07-08,115945.73,36,0.0173,Ativo
504368,11580,108,3,2025-07-07,87557.64,12,0.0409,Ativo
504369,11617,109,4,2026-05-08,28192.70,60,0.0343,Ativo
504370,11654,110,3,2020-04-12,79827.26,48,0.0305,Ativo
504371,11691,111,4,2024-08-18,29379.36,24,0.0267,Quitado
504372,11728,112,4,2022-05-10,108523.91,12,0.0204,Ativo
504373,11765,113,3,2022-12-11,100614.14,24,0.0327,Em atraso
504374,11802,114,3,2022-02-19,33063.43,48,0.0410,Quitado
504375,11839,115,3,2022-07-23,79763.25,24,0.0116,Ativo
504376,11876,116,4,2021-03-26,36623.95,60,0.0379,Em atraso
504377,11913,117,4,2023-06-12,24312.01,24,0.0156,Em atraso
504378,11950,118,4,2020-07-01,85409.17,18,0.0385,Ativo
504379,11987,119,4,2020-12-26,86721.45,60,0.0370,Ativo
504380,12024,120,4,2022-03-13,56008.28,18,0.0320,Ativo
504381,12061,101,3,2023-10-04,49170.46,36,0.0209,Ativo
504382,12098,102,4,2022-03-07,97618.15,48,0.0219,Ativo
504383,12135,103,3,2023-09-09,3324.49,12,0.0156,Ativo
504384,12172,104,3,2025-08-24,111643.54,18,0.0190,Em atraso
504385,12209,105,4,2026-06-08,1521.09,6,0.0236,Quitado
504386,12246,106,4,2023-10-19,116940.77,60,0.0303,Ativo
504387,12283,107,3,2020-10-10,105513.20,24,0.0335,Em atraso
504388,12320,108,3,2024-06-26,85720.66,18,0.0393,Ativo
504389,12357,109,4,2026-05-27,27660.54,18,0.0221,Quitado
504390,12394,110,4,2021-08-30,6876.17,48,0.0166,Em atraso
504391,12431,111,4,2025-05-14,88210.03,36,0.0400,Em atraso
504392,12468,112,3,2021-03-24,11250.58,12,0.0437,Quitado
504393,12505,113,4,2025-02-05,6055.55,12,0.0132,Quitado
504394,12542,114,3,2025-08-05,66111.64,6,0.0102,Ativo
504395,12579,115,3,2026-09-19,43117.90,48,0.0201,Ativo
504396,12616,116,3,2021-01-16,84847.45,12,0.0362,Ativo
504397,12653,117,4,2024-01-29,8235.53,60,0.0300,Ativo
504398,12690,118,4,2020-09-13,18649.62,6,0.0117,Quitado
504399,12727,119,4,2020-10-09,105206.51,48,0.0203,Em atraso
504400,12764,120,4,2021-09-24,2699.35,6,0.0177,Em atraso
504401,12801,101,3,2026-01-06,23372.66,12,0.0338,Em atraso
504402,12838,102,4,2024-01-18,64122.11,18,0.0382,Ativo
504403,12875,103,3,2020-02-26,76886.17,60,0.0288,Quitado
504404,12912,104,4,2021-08-22,118726.45,18,0.0104,Ativo
504405,12949,105,4,2022-03-11,17549.48,48,0.0090,Em atraso
504406,12986,106,3,2026-04-27,61292.65,6,0.0395,Em atraso
504407,13023,107,4,2022-08-10,100869.12,6,0.0234,Ativo
504408,13060,108,3,2024-07-07,21926.77,36,0.0232,Em atraso
504409,13097,109,3,2022-05-16,89713.92,24,0.0168,Ativo
504410,13134,110,3,2021-05-16,57745.76,24,0.0353,Ativo
504411,13171,111,4,2021-11-10,1718.39,48,0.0127,Ativo
504412,13208,112,3,2020-04-19,6909.31,18,0.0287,Quitado
504413,13245,113,4,2022-02-27,10321.90,18,0.0320,Quitado
504414,13282,114,3,2025-10-01,23763.90,36,0.0183,Ativo
504415,13319,115,3,2025-12-03,33084.10,6,0.0364,Ativo
504416,13356,116,4,2025-11-06,82614.85,24,0.0195,Quitado
504417,13393,117,3,2026-10-07,46667.45,24,0.0184,Ativo
504418,13430,118,4,2025-02-20,99391.91,18,0.0436,Quitado
504419,13467,119,4,2026-11-09,55627.30,12,0.0183,Ativo
504420,13504,120,4,2024-08-12,89224.05,18,0.0425,Ativo
504421,13541,101,4,2026-03-24,99900.22,24,0.0328,Quitado
504422,13578,102,4,2022-09-30,45688.99,6,0.0132,Ativo
504423,13615,103,4,2026-12-05,1631.26,6,0.0336,Ativo
504424,13652,104,4,2022-03-25,90253.23,12,0.0326,Em atraso
504425,13689,105,3,2020-01-17,9730.60,24,0.0424,Ativo
504426,13726,106,4,2021-08-14,42168.11,24,0.0322,Quitado
504427,13763,107,4,2023-03-29,79300.39,6,0.0437,Em atraso
504428,13800,108,3,2022-01-23,87837.54,24,0.0431,Quitado
504429,13837,109,3,2021-04-13,74822.29,18,0.0149,Quitado
504430,13874,110,3,2024-11-24,93423.03,6,0.0408,Ativo
504431,13911,111,4,2020-10-15,2746.45,60,0.0101,Em atraso
504432,13948,112,3,2025-09-09,13201.67,18,0.0315,Ativo
504433,13985,113,3,2026-02-02,3872.38,60,0.0382,Quitado
504434,14022,114,3,2026-01-17,67942.67,60,0.0168,Quitado
504435,14059,115,3,2024-12-17,103662.49,24,0.0365,Ativo
504436,14096,116,4,2023-04-26,111318.05,24,0.0418,Em atraso
504437,14133,117,3,2025-08-30,105378.90,6,0.0130,Ativo
504438,14170,118,4,2023-12-11,12113.14,18,0.0148,Ativo
504439,14207,119,4,2020-06-17,40684.08,24,0.0140,Ativo
504440,14244,120,4,2023-02-12,53752.55,6,0.0125,Quitado
504441,14281,101,3,2025-08-23,75095.96,18,0.0385,Quitado
504442,14318,102,3,2020-12-25,25407.13,24,0.0405,Em atraso
504443,14355,103,3,2020-09-04,104438.22,12,0.0310,Ativo
504444,14392,104,4,2021-07-19,111697.69,48,0.0154,Quitado
504445,14429,105,4,2023-12-20,22176.27,24,0.0221,Ativo
504446,14466,106,3,2025-01-27,53760.92,6,0.0415,Ativo
504447,14503,107,3,2026-06-28,1279.62,18,0.0395,Quitado
504448,14540,108,3,2026-07-22,105193.34,36,0.0154,Quitado
504449,14577,109,3,2024-02-15,45001.23,6,0.0171,Em atraso
504450,14614,110,4,2020-08-05,77138.78,18,0.0139,Ativo
504451,14651,111,3,2020-07-11,113714.52,18,0.0418,Ativo
504452,14688,112,4,2021-10-04,55534.95,24,0.0264,Ativo
504453,14725,113,4,2020-11-18,22698.54,48,0.0293,Quitado
504454,14762,114,3,2020-04-07,96284.96,36,0.0147,Ativo
504455,14799,115,3,2024-10-28,1512.07,60,0.0245,Ativo
504456,14836,116,3,2025-07-14,41869.18,6,0.0332,Em atraso
504457,14873,117,3,2021-06-05,98347.23,48,0.0266,Ativo
504458,14910,118,4,2022-12-24,37663.14,36,0.0105,Quitado
504459,14947,119,4,2025-12-20,93503.12,12,0.0262,Quitado
504460,14984,120,3,2021-01-28,94977.18,60,0.0285,Ativo
504461,15021,101,3,2024-12-20,68870.28,60,0.0122,Quitado
504462,15058,102,4,2024-07-25,52583.35,48,0.0164,Ativo
504463,15095,103,4,2026-08-21,25066.53,18,0.0238,Em atraso
504464,15132,104,3,2023-05-12,9245.26,48,0.0276,Ativo
504465,15169,105,4,2023-09-30,61614.68,24,0.0214,Em atraso
504466,15206,106,4,2025-06-22,20516.48,6,0.0369,Quitado
504467,15243,107,3,2020-08-04,47303.05,60,0.0219,Ativo
504468,15280,108,3,2024-01-26,24823.11,18,0.0217,Quitado
504469,15317,109,4,2025-07-03,117619.01,60,0.0416,Quitado
504470,15354,110,4,2021-06-05,41596.17,24,0.0167,Em atraso
504471,15391,111,3,2024-02-15,33896.61,60,0.0314,Em atraso
504472,15428,112,4,2024-06-11,118969.45,18,0.0144,Em atraso
504473,15465,113,4,2020-05-20,109568.51,36,0.0306,Ativo
504474,15502,114,4,2025-12-21,14308.32,48,0.0133,Em atraso
504475,15539,115,3,2023-11-29,12663.16,60,0.0402,Ativo
504476,15576,116,4,2023-01-27,48585.32,48,0.0326,Quitado
504477,15613,117,3,2025-04-09,113437.66,48,0.0341,Ativo
504478,15650,118,3,2020-01-05,83367.99,12,0.0296,Ativo
504479,15687,119,4,2023-04-29,79787.00,36,0.0137,Ativo
504480,15724,120,3,2021-08-13,24934.70,18,0.0439,Quitado
504481,15761,101,4,2023-07-25,43820.28,18,0.0155,Em atraso
504482,15798,102,3,2024-03-26,53783.91,36,0.0336,Quitado
504483,15835,103,4,2026-03-10,53744.60,48,0.0283,Ativo
504484,15872,104,4,2020-06-24,116552.77,36,0.0250,Quitado
504485,15909,105,3,2024-05-20,99947.09,6,0.0302,Quitado
504486,15946,106,4,2021-07-04,32110.38,60,0.0229,Ativo
504487,15983,107,3,2020-12-10,58915.93,18,0.0124,Quitado
504488,16020,108,4,2025-06-03,46341.58,18,0.0409,Em atraso
504489,16057,109,3,2024-03-28,118390.78,6,0.0425,Em atraso
504490,16094,110,3,2023-03-12,33886.75,6,0.0309,Quitado
504491,16131,111,4,2021-04-06,15883.31,12,0.0426,Quitado
504492,16168,112,3,2023-01-28,96853.28,6,0.0199,Ativo
504493,16205,113,3,2025-02-04,93458.60,36,0.0168,Ativo
504494,16242,114,3,2020-06-04,104264.38,24,0.0386,Em atraso
504495,16279,115,4,2023-02-19,61417.71,12,0.0368,Ativo
504496,16316,116,3,2023-06-15,29760.79,48,0.0300,Em atraso
504497,16353,117,3,2024-11-30,80272.44,48,0.0362,Quitado
504498,16390,118,4,2023-04-13,118821.07,48,0.0377,Ativo
504499,16427,119,4,2025-04-30,113152.57,6,0.0363,Em atraso
504500,16464,120,4,2022-05-03,65516.04,6,0.0408,Quitado
504501,16501,101,3,2022-08-12,75536.41,6,0.0305,Ativo
504502,16538,102,4,2026-12-08,97563.04,60,0.0336,Em atraso
504503,16575,103,3,2022-05-08,6945.17,60,0.0269,Em atraso
504504,16612,104,4,2023-08-25,115195.64,48,0.0115,Em atraso
504505,16649,105,3,2023-06-15,113991.90,12,0.0218,Em atraso
504506,16686,106,4,2023-09-23,80114.36,36,0.0262,Ativo
504507,16723,107,4,2025-10-13,87925.43,48,0.0323,Quitado
504508,16760,108,4,2023-09-27,1534.11,12,0.0245,Quitado
504509,16797,109,4,2023-11-25,104560.17,6,0.0147,Ativo
504510,16834,110,4,2026-03-02,38093.91,12,0.0345,Ativo
504511,16871,111,3,2023-02-15,113232.22,12,0.0266,Ativo
504512,16908,112,3,2020-08-11,74144.56,24,0.0110,Ativo
504513,16945,113,4,2024-11-18,1172.45,24,0.0183,Quitado
504514,16982,114,4,2023-11-19,62679.85,24,0.0287,Ativo
504515,17019,115,3,2021-01-04,36437.25,24,0.0156,Quitado
504516,17056,116,3,2020-02-02,76926.92,60,0.0108,Em atraso
504517,17093,117,4,2024-07-04,70287.48,6,0.0281,Em atraso
504518,17130,118,4,2021-07-07,113361.52,48,0.0129,Ativo
504519,17167,119,4,2025-11-26,55656.32,12,0.0407,Em atraso
504520,17204,120,3,2024-12-01,75663.60,12,0.0250,Quitado
504521,17241,101,4,2025-03-21,65096.60,6,0.0358,Ativo
504522,17278,102,3,2024-07-10,41878.98,18,0.0129,Ativo
504523,17315,103,4,2025-03-18,44348.21,60,0.0369,Em atraso
504524,17352,104,4,2020-10-25,113802.75,24,0.0181,Em atraso
504525,17389,105,3,2020-05-16,43416.34,12,0.0322,Quitado
504526,17426,106,4,2021-12-18,10349.89,48,0.0413,Em atraso
504527,17463,107,3,2024-11-05,30800.98,24,0.0335,Quitado
504528,17500,108,3,2022-06-09,24428.92,36,0.0366,Em atraso
504529,17537,109,3,2023-04-10,92268.49,60,0.0391,Quitado
504530,17574,110,4,2022-03-02,113583.99,36,0.0372,Ativo
504531,17611,111,3,2024-03-18,60305.79,12,0.0346,Quitado
504532,17648,112,4,2025-04-19,112421.27,60,0.0237,Ativo
504533,17685,113,4,2026-08-19,30147.69,36,0.0291,Quitado
504534,17722,114,3,2022-05-24,38585.04,60,0.0278,Quitado
504535,17759,115,3,2026-08-23,35018.25,6,0.0311,Quitado
504536,17796,116,3,2024-08-19,88799.29,6,0.0299,Quitado
504537,17833,117,3,2025-06-19,38976.49,18,0.0146,Ativo
504538,17870,118,3,2024-05-20,70240.30,12,0.0207,Quitado
504539,17907,119,4,2022-04-10,7507.26,12,0.0431,Em atraso
504540,17944,120,3,2024-03-04,65255.99,36,0.0141,Quitado
504541,17981,101,4,2026-06-09,83747.92,18,0.0243,Quitado
504542,18018,102,3,2025-11-23,111197.47,60,0.0118,Ativo
504543,18055,103,3,2020-05-01,94991.28,6,0.0143,Ativo
504544,18092,104,3,2020-11-20,38878.61,18,0.0412,Ativo
504545,18129,105,4,2022-08-20,23855.60,18,0.0388,Em atraso
504546,18166,106,4,2023-02-13,47929.13,18,0.0393,Ativo
504547,18203,107,4,2025-11-25,14262.21,48,0.0156,Ativo
504548,18240,108,4,2021-08-22,9056.82,60,0.0352,Em atraso
504549,18277,109,4,2024-10-09,59111.31,18,0.0245,Quitado
504550,18314,110,3,2024-02-01,34984.69,36,0.0390,Quitado
504551,18351,111,3,2024-02-04,22296.72,18,0.0217,Ativo
504552,18388,112,3,2021-10-21,12578.41,24,0.0338,Em atraso
504553,18425,113,3,2022-11-09,82450.04,12,0.0308,Ativo
504554,18462,114,4,2023-12-25,102429.89,24,0.0250,Ativo
504555,18499,115,4,2020-09-02,49555.03,60,0.0316,Quitado
504556,18536,116,3,2022-10-15,76912.51,24,0.0331,Ativo
504557,18573,117,4,2025-04-03,81322.61,12,0.0358,Ativo
504558,18610,118,3,2026-05-29,38473.69,18,0.0369,Ativo
504559,18647,119,3,2020-02-04,119967.31,60,0.0422,Em atraso
504560,18684,120,4,2025-07-11,91680.31,24,0.0188,Em atraso
504561,18721,101,3,2021-03-31,40775.70,60,0.0303,Ativo
504562,18758,102,4,2026-08-01,23282.77,48,0.0272,Quitado
504563,18795,103,3,2025-01-09,34607.42,36,0.0152,Em atraso
504564,18832,104,3,2020-11-22,74313.20,18,0.0435,Ativo
504565,18869,105,4,2020-12-16,62219.47,6,0.0257,Ativo
504566,18906,106,4,2026-06-18,109983.45,48,0.0402,Em atraso
504567,18943,107,3,2022-04-06,104054.33,24,0.0129,Ativo
504568,18980,108,4,2026-01-19,115898.55,48,0.0345,Em atraso
504569,19017,109,4,2025-10-14,102882.63,12,0.0200,Em atraso
504570,19054,110,3,2025-10-31,99851.18,24,0.0171,Quitado
504571,19091,111,4,2025-02-05,73440.88,36,0.0122,Ativo
504572,19128,112,4,2026-09-29,7212.87,18,0.0329,Quitado
504573,19165,113,3,2020-03-21,49954.99,12,0.0270,Ativo
504574,19202,114,4,2024-04-21,49687.46,6,0.0310,Quitado
504575,19239,115,4,2025-02-18,48190.13,6,0.0269,Ativo
504576,19276,116,4,2021-07-14,91942.51,12,0.0229,Quitado
504577,19313,117,3,2020-02-15,10417.58,24,0.0291,Em atraso
504578,19350,118,4,2020-04-07,102384.29,36,0.0439,Ativo
504579,19387,119,3,2021-07-09,88439.20,12,0.0137,Ativo
504580,19424,120,3,2020-12-12,15091.89,60,0.0184,Ativo
504581,19461,101,4,2023-06-13,102560.18,60,0.0294,Em atraso
504582,19498,102,3,2020-10-05,116676.17,48,0.0239,Quitado
504583,19535,103,4,2022-08-23,19150.59,24,0.0163,Ativo
504584,19572,104,4,2022-08-10,7579.17,6,0.0191,Ativo
504585,19609,105,4,2024-05-21,106186.47,60,0.0255,Ativo
504586,19646,106,3,2020-04-30,48079.50,36,0.0392,Ativo
504587,19683,107,3,2020-03-26,50911.01,36,0.0234,Em atraso
504588,19720,108,3,2025-03-29,66019.48,6,0.0133,Em atraso
504589,19757,109,4,2020-12-14,42506.51,60,0.0134,Quitado
504590,19794,110,4,2025-09-29,10019.56,12,0.0118,Em atraso
504591,19831,111,4,2026-12-09,69417.67,36,0.0296,Ativo
504592,19868,112,4,2025-09-09,2695.62,60,0.0269,Quitado
504593,19905,113,3,2023-01-04,17716.90,36,0.0187,Ativo
504594,19942,114,4,2021-09-23,15144.95,12,0.0432,Em atraso
504595,19979,115,3,2023-04-22,92652.20,6,0.0205,Quitado
504596,20016,116,4,2026-10-21,8716.25,6,0.0422,Ativo
504597,20053,117,3,2025-09-26,44268.34,36,0.0173,Em atraso
504598,20090,118,3,2024-07-27,110829.57,60,0.0156,Em atraso
504599,20127,119,4,2024-03-17,110741.88,12,0.0201,Em atraso
504600,20164,120,4,2021-04-22,64361.59,12,0.0342,Ativo
504601,20201,101,4,2025-07-11,77820.67,18,0.0231,Em atraso
504602,20238,102,3,2020-09-17,75862.03,48,0.0093,Ativo
504603,20275,103,3,2026-09-26,22508.51,48,0.0278,Quitado
504604,20312,104,4,2021-07-30,100616.66,36,0.0164,Ativo
504605,20349,105,4,2022-04-28,31885.49,12,0.0307,Quitado
504606,20386,106,3,2021-04-02,106322.65,60,0.0303,Quitado
504607,20423,107,3,2021-06-24,25704.76,36,0.0181,Quitado
504608,20460,108,3,2023-05-23,78891.92,36,0.0284,Em atraso
504609,20497,109,4,2022-05-25,8156.23,36,0.0202,Ativo
504610,20534,110,3,2022-05-25,110647.88,24,0.0298,Ativo
504611,20571,111,4,2025-04-12,32937.95,36,0.0391,Ativo
504612,20608,112,3,2022-07-28,107931.53,12,0.0292,Quitado
504613,20645,113,4,2020-07-22,28525.70,60,0.0266,Ativo
504614,20682,114,3,2025-11-02,112882.25,60,0.0394,Ativo
504615,20719,115,3,2023-06-05,17281.43,18,0.0241,Quitado
504616,20756,116,3,2021-08-08,2909.04,6,0.0113,Em atraso
504617,20793,117,3,2024-10-21,101791.22,60,0.0267,Em atraso
504618,20830,118,4,2021-01-30,98117.85,18,0.0363,Em atraso
504619,20867,119,4,2024-04-02,97573.35,12,0.0172,Ativo
504620,20904,120,3,2026-03-04,71710.57,48,0.0212,Quitado
504621,20941,101,4,2025-06-03,30047.14,6,0.0298,Em atraso
504622,20978,102,4,2020-09-14,14121.28,24,0.0309,Em atraso
504623,21015,103,3,2023-03-16,6403.06,6,0.0415,Ativo
504624,21052,104,3,2024-08-22,34405.53,36,0.0149,Em atraso
504625,21089,105,4,2020-06-29,25764.96,48,0.0223,Quitado
504626,21126,106,3,2022-07-21,48148.07,60,0.0244,Ativo
504627,21163,107,4,2023-05-03,82784.85,24,0.0317,Ativo
504628,21200,108,4,2020-06-19,2904.84,18,0.0407,Ativo
504629,21237,109,4,2020-11-12,116560.90,24,0.0095,Ativo
504630,21274,110,4,2024-11-16,107944.68,12,0.0125,Ativo
504631,21311,111,3,2021-03-29,100519.37,60,0.0394,Ativo
504632,21348,112,3,2026-07-21,69806.58,24,0.0114,Quitado
504633,21385,113,4,2020-07-22,3650.97,60,0.0175,Ativo
504634,21422,114,3,2024-05-27,53937.90,36,0.0349,Ativo
504635,21459,115,3,2021-05-30,97242.38,36,0.0120,Em atraso
504636,21496,116,4,2021-07-18,53429.27,6,0.0139,Ativo
504637,21533,117,3,2023-08-02,87993.53,18,0.0170,Quitado
504638,21570,118,3,2025-05-05,87611.85,36,0.0265,Quitado
504639,21607,119,3,2023-01-21,110161.14,6,0.0204,Quitado
504640,21644,120,3,2022-01-19,113032.49,24,0.0335,Ativo
504641,21681,101,3,2022-04-04,94119.41,48,0.0165,Ativo
504642,21718,102,3,2024-05-04,106072.42,48,0.0284,Ativo
504643,21755,103,3,2021-05-06,8478.19,6,0.0248,Ativo
504644,21792,104,4,2025-10-25,92225.16,48,0.0402,Quitado
504645,21829,105,3,2024-11-11,51649.46,60,0.0437,Em atraso
504646,21866,106,4,2020-05-11,45799.21,60,0.0257,Ativo
504647,21903,107,4,2023-01-29,17502.70,24,0.0186,Em atraso
504648,21940,108,3,2021-10-28,89561.19,6,0.0150,Em atraso
504649,21977,109,3,2020-11-05,64499.65,12,0.0149,Quitado
504650,22014,110,4,2021-07-02,25584.99,18,0.0409,Ativo
504651,22051,111,3,2020-10-28,30449.31,24,0.0270,Ativo
504652,22088,112,4,2025-04-30,114322.69,12,0.0227,Em atraso
504653,22125,113,4,2023-05-17,57773.60,60,0.0187,Ativo
504654,22162,114,3,2020-10-07,50662.65,48,0.0282,Quitado
504655,22199,115,3,2023-06-15,87924.43,60,0.0271,Quitado
504656,22236,116,3,2025-11-05,17490.70,36,0.0157,Ativo
504657,22273,117,4,2021-05-16,97342.73,12,0.0323,Ativo
504658,22310,118,3,2024-10-04,111019.68,6,0.0240,Ativo
504659,22347,119,3,2024-02-27,2100.10,6,0.0386,Em atraso
504660,22384,120,4,2023-01-24,54903.37,18,0.0333,Quitado
504661,22421,101,4,2022-12-26,92113.76,36,0.0168,Quitado
504662,22458,102,3,2023-04-23,78900.07,36,0.0280,Ativo
504663,22495,103,4,2024-11-09,29575.29,6,0.0310,Em atraso
504664,22532,104,3,2024-09-10,59601.68,18,0.0273,Ativo
504665,22569,105,4,2022-06-26,68983.87,48,0.0406,Ativo
504666,22606,106,4,2026-01-18,119493.82,60,0.0355,Quitado
504667,22643,107,3,2026-02-02,93924.72,24,0.0356,Em atraso
504668,22680,108,3,2020-04-07,79362.62,36,0.0131,Quitado
504669,22717,109,4,2023-08-04,68483.19,24,0.0114,Em atraso
504670,22754,110,4,2025-12-07,67813.85,60,0.0104,Ativo
504671,22791,111,3,2024-04-22,56935.25,24,0.0402,Quitado
504672,22828,112,3,2021-11-08,99419.91,6,0.0229,Ativo
504673,22865,113,3,2021-04-05,18104.97,48,0.0316,Ativo
504674,22902,114,4,2022-09-02,32760.47,12,0.0094,Ativo
504675,22939,115,3,2023-08-14,86529.63,60,0.0175,Quitado
504676,22976,116,3,2024-09-30,40372.20,6,0.0328,Ativo
504677,23013,117,4,2025-11-23,59323.07,18,0.0120,Ativo
504678,23050,118,4,2022-02-12,86373.35,60,0.0369,Ativo
504679,23087,119,3,2026-12-23,50377.88,24,0.0171,Ativo
504680,23124,120,4,2021-01-17,31278.77,48,0.0431,Em atraso
504681,23161,101,4,2025-01-01,19297.11,60,0.0145,Em atraso
504682,23198,102,3,2025-08-06,109270.95,24,0.0162,Em atraso
504683,23235,103,4,2020-10-18,77196.09,6,0.0404,Em atraso
504684,23272,104,4,2024-03-16,5942.75,24,0.0277,Ativo
504685,23309,105,4,2022-04-07,50265.00,36,0.0272,Ativo
504686,23346,106,3,2023-03-01,30277.46,48,0.0161,Em atraso
504687,23383,107,4,2023-01-03,24732.78,60,0.0147,Ativo
504688,23420,108,4,2020-07-09,50381.78,6,0.0358,Ativo
504689,23457,109,3,2021-01-27,56623.05,24,0.0141,Em atraso
504690,23494,110,4,2025-10-17,103237.30,12,0.0336,Ativo
504691,23531,111,4,2026-07-21,115442.68,12,0.0398,Ativo
504692,23568,112,3,2022-07-13,73486.27,24,0.0234,Ativo
504693,23605,113,3,2022-07-01,51693.52,12,0.0275,Ativo
504694,23642,114,3,2024-07-12,31017.03,36,0.0332,Ativo
504695,23679,115,3,2020-04-27,2848.10,48,0.0340,Ativo
504696,23716,116,4,2021-05-19,109865.05,36,0.0118,Quitado
504697,23753,117,4,2023-09-05,16179.73,12,0.0337,Quitado
504698,23790,118,4,2023-07-16,30694.83,48,0.0312,Quitado
504699,23827,119,3,2024-07-03,76587.76,60,0.0380,Ativo
504700,23864,120,4,2020-02-11,64878.62,12,0.0110,Em atraso
504701,23901,101,3,2023-09-01,91308.60,12,0.0130,Em atraso
504702,23938,102,4,2021-02-18,31937.42,36,0.0164,Ativo
504703,23975,103,3,2021-06-05,8153.07,24,0.0223,Quitado
504704,24012,104,3,2021-11-22,91859.83,36,0.0249,Ativo
504705,24049,105,4,2022-09-14,35660.76,18,0.0174,Ativo
504706,24086,106,3,2022-09-18,102564.56,12,0.0215,Em atraso
504707,24123,107,3,2026-10-07,11312.02,36,0.0377,Ativo
504708,24160,108,3,2022-03-04,54522.06,36,0.0321,Ativo
504709,24197,109,4,2021-12-03,87688.13,24,0.0117,Quitado
504710,24234,110,3,2022-08-28,78300.96,24,0.0310,Em atraso
504711,24271,111,4,2021-04-02,57220.45,36,0.0104,Ativo
504712,24308,112,3,2025-10-19,97554.97,60,0.0124,Em atraso
504713,24345,113,4,2023-07-07,20918.95,36,0.0235,Ativo
504714,24382,114,4,2025-02-18,62715.77,6,0.0395,Ativo
504715,24419,115,3,2022-10-08,19220.93,24,0.0190,Ativo
504716,24456,116,4,2026-01-20,64407.67,48,0.0197,Ativo
504717,24493,117,4,2024-04-19,80850.44,36,0.0414,Quitado
504718,24530,118,4,2026-11-16,12349.50,24,0.0159,Ativo
504719,24567,119,3,2025-12-05,33329.06,18,0.0410,Ativo
504720,24604,120,4,2022-08-19,23259.45,36,0.0204,Quitado
504721,24641,101,4,2023-10-09,114528.78,60,0.0117,Ativo
504722,24678,102,3,2024-11-11,73028.49,12,0.0187,Ativo
504723,24715,103,4,2026-01-21,3407.30,36,0.0426,Ativo
504724,24752,104,4,2022-07-20,116177.94,48,0.0230,Ativo
504725,24789,105,4,2025-07-16,105816.78,60,0.0384,Ativo
504726,24826,106,4,2020-12-17,1366.86,48,0.0428,Em atraso
504727,24863,107,3,2022-08-18,36026.29,12,0.0263,Em atraso
504728,24900,108,3,2024-01-07,88464.86,6,0.0437,Quitado
504729,24937,109,3,2025-04-01,93348.89,6,0.0166,Ativo
504730,24974,110,4,2023-07-04,51455.97,18,0.0160,Quitado
504731,25011,111,3,2023-02-15,20013.71,24,0.0377,Em atraso
504732,25048,112,3,2025-03-17,45189.20,12,0.0128,Ativo
504733,25085,113,3,2026-11-25,66173.84,12,0.0298,Quitado
504734,25122,114,4,2024-10-16,113741.36,60,0.0175,Ativo
504735,25159,115,4,2026-05-11,16690.57,48,0.0255,Ativo
504736,25196,116,3,2023-01-02,54907.91,48,0.0418,Ativo
504737,25233,117,4,2024-08-21,75084.64,60,0.0399,Ativo
504738,25270,118,3,2024-07-17,81087.22,36,0.0170,Ativo
504739,25307,119,3,2020-03-15,32795.06,6,0.0096,Quitado
504740,25344,120,3,2022-08-25,28574.15,24,0.0371,Em atraso
504741,25381,101,3,2026-12-16,83636.23,12,0.0265,Em atraso
504742,25418,102,3,2022-04-10,14028.33,18,0.0095,Ativo
504743,25455,103,4,2021-10-13,9093.88,12,0.0332,Ativo
504744,25492,104,4,2023-05-12,111632.93,60,0.0237,Quitado
504745,25529,105,3,2025-05-13,34850.53,6,0.0136,Ativo
504746,25566,106,4,2020-08-17,105209.49,24,0.0215,Em atraso
504747,25603,107,4,2020-02-04,24681.06,24,0.0377,Em atraso
504748,25640,108,4,2021-11-13,42304.37,24,0.0261,Quitado
504749,25677,109,3,2026-06-10,14609.01,36,0.0210,Em atraso
504750,25714,110,4,2025-08-21,86012.55,12,0.0226,Ativo
504751,25751,111,3,2024-01-15,2964.27,48,0.0118,Ativo
504752,25788,112,4,2026-11-22,94054.36,60,0.0285,Ativo
504753,25825,113,3,2021-05-25,35732.77,24,0.0428,Quitado
504754,25862,114,3,2022-11-29,98370.77,6,0.0237,Ativo
504755,25899,115,3,2026-12-17,109338.70,12,0.0281,Em atraso
504756,25936,116,3,2021-07-24,32252.80,6,0.0177,Em atraso
504757,25973,117,4,2026-01-06,37750.13,36,0.0202,Quitado
504758,26010,118,4,2020-10-09,56770.83,36,0.0103,Quitado
504759,26047,119,3,2020-07-16,55548.34,60,0.0293,Em atraso
504760,26084,120,3,2020-10-04,12019.27,18,0.0354,Ativo
504761,26121,101,3,2023-01-24,102351.72,6,0.0180,Ativo
504762,26158,102,3,2020-05-04,118442.28,24,0.0276,Ativo
504763,26195,103,3,2023-03-05,47734.81,18,0.0266,Em atraso
504764,26232,104,4,2020-06-05,85256.25,18,0.0327,Quitado
504765,26269,105,3,2024-02-15,51533.02,6,0.0432,Ativo
504766,26306,106,4,2024-07-10,119734.47,6,0.0309,Ativo
504767,26343,107,4,2024-10-15,46173.73,24,0.0124,Ativo
504768,26380,108,3,2020-10-13,101869.82,24,0.0144,Quitado
504769,26417,109,4,2026-11-14,94424.45,36,0.0337,Ativo
504770,26454,110,4,2022-12-26,1681.01,60,0.0272,Ativo
504771,26491,111,3,2023-01-31,73698.50,12,0.0413,Ativo
504772,26528,112,3,2025-06-27,5177.89,48,0.0202,Ativo
504773,26565,113,3,2021-10-13,23808.99,18,0.0140,Ativo
504774,26602,114,3,2023-01-03,34751.73,6,0.0178,Ativo
504775,26639,115,3,2025-03-15,25811.66,60,0.0240,Em atraso
504776,26676,116,4,2023-10-04,45505.83,12,0.0112,Ativo
504777,26713,117,3,2020-04-19,56327.20,12,0.0356,Em atraso
504778,26750,118,3,2021-05-04,9792.15,18,0.0218,Ativo
504779,26787,119,3,2021-11-11,53483.69,18,0.0407,Ativo
504780,26824,120,4,2025-05-24,78969.76,18,0.0128,Ativo
504781,26861,101,4,2020-05-24,103369.82,48,0.0396,Quitado
504782,26898,102,3,2021-12-05,13150.40,12,0.0402,Ativo
504783,26935,103,4,2024-11-26,90639.38,24,0.0164,Em atraso
504784,26972,104,3,2022-10-09,93447.19,6,0.0230,Quitado
504785,27009,105,3,2021-08-16,90657.87,6,0.0288,Em atraso
504786,27046,106,3,2022-08-22,48991.69,6,0.0315,Ativo
504787,27083,107,3,2021-04-19,73331.61,12,0.0213,Quitado
504788,27120,108,3,2026-09-29,57735.27,48,0.0371,Ativo
504789,27157,109,3,2026-07-26,17510.19,18,0.0225,Ativo
504790,27194,110,3,2026-11-18,55800.25,24,0.0379,Ativo
504791,27231,111,3,2025-07-23,17602.71,24,0.0384,Em atraso
504792,27268,112,3,2022-07-05,45896.44,60,0.0132,Quitado
504793,27305,113,3,2021-09-27,112798.56,18,0.0403,Ativo
504794,27342,114,3,2024-03-06,79068.80,48,0.0424,Ativo
504795,27379,115,4,2020-08-17,75033.29,36,0.0404,Ativo
504796,27416,116,4,2020-05-22,41791.70,18,0.0237,Em atraso
504797,27453,117,3,2021-12-03,16590.24,18,0.0438,Ativo
504798,27490,118,3,2023-09-06,5175.52,48,0.0120,Ativo
504799,27527,119,3,2025-03-02,89978.53,48,0.0242,Ativo
504800,27564,120,3,2026-07-26,18801.23,48,0.0324,Quitado
504801,27601,101,3,2023-12-13,81478.05,24,0.0121,Ativo
504802,27638,102,4,2021-08-12,46448.44,6,0.0218,Ativo
504803,27675,103,3,2021-04-28,86492.06,18,0.0393,Ativo
504804,27712,104,3,2024-09-30,56732.68,6,0.0329,Em atraso
504805,27749,105,4,2023-11-29,33598.00,12,0.0106,Ativo
504806,27786,106,4,2021-08-28,73417.47,12,0.0400,Ativo
504807,27823,107,3,2022-11-20,18937.25,24,0.0350,Em atraso
504808,27860,108,3,2024-10-08,19916.82,12,0.0231,Ativo
504809,27897,109,3,2020-10-20,110334.30,12,0.0436,Quitado
504810,27934,110,3,2024-04-11,55253.80,60,0.0387,Quitado
504811,27971,111,3,2024-12-04,95286.07,24,0.0154,Ativo
504812,28008,112,3,2024-02-18,105490.74,24,0.0248,Ativo
504813,28045,113,4,2020-08-14,33711.97,18,0.0395,Ativo
504814,28082,114,4,2026-12-23,61396.85,24,0.0110,Em atraso
504815,28119,115,3,2023-11-04,7105.36,36,0.0129,Ativo
504816,28156,116,4,2022-06-26,119868.59,12,0.0104,Em atraso
504817,28193,117,4,2026-11-17,103476.93,6,0.0401,Quitado
504818,28230,118,4,2021-07-01,62368.78,24,0.0339,Quitado
504819,28267,119,3,2023-11-09,41230.75,6,0.0206,Quitado
504820,28304,120,4,2026-01-13,101399.75,18,0.0144,Ativo
504821,28341,101,4,2024-08-03,6863.56,18,0.0335,Ativo
504822,28378,102,3,2022-12-16,5776.39,24,0.0266,Em atraso
504823,28415,103,3,2022-12-10,27127.90,60,0.0228,Quitado
504824,28452,104,4,2020-12-01,28214.55,36,0.0121,Ativo
504825,28489,105,4,2020-08-19,105049.76,12,0.0248,Em atraso
504826,28526,106,3,2025-11-28,48500.57,24,0.0107,Ativo
504827,28563,107,4,2020-03-16,46941.36,60,0.0189,Quitado
504828,28600,108,4,2020-06-19,39257.45,18,0.0175,Quitado
504829,28637,109,3,2021-08-17,79299.60,6,0.0306,Ativo
504830,28674,110,3,2020-05-15,112073.31,48,0.0304,Quitado
504831,28711,111,4,2023-09-07,52230.94,18,0.0409,Ativo
504832,28748,112,3,2025-06-12,97507.80,12,0.0192,Ativo
504833,28785,113,3,2026-03-06,53793.29,60,0.0322,Ativo
504834,28822,114,4,2025-10-02,70242.08,6,0.0146,Quitado
504835,28859,115,3,2023-07-31,53395.46,12,0.0242,Ativo
504836,28896,116,3,2023-03-30,47387.96,36,0.0304,Em atraso
504837,28933,117,3,2024-08-11,30144.87,6,0.0264,Quitado
504838,28970,118,3,2023-10-06,92721.84,6,0.0339,Em atraso
504839,29007,119,3,2021-12-20,48784.14,60,0.0221,Ativo
504840,29044,120,4,2025-12-04,66359.08,12,0.0111,Quitado
504841,29081,101,4,2020-02-12,13607.19,36,0.0358,Ativo
504842,29118,102,3,2021-03-17,74134.45,6,0.0093,Em atraso
504843,29155,103,4,2020-11-21,50495.40,18,0.0283,Ativo
504844,29192,104,4,2021-04-30,82704.25,6,0.0105,Em atraso
504845,29229,105,4,2022-04-28,116964.57,48,0.0416,Quitado
504846,29266,106,3,2025-10-08,52135.68,60,0.0265,Quitado
504847,29303,107,3,2024-12-02,87863.20,18,0.0382,Ativo
504848,29340,108,3,2025-12-29,63499.24,60,0.0409,Ativo
504849,29377,109,3,2020-05-05,47112.81,60,0.0156,Ativo
504850,29414,110,4,2025-09-09,67729.59,18,0.0314,Em atraso
504851,29451,111,4,2023-03-02,69630.85,18,0.0334,Ativo
504852,29488,112,3,2023-02-13,101770.67,24,0.0317,Ativo
504853,29525,113,4,2026-03-24,116326.82,18,0.0150,Ativo
504854,29562,114,3,2022-06-02,62770.54,12,0.0261,Em atraso
504855,29599,115,3,2020-09-10,99812.36,24,0.0301,Em atraso
504856,29636,116,3,2023-05-23,64841.74,18,0.0406,Quitado
504857,29673,117,4,2020-11-12,89215.68,18,0.0263,Em atraso
504858,29710,118,4,2025-03-03,52652.63,48,0.0313,Ativo
504859,29747,119,3,2021-05-21,57241.27,48,0.0151,Em atraso
504860,29784,120,3,2024-10-11,112865.43,48,0.0195,Ativo
504861,29821,101,3,2026-04-26,30365.20,6,0.0117,Ativo
504862,29858,102,4,2021-06-13,98186.62,18,0.0242,Quitado
504863,29895,103,4,2025-04-11,104806.94,36,0.0162,Ativo
504864,29932,104,3,2025-04-08,64545.18,12,0.0119,Ativo
504865,29969,105,3,2024-08-09,58668.02,48,0.0200,Quitado
504866,10006,106,4,2021-06-25,76664.45,36,0.0279,Ativo
504867,10043,107,3,2026-04-08,105378.43,24,0.0253,Quitado
504868,10080,108,4,2025-07-11,109043.12,48,0.0114,Em atraso
504869,10117,109,4,2023-11-29,79341.19,48,0.0102,Ativo
504870,10154,110,3,2022-08-15,85111.11,12,0.0361,Ativo
504871,10191,111,4,2024-04-28,86415.80,36,0.0201,Quitado
504872,10228,112,3,2021-07-04,8075.76,6,0.0409,Ativo
504873,10265,113,3,2020-03-25,88631.22,12,0.0188,Quitado
504874,10302,114,3,2026-08-23,47724.17,24,0.0194,Ativo
504875,10339,115,3,2024-02-04,87268.93,60,0.0147,Em atraso
504876,10376,116,4,2021-12-23,1197.18,18,0.0323,Ativo
504877,10413,117,3,2022-06-18,99206.70,48,0.0407,Quitado
504878,10450,118,4,2026-01-13,74500.68,48,0.0116,Ativo
504879,10487,119,4,2026-12-15,103163.86,60,0.0330,Ativo
504880,10524,120,4,2021-01-08,82269.78,60,0.0335,Em atraso
504881,10561,101,3,2021-12-08,43238.35,36,0.0430,Ativo
504882,10598,102,3,2022-03-01,24051.65,36,0.0333,Quitado
504883,10635,103,3,2023-07-09,6876.63,12,0.0409,Ativo
504884,10672,104,3,2023-06-07,27122.43,24,0.0397,Quitado
504885,10709,105,3,2025-05-18,10166.60,6,0.0429,Em atraso
504886,10746,106,4,2026-06-07,55604.01,24,0.0249,Quitado
504887,10783,107,4,2021-07-25,43094.58,36,0.0120,Quitado
504888,10820,108,3,2025-01-29,53396.20,36,0.0114,Ativo
504889,10857,109,3,2025-04-18,105156.67,24,0.0385,Ativo
504890,10894,110,3,2023-05-07,28190.01,18,0.0370,Em atraso
504891,10931,111,4,2025-05-22,110465.22,24,0.0213,Ativo
504892,10968,112,3,2025-03-14,89577.55,6,0.0439,Ativo
504893,11005,113,4,2026-10-31,47241.15,12,0.0385,Ativo
504894,11042,114,3,2021-07-09,8024.26,48,0.0103,Ativo
504895,11079,115,3,2022-08-23,92332.51,12,0.0178,Ativo
504896,11116,116,4,2021-08-13,33219.06,36,0.0215,Em atraso
504897,11153,117,4,2026-01-13,54150.09,48,0.0150,Em atraso
504898,11190,118,4,2024-08-16,99068.09,60,0.0228,Quitado
504899,11227,119,3,2020-07-18,46160.70,18,0.0104,Ativo
504900,11264,120,4,2023-11-30,46347.59,18,0.0187,Quitado
504901,11301,101,3,2023-07-30,38828.57,18,0.0245,Em atraso
504902,11338,102,3,2020-04-10,72781.58,36,0.0221,Ativo
504903,11375,103,4,2026-08-03,13645.71,18,0.0373,Quitado
504904,11412,104,3,2021-07-14,55060.03,24,0.0117,Ativo
504905,11449,105,4,2024-11-17,92641.75,48,0.0433,Quitado
504906,11486,106,3,2021-11-06,106062.98,36,0.0235,Ativo
504907,11523,107,3,2022-08-22,46513.87,12,0.0233,Ativo
504908,11560,108,3,2025-10-29,119306.46,18,0.0213,Quitado
504909,11597,109,3,2026-09-29,113267.49,24,0.0404,Em atraso
504910,11634,110,3,2023-04-04,9375.64,18,0.0402,Em atraso
504911,11671,111,4,2023-07-07,91008.32,6,0.0166,Ativo
504912,11708,112,4,2025-01-10,6860.90,12,0.0212,Quitado
504913,11745,113,3,2025-05-05,5276.41,6,0.0439,Em atraso
504914,11782,114,4,2020-08-14,39062.51,36,0.0225,Ativo
504915,11819,115,3,2023-12-14,88062.82,24,0.0329,Ativo
504916,11856,116,3,2020-02-27,113479.46,24,0.0328,Ativo
504917,11893,117,3,2024-09-07,96399.48,24,0.0265,Em atraso
504918,11930,118,4,2023-12-03,80848.07,24,0.0203,Ativo
504919,11967,119,4,2023-01-24,51163.04,6,0.0338,Em atraso
504920,12004,120,3,2022-11-22,40246.08,48,0.0206,Quitado
504921,12041,101,3,2024-07-16,103483.07,60,0.0289,Em atraso
504922,12078,102,4,2023-08-01,60527.76,6,0.0392,Ativo
504923,12115,103,3,2021-03-11,2895.46,6,0.0380,Quitado
504924,12152,104,4,2022-05-10,64105.72,6,0.0436,Quitado
504925,12189,105,4,2022-10-02,99131.55,24,0.0316,Ativo
504926,12226,106,3,2023-12-12,34844.99,36,0.0144,Ativo
504927,12263,107,4,2024-03-22,8183.61,48,0.0167,Em atraso
504928,12300,108,3,2025-10-31,27585.08,48,0.0326,Ativo
504929,12337,109,4,2025-01-08,28037.36,6,0.0305,Quitado
504930,12374,110,3,2024-10-02,81555.55,18,0.0393,Ativo
504931,12411,111,4,2020-04-29,66212.00,60,0.0263,Ativo
504932,12448,112,4,2026-06-16,50700.77,6,0.0335,Quitado
504933,12485,113,3,2020-02-16,33998.61,36,0.0357,Ativo
504934,12522,114,4,2020-07-08,107679.55,36,0.0108,Em atraso
504935,12559,115,4,2020-02-20,99037.34,48,0.0209,Em atraso
504936,12596,116,3,2023-10-16,90055.05,6,0.0418,Quitado
504937,12633,117,4,2025-07-24,50624.11,48,0.0286,Ativo
504938,12670,118,3,2024-10-31,51940.93,48,0.0201,Quitado
504939,12707,119,3,2020-05-18,36887.45,48,0.0419,Quitado
504940,12744,120,3,2020-05-18,11119.00,48,0.0222,Ativo
504941,12781,101,3,2021-08-19,83726.02,6,0.0179,Quitado
504942,12818,102,3,2021-08-30,5394.35,36,0.0197,Ativo
504943,12855,103,4,2023-11-30,119147.57,48,0.0171,Em atraso
504944,12892,104,3,2022-03-25,54703.25,6,0.0103,Em atraso
504945,12929,105,4,2025-12-24,114399.84,24,0.0185,Quitado
504946,12966,106,4,2025-07-03,12239.70,48,0.0259,Ativo
504947,13003,107,4,2025-03-31,102034.14,60,0.0429,Quitado
504948,13040,108,3,2022-03-23,31616.16,60,0.0144,Quitado
504949,13077,109,3,2021-07-19,98792.07,12,0.0241,Ativo
504950,13114,110,4,2026-07-21,26824.01,12,0.0182,Ativo
504951,13151,111,3,2024-06-11,109956.21,36,0.0295,Quitado
504952,13188,112,3,2022-06-23,101509.54,60,0.0332,Ativo
504953,13225,113,3,2024-12-18,64555.24,48,0.0436,Em atraso
504954,13262,114,3,2023-10-04,26830.91,60,0.0232,Em atraso
504955,13299,115,4,2020-07-07,36564.20,12,0.0400,Em atraso
504956,13336,116,4,2025-08-11,41911.86,6,0.0153,Ativo
504957,13373,117,4,2022-05-30,65990.49,24,0.0251,Ativo
504958,13410,118,4,2026-10-30,44657.62,48,0.0359,Ativo
504959,13447,119,3,2026-03-18,113486.24,18,0.0281,Em atraso
504960,13484,120,4,2023-01-05,101448.92,6,0.0386,Ativo
504961,13521,101,4,2024-11-11,116877.67,12,0.0188,Ativo
504962,13558,102,4,2020-03-14,116979.35,36,0.0210,Quitado
504963,13595,103,3,2020-04-09,28752.04,48,0.0236,Ativo
504964,13632,104,4,2021-12-21,105252.09,18,0.0111,Ativo
504965,13669,105,4,2025-10-31,100992.90,24,0.0189,Quitado
504966,13706,106,3,2021-11-22,33501.29,24,0.0303,Ativo
504967,13743,107,3,2026-02-06,45904.17,6,0.0319,Em atraso
504968,13780,108,3,2020-10-20,25553.99,48,0.0128,Quitado
504969,13817,109,3,2022-07-05,17313.68,24,0.0427,Ativo
504970,13854,110,4,2020-05-12,74898.05,60,0.0162,Quitado
504971,13891,111,3,2022-11-27,77796.91,6,0.0318,Ativo
504972,13928,112,3,2022-11-15,113471.71,6,0.0186,Ativo
504973,13965,113,4,2023-05-01,83911.40,12,0.0292,Ativo
504974,14002,114,3,2020-03-27,2940.60,24,0.0415,Ativo
504975,14039,115,3,2025-03-23,47082.57,6,0.0365,Quitado
504976,14076,116,4,2026-08-05,115977.49,60,0.0162,Quitado
504977,14113,117,3,2021-01-13,105531.50,24,0.0107,Ativo
504978,14150,118,4,2022-01-09,110810.76,48,0.0440,Em atraso
504979,14187,119,3,2022-12-10,105385.34,6,0.0434,Quitado
504980,14224,120,4,2026-04-29,77056.94,36,0.0313,Ativo
504981,14261,101,4,2022-02-09,8860.98,24,0.0326,Ativo
504982,14298,102,3,2026-09-30,49603.12,24,0.0333,Ativo
504983,14335,103,4,2026-09-17,116162.57,48,0.0120,Ativo
504984,14372,104,3,2024-03-27,105054.75,60,0.0229,Em atraso
504985,14409,105,3,2020-09-06,117483.53,60,0.0326,Ativo
504986,14446,106,4,2023-07-08,72014.51,12,0.0179,Ativo
504987,14483,107,3,2022-11-01,67253.67,18,0.0105,Ativo
504988,14520,108,3,2025-02-03,58207.87,18,0.0345,Em atraso
504989,14557,109,3,2021-11-20,95522.08,48,0.0268,Quitado
504990,14594,110,4,2023-01-11,52220.94,24,0.0130,Em atraso
504991,14631,111,3,2026-07-19,104116.36,12,0.0406,Em atraso
504992,14668,112,4,2020-12-28,100366.23,60,0.0416,Ativo
504993,14705,113,4,2023-08-11,10968.87,60,0.0107,Ativo
504994,14742,114,3,2025-01-11,89942.05,24,0.0252,Em atraso
504995,14779,115,4,2023-10-15,64750.56,60,0.0313,Em atraso
504996,14816,116,4,2022-01-07,103900.95,6,0.0202,Quitado
504997,14853,117,4,2026-09-20,67703.06,18,0.0280,Quitado
504998,14890,118,3,2024-09-11,80693.10,60,0.0120,Quitado
504999,14927,119,3,2025-05-12,63309.68,18,0.0350,Em atraso
505000,14964,120,4,2020-11-07,41800.02,48,0.0255,Ativo
505001,15001,101,4,2024-09-17,77195.79,48,0.0225,Quitado
505002,15038,102,4,2022-12-12,37224.38,24,0.0276,Em atraso
505003,15075,103,3,2023-07-28,99399.46,60,0.0332,Ativo
505004,15112,104,4,2024-04-24,59951.51,36,0.0378,Ativo
505005,15149,105,3,2021-10-19,97902.73,18,0.0342,Em atraso
505006,15186,106,4,2026-09-16,91148.17,12,0.0306,Em atraso
505007,15223,107,3,2026-04-05,2064.31,18,0.0153,Ativo
505008,15260,108,4,2025-11-01,110614.29,36,0.0279,Ativo
505009,15297,109,3,2023-06-06,100344.22,60,0.0383,Ativo
505010,15334,110,4,2025-02-15,55753.23,48,0.0160,Quitado
505011,15371,111,3,2021-04-28,65461.12,60,0.0154,Ativo
505012,15408,112,3,2023-11-22,99076.23,48,0.0345,Em atraso
505013,15445,113,4,2020-04-06,85872.80,18,0.0228,Quitado
505014,15482,114,3,2025-09-02,97006.70,6,0.0192,Ativo
505015,15519,115,3,2025-08-15,115220.60,60,0.0378,Ativo
505016,15556,116,4,2023-04-30,67499.88,12,0.0422,Ativo
505017,15593,117,4,2021-07-23,64128.30,60,0.0245,Quitado
505018,15630,118,4,2024-03-28,13743.59,24,0.0259,Ativo
505019,15667,119,3,2022-05-16,99496.10,48,0.0114,Quitado
505020,15704,120,3,2026-09-03,58955.68,18,0.0103,Em atraso
505021,15741,101,3,2026-01-07,8180.42,12,0.0184,Ativo
505022,15778,102,3,2021-02-23,102043.72,60,0.0326,Quitado
505023,15815,103,3,2024-12-04,62699.96,60,0.0169,Em atraso
505024,15852,104,3,2022-05-13,18642.69,12,0.0176,Em atraso
505025,15889,105,3,2021-01-25,25358.83,60,0.0107,Ativo
505026,15926,106,3,2020-01-29,33796.18,12,0.0132,Ativo
505027,15963,107,3,2022-01-16,96927.28,12,0.0175,Ativo
505028,16000,108,3,2025-11-25,89296.77,36,0.0335,Ativo
505029,16037,109,3,2024-07-21,29770.69,12,0.0204,Ativo
505030,16074,110,3,2023-12-21,33451.27,48,0.0363,Ativo
505031,16111,111,3,2021-07-20,33067.34,24,0.0386,Quitado
505032,16148,112,3,2026-12-17,110786.29,24,0.0142,Em atraso
505033,16185,113,3,2021-11-29,106505.79,36,0.0184,Ativo
505034,16222,114,4,2020-11-05,68959.96,18,0.0439,Quitado
505035,16259,115,3,2024-06-21,61602.33,36,0.0251,Ativo
505036,16296,116,4,2024-06-09,108895.31,12,0.0109,Quitado
505037,16333,117,3,2022-09-28,20529.11,48,0.0363,Quitado
505038,16370,118,4,2022-07-25,31900.87,18,0.0259,Quitado
505039,16407,119,4,2020-08-04,22093.75,18,0.0430,Quitado
505040,16444,120,4,2023-06-04,107294.32,12,0.0431,Quitado
505041,16481,101,3,2026-11-02,12260.87,48,0.0229,Quitado
505042,16518,102,3,2023-07-06,73794.65,6,0.0299,Ativo
505043,16555,103,3,2026-06-05,98356.22,24,0.0187,Quitado
505044,16592,104,4,2022-02-09,95698.44,36,0.0183,Em atraso
505045,16629,105,3,2025-08-27,23844.13,60,0.0091,Ativo
505046,16666,106,3,2026-03-30,27606.03,48,0.0430,Quitado
505047,16703,107,4,2025-09-05,63318.77,24,0.0322,Em atraso
505048,16740,108,4,2023-08-27,35213.08,18,0.0123,Em atraso
505049,16777,109,3,2025-03-15,93099.89,6,0.0217,Ativo
505050,16814,110,3,2022-01-27,56433.19,48,0.0238,Quitado
505051,16851,111,4,2022-02-06,48573.72,36,0.0437,Quitado
505052,16888,112,4,2023-12-23,19867.19,6,0.0356,Ativo
505053,16925,113,3,2020-05-22,11169.62,48,0.0253,Quitado
505054,16962,114,4,2024-07-17,30384.77,48,0.0154,Ativo
505055,16999,115,3,2022-10-15,101613.00,12,0.0331,Ativo
505056,17036,116,4,2024-06-20,118333.96,12,0.0212,Em atraso
505057,17073,117,3,2025-10-14,28845.38,18,0.0323,Ativo
505058,17110,118,4,2022-11-29,11644.28,12,0.0248,Ativo
505059,17147,119,4,2021-12-10,77751.94,6,0.0289,Em atraso
505060,17184,120,3,2020-09-07,14838.97,12,0.0323,Ativo
505061,17221,101,4,2022-11-09,112587.38,24,0.0326,Em atraso
505062,17258,102,4,2023-07-06,62722.08,18,0.0174,Ativo
505063,17295,103,4,2020-01-16,104740.63,12,0.0249,Quitado
505064,17332,104,4,2022-11-30,115255.97,24,0.0269,Quitado
505065,17369,105,4,2026-08-06,11229.05,12,0.0198,Ativo
505066,17406,106,4,2025-01-29,91894.84,18,0.0284,Ativo
505067,17443,107,4,2022-06-17,73062.75,24,0.0301,Ativo
505068,17480,108,3,2024-10-02,72390.02,36,0.0177,Em atraso
505069,17517,109,4,2026-08-14,14369.65,24,0.0128,Quitado
505070,17554,110,3,2026-01-11,92832.46,24,0.0398,Ativo
505071,17591,111,4,2024-07-13,55921.89,60,0.0427,Ativo
505072,17628,112,4,2024-07-27,85448.24,48,0.0335,Quitado
505073,17665,113,3,2026-09-09,22454.29,18,0.0346,Ativo
505074,17702,114,3,2021-08-17,64412.56,6,0.0425,Ativo
505075,17739,115,4,2025-01-14,111915.36,24,0.0171,Ativo
505076,17776,116,4,2022-11-28,94697.98,24,0.0210,Ativo
505077,17813,117,4,2021-09-07,22541.58,18,0.0147,Quitado
505078,17850,118,4,2026-02-19,86722.40,12,0.0408,Em atraso
505079,17887,119,3,2026-02-20,65395.55,48,0.0344,Quitado
505080,17924,120,3,2023-11-13,84312.53,60,0.0381,Ativo
505081,17961,101,4,2023-12-27,65758.65,36,0.0355,Ativo
505082,17998,102,4,2021-11-24,77248.35,6,0.0317,Ativo
505083,18035,103,3,2026-09-29,97518.76,24,0.0117,Ativo
505084,18072,104,4,2026-05-14,65404.33,36,0.0372,Quitado
505085,18109,105,3,2020-04-30,103443.77,12,0.0116,Ativo
505086,18146,106,4,2024-04-28,60252.86,60,0.0308,Em atraso
505087,18183,107,3,2023-04-30,5981.47,6,0.0342,Ativo
505088,18220,108,4,2026-05-25,96245.69,18,0.0109,Em atraso
505089,18257,109,3,2020-01-26,38976.38,60,0.0276,Ativo
505090,18294,110,3,2024-11-10,116338.88,60,0.0385,Ativo
505091,18331,111,3,2025-02-23,108444.25,60,0.0160,Quitado
505092,18368,112,4,2023-03-05,101676.95,36,0.0419,Em atraso
505093,18405,113,4,2026-11-24,114294.74,12,0.0395,Ativo
505094,18442,114,4,2021-11-10,12201.83,60,0.0180,Ativo
505095,18479,115,3,2020-12-19,100643.03,36,0.0199,Ativo
505096,18516,116,3,2022-03-28,86702.22,6,0.0155,Em atraso
505097,18553,117,3,2025-01-02,84100.91,60,0.0247,Em atraso
505098,18590,118,3,2020-05-29,57569.05,48,0.0233,Ativo
505099,18627,119,4,2023-02-18,34187.95,12,0.0096,Em atraso
505100,18664,120,3,2021-07-03,30272.56,12,0.0417,Quitado
505101,18701,101,3,2021-08-22,33753.44,18,0.0197,Em atraso
505102,18738,102,4,2022-02-02,95326.75,36,0.0236,Quitado
505103,18775,103,4,2021-02-25,82049.68,12,0.0162,Ativo
505104,18812,104,4,2022-03-29,54256.71,6,0.0142,Ativo
505105,18849,105,3,2020-03-01,103847.34,12,0.0124,Ativo
505106,18886,106,3,2025-09-04,75834.50,36,0.0193,Quitado
505107,18923,107,3,2026-09-11,43733.27,18,0.0177,Em atraso
505108,18960,108,3,2022-12-24,34599.26,18,0.0196,Quitado
505109,18997,109,4,2021-06-30,73481.74,12,0.0365,Em atraso
505110,19034,110,4,2024-10-06,73427.10,48,0.0272,Ativo
505111,19071,111,4,2021-01-02,18139.43,60,0.0222,Em atraso
505112,19108,112,4,2024-05-14,82666.38,12,0.0233,Em atraso
505113,19145,113,4,2026-01-07,111214.94,18,0.0158,Quitado
505114,19182,114,3,2023-05-10,102104.11,36,0.0436,Ativo
505115,19219,115,3,2021-10-12,102113.43,60,0.0389,Quitado
505116,19256,116,4,2023-12-22,111779.01,12,0.0205,Ativo
505117,19293,117,4,2021-12-02,75706.97,60,0.0203,Em atraso
505118,19330,118,4,2020-05-06,87406.80,18,0.0169,Ativo
505119,19367,119,4,2024-06-25,66681.34,60,0.0090,Ativo
505120,19404,120,4,2021-12-28,35933.56,6,0.0237,Em atraso
505121,19441,101,3,2022-12-18,103049.69,6,0.0274,Em atraso
505122,19478,102,3,2025-12-30,113482.53,24,0.0419,Ativo
505123,19515,103,3,2021-01-28,81973.94,48,0.0430,Em atraso
505124,19552,104,4,2023-12-07,5710.14,48,0.0260,Ativo
505125,19589,105,4,2022-09-13,100784.36,24,0.0252,Em atraso
505126,19626,106,3,2026-04-23,112336.80,18,0.0399,Ativo
505127,19663,107,4,2026-03-17,110838.01,60,0.0233,Ativo
505128,19700,108,4,2026-03-17,86368.21,6,0.0105,Em atraso
505129,19737,109,3,2026-02-15,52606.73,48,0.0399,Ativo
505130,19774,110,4,2021-05-05,66272.62,60,0.0092,Ativo
505131,19811,111,4,2026-11-01,113135.15,24,0.0388,Ativo
505132,19848,112,4,2026-09-07,92129.85,24,0.0402,Ativo
505133,19885,113,4,2025-10-05,62759.58,60,0.0168,Ativo
505134,19922,114,3,2025-06-22,9517.53,6,0.0425,Ativo
505135,19959,115,4,2023-04-09,108728.12,36,0.0092,Ativo
505136,19996,116,3,2025-02-25,52650.39,24,0.0093,Em atraso
505137,20033,117,3,2020-03-08,21112.87,6,0.0090,Quitado
505138,20070,118,4,2022-08-11,67038.00,36,0.0396,Em atraso
505139,20107,119,3,2021-09-06,99154.68,6,0.0368,Ativo
505140,20144,120,4,2020-10-02,2676.70,12,0.0349,Quitado
505141,20181,101,4,2025-12-24,78931.23,24,0.0103,Ativo
505142,20218,102,4,2023-04-20,54541.41,18,0.0258,Ativo
505143,20255,103,4,2020-01-12,85988.89,12,0.0170,Em atraso
505144,20292,104,4,2020-04-25,46892.80,36,0.0205,Quitado
505145,20329,105,3,2020-03-01,31329.11,60,0.0261,Ativo
505146,20366,106,3,2020-10-30,67665.51,6,0.0272,Quitado
505147,20403,107,3,2022-06-06,66889.96,6,0.0123,Quitado
505148,20440,108,3,2022-08-31,104953.13,24,0.0346,Ativo
505149,20477,109,4,2022-12-31,105413.34,48,0.0330,Em atraso
505150,20514,110,3,2021-03-19,37355.36,36,0.0257,Ativo
505151,20551,111,4,2025-12-13,9338.59,6,0.0251,Ativo
505152,20588,112,4,2020-11-03,50703.23,18,0.0355,Em atraso
505153,20625,113,4,2020-04-11,60113.15,36,0.0363,Ativo
505154,20662,114,4,2021-02-24,36427.77,60,0.0311,Em atraso
505155,20699,115,3,2021-11-19,40060.75,24,0.0429,Em atraso
505156,20736,116,4,2022-04-08,7587.94,36,0.0273,Quitado
505157,20773,117,3,2026-01-12,48697.86,6,0.0170,Ativo
505158,20810,118,3,2024-11-27,28323.28,24,0.0233,Quitado
505159,20847,119,3,2025-05-25,17139.06,60,0.0434,Quitado
505160,20884,120,4,2023-11-09,86247.10,6,0.0164,Quitado
505161,20921,101,3,2026-09-13,30981.84,18,0.0111,Quitado
505162,20958,102,3,2023-02-22,10045.61,36,0.0108,Em atraso
505163,20995,103,3,2021-09-02,31811.58,24,0.0266,Quitado
505164,21032,104,3,2026-01-16,40298.79,6,0.0144,Ativo
505165,21069,105,4,2023-09-11,115217.19,6,0.0427,Ativo
505166,21106,106,3,2024-08-30,73288.58,18,0.0302,Quitado
505167,21143,107,3,2024-06-13,54958.18,60,0.0411,Ativo
505168,21180,108,4,2022-10-10,30309.96,18,0.0166,Quitado
505169,21217,109,3,2020-06-05,44673.72,6,0.0161,Ativo
505170,21254,110,3,2022-02-15,26750.61,24,0.0163,Quitado
505171,21291,111,4,2023-01-14,37274.31,60,0.0292,Ativo
505172,21328,112,3,2023-06-01,115954.71,18,0.0263,Quitado
505173,21365,113,4,2023-10-16,89906.64,6,0.0206,Ativo
505174,21402,114,4,2024-08-29,7636.64,60,0.0338,Quitado
505175,21439,115,3,2020-09-21,106132.39,36,0.0142,Ativo
505176,21476,116,3,2022-08-10,23359.95,24,0.0209,Quitado
505177,21513,117,3,2025-01-15,14711.52,24,0.0341,Quitado
505178,21550,118,4,2024-06-18,59347.59,18,0.0289,Em atraso
505179,21587,119,3,2024-08-30,26130.59,6,0.0376,Ativo
505180,21624,120,3,2023-01-24,20638.62,24,0.0326,Ativo
505181,21661,101,4,2023-02-23,42766.96,60,0.0400,Ativo
505182,21698,102,3,2023-04-15,103357.34,18,0.0129,Quitado
505183,21735,103,4,2022-03-04,65329.19,36,0.0185,Ativo
505184,21772,104,3,2020-04-14,45610.36,18,0.0311,Ativo
505185,21809,105,4,2020-07-22,16964.62,6,0.0328,Ativo
505186,21846,106,3,2020-11-22,67277.13,36,0.0109,Em atraso
505187,21883,107,3,2020-06-25,54174.39,36,0.0274,Em atraso
505188,21920,108,3,2026-03-29,60709.77,60,0.0272,Em atraso
505189,21957,109,4,2026-06-01,83426.83,6,0.0165,Ativo
505190,21994,110,4,2021-06-13,50107.57,24,0.0224,Ativo
505191,22031,111,4,2023-11-28,88109.64,18,0.0275,Ativo
505192,22068,112,4,2026-12-16,88082.06,48,0.0112,Ativo
505193,22105,113,3,2025-03-21,44211.62,12,0.0324,Ativo
505194,22142,114,4,2022-10-30,48678.04,48,0.0264,Ativo
505195,22179,115,4,2025-06-26,17874.47,36,0.0305,Ativo
505196,22216,116,3,2021-01-28,43866.30,6,0.0090,Quitado
505197,22253,117,3,2022-11-22,115705.35,18,0.0395,Ativo
505198,22290,118,4,2023-11-23,78273.69,6,0.0342,Ativo
505199,22327,119,4,2020-01-05,107490.82,48,0.0350,Em atraso
505200,22364,120,3,2020-04-26,85666.07,48,0.0426,Em atraso
505201,22401,101,4,2023-04-27,117702.76,18,0.0337,Ativo
505202,22438,102,4,2021-09-04,92449.86,48,0.0114,Ativo
505203,22475,103,4,2024-07-17,3936.89,18,0.0284,Ativo
505204,22512,104,4,2025-11-24,45207.71,12,0.0322,Em atraso
505205,22549,105,4,2026-04-25,68174.56,24,0.0205,Ativo
505206,22586,106,3,2026-07-07,59034.06,36,0.0222,Quitado
505207,22623,107,4,2022-05-03,64508.42,60,0.0179,Quitado
505208,22660,108,4,2022-11-26,88186.01,36,0.0244,Ativo
505209,22697,109,3,2026-01-03,41722.50,24,0.0158,Ativo
505210,22734,110,4,2025-02-20,73315.39,18,0.0340,Quitado
505211,22771,111,3,2026-03-17,43867.54,24,0.0194,Quitado
505212,22808,112,4,2020-07-17,102297.38,6,0.0110,Ativo
505213,22845,113,4,2023-09-12,5721.94,48,0.0406,Quitado
505214,22882,114,4,2024-08-31,32421.53,12,0.0128,Em atraso
505215,22919,115,4,2023-05-05,19779.13,12,0.0395,Ativo
505216,22956,116,3,2026-06-01,74460.62,18,0.0389,Ativo
505217,22993,117,4,2020-02-09,110151.95,24,0.0388,Ativo
505218,23030,118,4,2023-07-21,60883.16,12,0.0300,Quitado
505219,23067,119,4,2025-07-13,106534.59,24,0.0169,Em atraso
505220,23104,120,4,2024-08-28,29225.04,60,0.0157,Em atraso
505221,23141,101,3,2022-02-13,3112.87,12,0.0336,Ativo
505222,23178,102,3,2021-06-22,21385.95,48,0.0299,Ativo
505223,23215,103,3,2021-11-16,27063.23,18,0.0366,Ativo
505224,23252,104,4,2021-01-16,4366.25,6,0.0168,Quitado
505225,23289,105,3,2021-12-01,28031.40,48,0.0319,Ativo
505226,23326,106,3,2026-02-27,14709.96,36,0.0281,Em atraso
505227,23363,107,4,2022-11-18,90731.03,24,0.0122,Quitado
505228,23400,108,4,2022-01-12,63669.30,36,0.0426,Ativo
505229,23437,109,4,2025-07-25,18553.17,6,0.0283,Quitado
505230,23474,110,4,2022-02-21,83856.65,18,0.0408,Em atraso
505231,23511,111,4,2021-01-08,6827.04,36,0.0277,Ativo
505232,23548,112,3,2024-09-30,108899.39,18,0.0326,Ativo
505233,23585,113,3,2026-01-15,94122.84,36,0.0359,Quitado
505234,23622,114,4,2020-06-17,74363.30,6,0.0251,Ativo
505235,23659,115,3,2021-09-27,55737.15,48,0.0418,Ativo
505236,23696,116,3,2024-11-22,85960.12,48,0.0294,Ativo
505237,23733,117,4,2025-09-13,5251.62,12,0.0420,Ativo
505238,23770,118,3,2021-04-14,7804.96,18,0.0407,Ativo
505239,23807,119,4,2025-11-16,95805.44,18,0.0410,Quitado
505240,23844,120,3,2021-08-07,109239.12,18,0.0397,Em atraso
505241,23881,101,4,2024-03-08,3472.42,24,0.0261,Ativo
505242,23918,102,4,2022-07-02,16483.94,24,0.0363,Em atraso
505243,23955,103,3,2026-07-15,94883.03,6,0.0109,Em atraso
505244,23992,104,4,2026-03-23,28141.34,36,0.0103,Quitado
505245,24029,105,4,2020-09-24,22982.38,6,0.0426,Ativo
505246,24066,106,3,2025-03-19,77306.71,18,0.0336,Em atraso
505247,24103,107,3,2020-05-24,44564.37,24,0.0417,Quitado
505248,24140,108,3,2026-01-28,101809.66,6,0.0259,Em atraso
505249,24177,109,3,2023-12-24,29972.98,48,0.0154,Em atraso
505250,24214,110,3,2022-03-14,20848.39,48,0.0408,Ativo
505251,24251,111,4,2026-06-12,90111.09,60,0.0408,Ativo
505252,24288,112,3,2022-01-31,45033.18,60,0.0268,Quitado
505253,24325,113,3,2020-03-02,111647.58,60,0.0171,Ativo
505254,24362,114,4,2025-04-10,53604.70,6,0.0127,Quitado
505255,24399,115,3,2021-03-06,43063.31,12,0.0352,Em atraso
505256,24436,116,4,2021-05-23,15342.84,12,0.0287,Quitado
505257,24473,117,3,2025-10-14,66926.54,36,0.0165,Quitado
505258,24510,118,3,2026-08-24,8431.40,48,0.0318,Em atraso
505259,24547,119,4,2021-03-14,61538.51,60,0.0116,Em atraso
505260,24584,120,3,2026-11-27,90294.69,6,0.0375,Ativo
505261,24621,101,4,2021-09-01,45839.76,6,0.0389,Quitado
505262,24658,102,4,2020-02-21,60171.25,18,0.0101,Ativo
505263,24695,103,4,2026-04-18,118217.80,36,0.0300,Quitado
505264,24732,104,3,2023-10-14,19940.58,36,0.0106,Em atraso
505265,24769,105,3,2020-07-07,95606.79,36,0.0404,Ativo
505266,24806,106,4,2026-06-05,50468.46,24,0.0319,Ativo
505267,24843,107,3,2025-11-29,41019.81,24,0.0156,Ativo
505268,24880,108,3,2025-10-29,87486.33,60,0.0388,Ativo
505269,24917,109,3,2022-11-06,41404.40,60,0.0207,Quitado
505270,24954,110,3,2024-02-18,39770.64,36,0.0427,Ativo
505271,24991,111,4,2020-02-06,7461.95,24,0.0349,Em atraso
505272,25028,112,3,2020-11-08,103137.47,48,0.0143,Em atraso
505273,25065,113,3,2022-06-07,58821.62,12,0.0238,Ativo
505274,25102,114,4,2024-12-05,63518.29,18,0.0386,Ativo
505275,25139,115,4,2026-11-15,64709.30,48,0.0393,Ativo
505276,25176,116,4,2024-12-24,101132.40,48,0.0098,Ativo
505277,25213,117,4,2026-01-30,34002.39,36,0.0277,Ativo
505278,25250,118,3,2026-07-14,44521.68,12,0.0223,Ativo
505279,25287,119,3,2020-01-13,103310.90,36,0.0226,Em atraso
505280,25324,120,4,2021-11-09,2963.17,12,0.0381,Ativo
505281,25361,101,3,2024-12-21,91475.57,48,0.0370,Quitado
505282,25398,102,4,2025-08-29,99525.37,12,0.0393,Ativo
505283,25435,103,4,2021-05-20,46623.60,6,0.0319,Quitado
505284,25472,104,4,2024-10-28,31783.58,48,0.0331,Quitado
505285,25509,105,3,2022-04-29,28672.57,12,0.0298,Ativo
505286,25546,106,4,2020-11-25,49960.13,12,0.0159,Ativo
505287,25583,107,3,2025-06-11,17923.36,24,0.0320,Ativo
505288,25620,108,3,2024-01-11,93004.98,24,0.0163,Ativo
505289,25657,109,4,2026-07-25,37132.39,48,0.0367,Quitado
505290,25694,110,4,2026-07-21,40882.41,36,0.0269,Quitado
505291,25731,111,4,2022-07-19,9204.12,12,0.0428,Ativo
505292,25768,112,3,2021-06-13,25079.40,18,0.0298,Em atraso
505293,25805,113,3,2023-11-30,92394.21,18,0.0398,Em atraso
505294,25842,114,3,2020-05-16,7101.28,24,0.0158,Ativo
505295,25879,115,4,2022-05-27,3664.09,24,0.0261,Em atraso
505296,25916,116,4,2020-11-21,6470.31,48,0.0094,Quitado
505297,25953,117,4,2021-06-02,35577.49,24,0.0388,Quitado
505298,25990,118,4,2021-04-12,9492.88,12,0.0147,Ativo
505299,26027,119,3,2022-02-04,75879.60,24,0.0095,Em atraso
505300,26064,120,4,2021-11-21,47810.78,60,0.0198,Ativo
505301,26101,101,4,2020-05-26,108649.50,60,0.0413,Ativo
505302,26138,102,4,2023-12-26,13502.39,36,0.0256,Quitado
505303,26175,103,3,2023-07-04,112666.41,60,0.0300,Ativo
505304,26212,104,3,2024-07-26,116249.20,24,0.0094,Quitado
505305,26249,105,4,2025-05-12,39380.46,60,0.0113,Quitado
505306,26286,106,4,2021-07-26,61833.47,48,0.0174,Ativo
505307,26323,107,4,2023-03-12,106628.56,48,0.0352,Quitado
505308,26360,108,4,2024-06-07,58982.49,18,0.0323,Ativo
505309,26397,109,3,2025-05-03,7986.06,24,0.0212,Ativo
505310,26434,110,3,2024-12-25,8325.22,24,0.0395,Ativo
505311,26471,111,4,2023-09-10,70394.69,48,0.0235,Quitado
505312,26508,112,3,2025-02-03,39976.79,12,0.0251,Quitado
505313,26545,113,3,2024-08-23,44457.58,36,0.0121,Em atraso
505314,26582,114,3,2023-07-07,3016.62,60,0.0306,Ativo
505315,26619,115,3,2024-04-04,47541.85,12,0.0370,Quitado
505316,26656,116,4,2026-12-09,61875.67,6,0.0159,Ativo
505317,26693,117,3,2025-02-11,117579.44,24,0.0378,Ativo
505318,26730,118,3,2026-02-21,62398.51,18,0.0236,Quitado
505319,26767,119,4,2026-01-20,101206.85,6,0.0439,Ativo
505320,26804,120,3,2026-09-25,1095.84,48,0.0277,Em atraso
505321,26841,101,4,2022-09-28,82634.30,36,0.0118,Ativo
505322,26878,102,3,2022-11-22,33853.02,18,0.0118,Em atraso
505323,26915,103,3,2023-10-08,42385.09,36,0.0234,Ativo
505324,26952,104,4,2021-02-26,37110.34,18,0.0292,Ativo
505325,26989,105,3,2025-10-04,82795.63,12,0.0432,Ativo
505326,27026,106,4,2020-01-25,73280.53,36,0.0356,Quitado
505327,27063,107,3,2025-08-29,87916.88,12,0.0092,Quitado
505328,27100,108,4,2021-04-14,47919.24,6,0.0355,Ativo
505329,27137,109,3,2024-03-06,95207.77,18,0.0312,Ativo
505330,27174,110,3,2023-06-19,88914.10,60,0.0354,Em atraso
505331,27211,111,3,2025-01-27,68161.24,12,0.0222,Quitado
505332,27248,112,3,2022-01-04,113707.87,18,0.0107,Ativo
505333,27285,113,3,2022-10-01,49753.53,18,0.0218,Ativo
505334,27322,114,4,2025-07-03,55321.48,36,0.0302,Quitado
505335,27359,115,4,2021-05-09,40357.30,36,0.0303,Em atraso
505336,27396,116,3,2024-05-24,105692.49,18,0.0250,Ativo
505337,27433,117,4,2025-05-06,44509.29,60,0.0347,Em atraso
505338,27470,118,3,2024-04-19,7594.52,48,0.0278,Quitado
505339,27507,119,4,2020-03-20,46673.05,48,0.0433,Em atraso
505340,27544,120,4,2026-12-14,26153.51,24,0.0395,Em atraso
505341,27581,101,4,2026-10-28,62887.50,6,0.0224,Quitado
505342,27618,102,3,2025-09-01,72726.12,48,0.0147,Quitado
505343,27655,103,3,2020-07-25,87941.72,36,0.0243,Ativo
505344,27692,104,4,2020-11-19,28656.19,6,0.0154,Ativo
505345,27729,105,4,2026-04-16,25466.85,60,0.0328,Ativo
505346,27766,106,4,2021-01-31,62174.70,48,0.0282,Ativo
505347,27803,107,3,2022-09-23,75085.57,60,0.0416,Quitado
505348,27840,108,3,2024-03-29,118458.86,18,0.0354,Ativo
505349,27877,109,3,2026-10-22,57509.79,60,0.0163,Ativo
505350,27914,110,3,2025-07-19,53616.15,6,0.0289,Em atraso
505351,27951,111,4,2023-02-21,115227.26,6,0.0271,Em atraso
505352,27988,112,4,2022-01-13,9108.59,6,0.0147,Ativo
505353,28025,113,4,2021-07-22,20167.63,24,0.0098,Ativo
505354,28062,114,4,2021-06-05,57883.28,6,0.0287,Em atraso
505355,28099,115,3,2023-06-18,61488.65,36,0.0198,Ativo
505356,28136,116,3,2022-04-09,87224.42,18,0.0193,Ativo
505357,28173,117,3,2022-05-30,90373.11,6,0.0353,Em atraso
505358,28210,118,3,2025-03-16,80092.78,48,0.0207,Quitado
505359,28247,119,3,2026-02-19,111477.14,48,0.0163,Quitado
505360,28284,120,3,2024-12-05,34468.04,60,0.0343,Ativo
505361,28321,101,4,2025-12-22,9420.49,48,0.0266,Quitado
505362,28358,102,3,2025-03-08,98959.66,18,0.0243,Ativo
505363,28395,103,3,2023-05-22,74459.47,18,0.0260,Ativo
505364,28432,104,3,2022-11-18,104702.02,6,0.0234,Quitado
505365,28469,105,4,2022-01-16,94233.10,6,0.0293,Ativo
505366,28506,106,4,2021-02-11,83299.22,12,0.0364,Em atraso
505367,28543,107,4,2021-08-24,44223.10,60,0.0138,Em atraso
505368,28580,108,4,2020-09-28,58335.49,24,0.0348,Em atraso
505369,28617,109,4,2023-06-29,84318.45,48,0.0090,Em atraso
505370,28654,110,3,2025-10-06,45716.49,48,0.0288,Quitado
505371,28691,111,3,2024-06-01,97624.99,24,0.0117,Ativo
505372,28728,112,4,2022-08-31,37857.37,36,0.0368,Quitado
505373,28765,113,4,2026-08-18,108410.80,12,0.0390,Ativo
505374,28802,114,4,2021-06-12,14483.17,24,0.0260,Quitado
505375,28839,115,3,2022-08-06,89827.96,36,0.0139,Ativo
505376,28876,116,4,2024-01-24,52557.04,48,0.0111,Ativo
505377,28913,117,3,2020-12-19,81801.23,60,0.0250,Ativo
505378,28950,118,3,2025-06-11,42602.13,18,0.0196,Ativo
505379,28987,119,4,2020-03-17,22224.49,60,0.0399,Em atraso
505380,29024,120,4,2021-04-15,95432.57,48,0.0204,Quitado
505381,29061,101,3,2020-06-05,33355.22,18,0.0191,Ativo
505382,29098,102,4,2026-05-28,16059.31,60,0.0331,Ativo
505383,29135,103,3,2025-07-31,31048.07,48,0.0162,Quitado
505384,29172,104,3,2025-03-18,59286.39,18,0.0429,Em atraso
505385,29209,105,3,2024-12-31,53217.73,12,0.0375,Quitado
505386,29246,106,3,2022-09-02,94263.22,12,0.0232,Em atraso
505387,29283,107,4,2021-12-23,115672.03,18,0.0371,Quitado
505388,29320,108,4,2022-10-17,47008.55,36,0.0274,Ativo
505389,29357,109,3,2024-10-29,99205.77,48,0.0107,Ativo
505390,29394,110,4,2022-07-10,116671.83,6,0.0361,Ativo
505391,29431,111,3,2022-08-25,82595.85,48,0.0228,Quitado
505392,29468,112,3,2026-07-16,5047.36,6,0.0296,Ativo
505393,29505,113,3,2025-09-24,18888.50,24,0.0429,Em atraso
505394,29542,114,3,2020-05-23,117607.11,18,0.0258,Quitado
505395,29579,115,3,2021-04-28,62119.01,48,0.0369,Quitado
505396,29616,116,4,2022-12-05,108067.64,6,0.0438,Ativo
505397,29653,117,4,2026-03-06,25354.80,24,0.0344,Quitado
505398,29690,118,3,2025-12-24,45256.89,12,0.0326,Em atraso
505399,29727,119,3,2020-02-21,50702.29,12,0.0368,Quitado
505400,29764,120,4,2022-10-03,109796.38,6,0.0212,Ativo
505401,29801,101,4,2022-09-01,79668.31,24,0.0329,Em atraso
505402,29838,102,4,2020-05-09,112864.41,18,0.0230,Ativo
505403,29875,103,3,2023-01-08,26016.61,36,0.0376,Em atraso
505404,29912,104,4,2024-06-08,40056.00,12,0.0385,Ativo
505405,29949,105,3,2022-08-02,84010.08,24,0.0178,Quitado
505406,29986,106,4,2020-12-03,116105.17,48,0.0202,Em atraso
505407,10023,107,3,2022-06-25,39679.39,12,0.0248,Quitado
505408,10060,108,4,2023-03-24,105985.01,6,0.0231,Em atraso
505409,10097,109,4,2022-06-22,52508.59,60,0.0281,Em atraso
505410,10134,110,3,2024-06-02,96651.46,12,0.0357,Em atraso
505411,10171,111,4,2021-11-08,49678.32,18,0.0348,Ativo
505412,10208,112,4,2024-05-20,35446.20,6,0.0136,Ativo
505413,10245,113,3,2021-09-27,21757.33,36,0.0388,Em atraso
505414,10282,114,3,2023-10-05,90924.31,60,0.0118,Ativo
505415,10319,115,3,2023-01-02,87482.75,48,0.0196,Ativo
505416,10356,116,3,2025-04-16,4622.41,6,0.0116,Ativo
505417,10393,117,3,2022-10-23,58019.94,36,0.0406,Quitado
505418,10430,118,3,2021-11-19,35032.87,36,0.0201,Ativo
505419,10467,119,3,2021-05-31,45842.45,36,0.0193,Ativo
505420,10504,120,3,2022-06-22,55799.65,12,0.0197,Ativo
505421,10541,101,3,2024-09-19,4122.69,12,0.0430,Ativo
505422,10578,102,3,2021-06-30,63901.47,6,0.0157,Em atraso
505423,10615,103,3,2022-10-06,39274.00,48,0.0133,Em atraso
505424,10652,104,4,2022-08-03,28337.88,36,0.0194,Em atraso
505425,10689,105,4,2024-02-16,37034.66,48,0.0363,Em atraso
505426,10726,106,3,2025-10-12,14583.97,18,0.0229,Quitado
505427,10763,107,3,2024-11-29,28234.58,48,0.0100,Ativo
505428,10800,108,4,2022-05-05,2829.14,24,0.0314,Ativo
505429,10837,109,4,2023-10-19,13135.22,60,0.0165,Em atraso
505430,10874,110,4,2022-01-09,37765.78,24,0.0161,Ativo
505431,10911,111,3,2021-05-04,15983.33,6,0.0249,Ativo
505432,10948,112,4,2020-05-06,68443.32,36,0.0105,Ativo
505433,10985,113,4,2020-06-26,100169.21,6,0.0387,Ativo
505434,11022,114,4,2025-03-13,56453.31,12,0.0220,Ativo
505435,11059,115,3,2026-01-01,104130.13,48,0.0168,Em atraso
505436,11096,116,3,2025-11-22,8461.31,6,0.0325,Quitado
505437,11133,117,3,2021-04-10,77889.43,12,0.0192,Em atraso
505438,11170,118,4,2020-06-14,94850.89,18,0.0232,Ativo
505439,11207,119,3,2021-08-27,49871.99,18,0.0281,Quitado
505440,11244,120,3,2022-09-16,93995.74,60,0.0360,Ativo
505441,11281,101,4,2025-05-12,44386.76,6,0.0207,Ativo
505442,11318,102,4,2021-08-02,49425.24,18,0.0117,Ativo
505443,11355,103,3,2020-08-01,109916.81,36,0.0381,Em atraso
505444,11392,104,3,2020-08-06,10899.18,6,0.0313,Ativo
505445,11429,105,4,2020-04-07,29107.73,6,0.0418,Ativo
505446,11466,106,4,2021-05-30,92157.42,12,0.0190,Ativo
505447,11503,107,4,2020-10-16,77094.78,60,0.0195,Ativo
505448,11540,108,4,2020-01-20,84859.80,6,0.0390,Ativo
505449,11577,109,4,2020-06-23,59559.62,6,0.0432,Em atraso
505450,11614,110,4,2023-01-30,39982.29,6,0.0175,Quitado
505451,11651,111,3,2025-08-14,79657.13,12,0.0240,Ativo
505452,11688,112,3,2022-10-20,44684.64,48,0.0408,Ativo
505453,11725,113,4,2022-07-16,86702.99,48,0.0394,Ativo
505454,11762,114,3,2026-05-11,70415.48,24,0.0420,Ativo
505455,11799,115,3,2021-10-18,49262.55,36,0.0158,Ativo
505456,11836,116,3,2025-04-13,83770.25,48,0.0101,Quitado
505457,11873,117,3,2023-08-02,7031.80,48,0.0423,Quitado
505458,11910,118,4,2024-10-21,46367.78,60,0.0423,Em atraso
505459,11947,119,3,2020-12-11,118650.92,48,0.0137,Em atraso
505460,11984,120,4,2023-01-21,54760.94,6,0.0243,Quitado
505461,12021,101,4,2026-04-19,19340.99,48,0.0340,Em atraso
505462,12058,102,4,2020-11-30,68147.18,24,0.0277,Ativo
505463,12095,103,3,2024-06-30,45004.71,48,0.0169,Ativo
505464,12132,104,4,2026-02-27,10394.46,12,0.0377,Ativo
505465,12169,105,4,2023-04-23,7181.51,48,0.0377,Quitado
505466,12206,106,3,2024-03-09,110648.25,36,0.0110,Ativo
505467,12243,107,4,2024-01-30,38997.79,18,0.0287,Ativo
505468,12280,108,4,2022-05-29,67535.20,18,0.0154,Ativo
505469,12317,109,3,2024-01-11,89002.95,48,0.0422,Em atraso
505470,12354,110,3,2025-02-22,54729.13,6,0.0344,Quitado
505471,12391,111,4,2023-04-25,24531.73,48,0.0390,Ativo
505472,12428,112,4,2021-08-10,70394.92,60,0.0433,Ativo
505473,12465,113,3,2025-12-07,74983.60,24,0.0249,Ativo
505474,12502,114,4,2022-04-09,112775.98,24,0.0310,Quitado
505475,12539,115,3,2025-01-19,66159.68,6,0.0353,Quitado
505476,12576,116,4,2026-09-24,4940.91,12,0.0286,Ativo
505477,12613,117,3,2021-04-12,91548.01,6,0.0380,Ativo
505478,12650,118,4,2024-11-23,101454.93,6,0.0126,Ativo
505479,12687,119,4,2026-01-27,60197.63,18,0.0419,Ativo
505480,12724,120,4,2023-01-09,93491.74,12,0.0419,Ativo
505481,12761,101,4,2025-03-27,112572.12,60,0.0435,Ativo
505482,12798,102,3,2025-01-09,60651.51,60,0.0227,Quitado
505483,12835,103,3,2026-03-11,117523.31,18,0.0127,Quitado
505484,12872,104,3,2020-01-12,93500.43,36,0.0394,Em atraso
505485,12909,105,3,2020-06-30,63275.76,60,0.0210,Quitado
505486,12946,106,4,2022-02-04,76597.65,18,0.0312,Ativo
505487,12983,107,3,2023-10-26,91062.48,36,0.0322,Quitado
505488,13020,108,4,2020-08-05,61525.15,6,0.0170,Em atraso
505489,13057,109,4,2021-04-14,20802.80,60,0.0348,Quitado
505490,13094,110,3,2023-09-01,23186.10,36,0.0146,Ativo
505491,13131,111,4,2025-12-14,32962.74,24,0.0204,Ativo
505492,13168,112,4,2021-10-02,83387.46,24,0.0346,Quitado
505493,13205,113,4,2025-10-29,35488.69,18,0.0138,Ativo
505494,13242,114,4,2022-01-25,54472.38,48,0.0123,Ativo
505495,13279,115,4,2023-08-15,34454.91,12,0.0258,Ativo
505496,13316,116,3,2026-08-09,41517.98,48,0.0414,Ativo
505497,13353,117,4,2025-04-02,48815.55,12,0.0148,Ativo
505498,13390,118,4,2023-12-18,63364.26,48,0.0188,Em atraso
505499,13427,119,4,2023-09-26,43401.80,60,0.0217,Ativo
505500,13464,120,4,2025-02-06,14489.61,24,0.0278,Ativo
505501,13501,101,3,2026-12-06,27054.74,36,0.0248,Ativo
505502,13538,102,4,2020-11-08,10498.68,6,0.0267,Ativo
505503,13575,103,3,2025-05-26,16534.60,6,0.0111,Quitado
505504,13612,104,3,2020-10-05,118738.20,36,0.0121,Em atraso
505505,13649,105,3,2022-03-30,72596.96,12,0.0364,Quitado
505506,13686,106,3,2026-07-18,52306.25,48,0.0111,Quitado
505507,13723,107,3,2024-09-03,49376.64,36,0.0206,Quitado
505508,13760,108,4,2026-05-08,30470.82,18,0.0395,Ativo
505509,13797,109,4,2024-10-18,36969.78,18,0.0114,Ativo
505510,13834,110,4,2020-07-06,111263.13,18,0.0291,Ativo
505511,13871,111,3,2026-09-23,7854.79,18,0.0165,Ativo
505512,13908,112,4,2021-06-25,91761.39,36,0.0158,Quitado
505513,13945,113,3,2025-01-30,63542.79,6,0.0133,Ativo
505514,13982,114,4,2021-03-24,78330.56,36,0.0164,Quitado
505515,14019,115,4,2023-06-25,89598.22,6,0.0254,Quitado
505516,14056,116,4,2026-02-26,73833.92,18,0.0428,Ativo
505517,14093,117,3,2022-07-21,36920.10,24,0.0176,Ativo
505518,14130,118,3,2023-06-07,52581.77,48,0.0135,Em atraso
505519,14167,119,3,2020-08-23,53924.77,6,0.0381,Em atraso
505520,14204,120,4,2024-03-27,119533.23,12,0.0292,Quitado
505521,14241,101,3,2023-02-25,81020.49,12,0.0316,Ativo
505522,14278,102,3,2023-04-25,23016.45,36,0.0191,Ativo
505523,14315,103,3,2023-03-25,95514.78,36,0.0112,Ativo
505524,14352,104,4,2023-11-14,56983.10,48,0.0130,Ativo
505525,14389,105,3,2023-04-12,82844.93,48,0.0315,Ativo
505526,14426,106,4,2026-08-28,63562.66,6,0.0284,Ativo
505527,14463,107,4,2021-06-19,29772.39,6,0.0381,Em atraso
505528,14500,108,3,2023-11-01,59432.04,24,0.0392,Ativo
505529,14537,109,3,2022-03-09,26931.69,24,0.0336,Quitado
505530,14574,110,3,2025-11-28,89266.37,18,0.0132,Ativo
505531,14611,111,3,2026-03-08,2874.40,36,0.0227,Ativo
505532,14648,112,4,2025-11-04,33286.42,60,0.0137,Ativo
505533,14685,113,3,2020-10-25,69498.91,60,0.0187,Ativo
505534,14722,114,4,2023-03-10,6668.33,36,0.0173,Quitado
505535,14759,115,4,2020-08-10,108506.56,24,0.0120,Quitado
505536,14796,116,3,2022-10-04,114331.25,60,0.0233,Ativo
505537,14833,117,4,2021-02-01,114274.69,60,0.0250,Quitado
505538,14870,118,4,2022-03-28,20368.57,6,0.0181,Quitado
505539,14907,119,4,2024-08-10,101287.44,12,0.0319,Ativo
505540,14944,120,3,2025-10-04,11138.31,60,0.0366,Ativo
505541,14981,101,4,2025-08-04,80014.64,48,0.0246,Ativo
505542,15018,102,3,2024-04-19,24778.32,60,0.0090,Quitado
505543,15055,103,3,2026-05-22,39879.72,24,0.0216,Ativo
505544,15092,104,4,2025-06-16,51661.90,60,0.0352,Quitado
505545,15129,105,3,2023-10-02,26706.98,18,0.0380,Quitado
505546,15166,106,3,2020-12-14,104059.50,48,0.0231,Ativo
505547,15203,107,4,2026-08-01,74789.07,24,0.0412,Ativo
505548,15240,108,4,2026-12-03,6022.04,36,0.0170,Em atraso
505549,15277,109,4,2020-05-31,21465.13,18,0.0326,Ativo
505550,15314,110,3,2025-11-07,117251.64,18,0.0276,Ativo
505551,15351,111,3,2026-11-03,94850.40,24,0.0180,Ativo
505552,15388,112,3,2025-09-03,88475.16,12,0.0094,Em atraso
505553,15425,113,4,2022-11-12,101107.73,36,0.0241,Em atraso
505554,15462,114,4,2026-06-11,34586.37,6,0.0386,Ativo
505555,15499,115,3,2025-10-20,65401.76,36,0.0110,Ativo
505556,15536,116,4,2022-08-03,92572.29,12,0.0240,Ativo
505557,15573,117,4,2021-04-18,93426.31,60,0.0316,Quitado
505558,15610,118,4,2023-08-07,72989.32,24,0.0381,Quitado
505559,15647,119,4,2022-07-15,106145.65,6,0.0142,Quitado
505560,15684,120,3,2021-10-02,110504.80,12,0.0222,Em atraso
505561,15721,101,4,2025-09-18,11140.28,24,0.0266,Ativo
505562,15758,102,3,2026-03-01,35769.63,6,0.0407,Ativo
505563,15795,103,3,2020-05-27,70697.81,36,0.0326,Quitado
505564,15832,104,4,2025-04-05,99637.58,36,0.0311,Ativo
505565,15869,105,4,2026-04-08,66539.56,48,0.0141,Quitado
505566,15906,106,3,2021-07-03,117496.87,18,0.0318,Quitado
505567,15943,107,4,2024-05-17,55823.59,6,0.0129,Em atraso
505568,15980,108,4,2024-12-10,81229.73,60,0.0266,Ativo
505569,16017,109,4,2024-01-09,68814.65,48,0.0389,Em atraso
505570,16054,110,4,2026-12-02,80065.48,60,0.0219,Ativo
505571,16091,111,4,2024-10-08,55361.79,18,0.0110,Quitado
505572,16128,112,3,2026-01-08,19342.79,6,0.0361,Ativo
505573,16165,113,3,2020-03-08,108074.19,48,0.0438,Ativo
505574,16202,114,4,2026-01-21,12946.77,60,0.0413,Ativo
505575,16239,115,3,2023-06-07,67835.91,36,0.0395,Em atraso
505576,16276,116,3,2025-09-23,93936.45,36,0.0430,Ativo
505577,16313,117,3,2026-09-25,27050.05,6,0.0371,Quitado
505578,16350,118,3,2021-03-18,59628.35,18,0.0413,Quitado
505579,16387,119,4,2025-05-08,62753.09,6,0.0127,Em atraso
505580,16424,120,3,2023-10-31,59151.70,18,0.0418,Quitado
505581,16461,101,3,2021-07-16,60489.93,48,0.0433,Ativo
505582,16498,102,3,2026-08-02,62241.04,36,0.0160,Em atraso
505583,16535,103,4,2023-09-24,43590.33,6,0.0349,Ativo
505584,16572,104,4,2023-02-16,66781.60,18,0.0341,Quitado
505585,16609,105,4,2022-11-05,24237.37,18,0.0125,Quitado
505586,16646,106,4,2023-07-07,76373.41,36,0.0301,Ativo
505587,16683,107,4,2020-06-18,88468.41,48,0.0183,Quitado
505588,16720,108,3,2026-11-04,98929.43,24,0.0359,Ativo
505589,16757,109,4,2024-04-11,28999.43,12,0.0374,Ativo
505590,16794,110,3,2024-07-23,90073.65,12,0.0125,Quitado
505591,16831,111,4,2026-01-31,11513.14,60,0.0280,Ativo
505592,16868,112,3,2026-01-03,32854.43,18,0.0253,Quitado
505593,16905,113,3,2021-03-18,100801.67,24,0.0400,Quitado
505594,16942,114,4,2022-08-13,18039.08,6,0.0164,Ativo
505595,16979,115,3,2025-02-12,72904.25,24,0.0260,Ativo
505596,17016,116,3,2025-09-20,100004.98,48,0.0417,Ativo
505597,17053,117,3,2023-08-14,17130.79,18,0.0104,Ativo
505598,17090,118,3,2020-11-27,89993.07,12,0.0346,Em atraso
505599,17127,119,4,2025-11-24,119611.68,24,0.0288,Quitado
505600,17164,120,4,2026-05-27,73239.30,6,0.0154,Em atraso
505601,17201,101,3,2020-05-07,72764.69,18,0.0304,Quitado
505602,17238,102,4,2024-12-03,86249.53,60,0.0361,Quitado
505603,17275,103,4,2026-10-25,12819.42,24,0.0134,Quitado
505604,17312,104,3,2022-12-11,38233.70,24,0.0284,Em atraso
505605,17349,105,4,2020-11-03,38290.03,24,0.0091,Ativo
505606,17386,106,3,2024-04-30,38464.79,60,0.0139,Ativo
505607,17423,107,4,2024-12-26,33036.84,48,0.0262,Ativo
505608,17460,108,4,2021-10-27,12078.20,36,0.0262,Quitado
505609,17497,109,3,2020-04-09,119307.35,48,0.0435,Ativo
505610,17534,110,4,2020-10-07,15577.15,36,0.0430,Em atraso
505611,17571,111,4,2025-05-19,72897.51,12,0.0412,Ativo
505612,17608,112,3,2020-02-16,75059.82,48,0.0308,Quitado
505613,17645,113,4,2021-02-18,108323.60,24,0.0358,Ativo
505614,17682,114,4,2024-08-14,65933.76,60,0.0351,Em atraso
505615,17719,115,3,2022-05-17,116645.56,36,0.0208,Ativo
505616,17756,116,3,2023-07-23,63633.22,6,0.0137,Quitado
505617,17793,117,3,2020-04-11,61332.26,6,0.0409,Em atraso
505618,17830,118,3,2020-09-19,77605.09,6,0.0289,Ativo
505619,17867,119,4,2023-10-01,102309.46,60,0.0406,Ativo
505620,17904,120,4,2026-04-28,14578.95,12,0.0257,Em atraso
505621,17941,101,3,2024-05-14,119080.89,6,0.0108,Ativo
505622,17978,102,4,2021-12-17,32886.93,60,0.0362,Quitado
505623,18015,103,4,2026-02-12,118563.36,6,0.0224,Em atraso
505624,18052,104,4,2023-01-03,51349.09,18,0.0225,Em atraso
505625,18089,105,4,2023-10-13,68026.21,18,0.0236,Quitado
505626,18126,106,3,2021-11-26,61989.75,48,0.0393,Em atraso
505627,18163,107,3,2025-10-19,103275.96,60,0.0210,Quitado
505628,18200,108,3,2024-05-07,69600.54,24,0.0160,Ativo
505629,18237,109,3,2022-12-12,68976.70,18,0.0153,Quitado
505630,18274,110,3,2021-04-02,57915.75,12,0.0338,Quitado
505631,18311,111,4,2023-02-13,114746.79,18,0.0135,Em atraso
505632,18348,112,4,2020-12-25,54915.64,48,0.0268,Ativo
505633,18385,113,3,2022-02-12,54422.65,12,0.0301,Quitado
505634,18422,114,4,2023-04-26,42523.24,60,0.0132,Ativo
505635,18459,115,4,2020-02-29,104630.06,24,0.0332,Em atraso
505636,18496,116,3,2021-02-02,80710.42,6,0.0121,Ativo
505637,18533,117,4,2020-08-03,55553.77,48,0.0095,Ativo
505638,18570,118,3,2026-05-28,93778.66,18,0.0334,Quitado
505639,18607,119,3,2025-12-08,25545.97,24,0.0163,Quitado
505640,18644,120,4,2022-01-06,105330.31,18,0.0154,Ativo
505641,18681,101,3,2020-05-07,30964.23,60,0.0291,Em atraso
505642,18718,102,4,2020-02-18,72195.95,6,0.0090,Em atraso
505643,18755,103,3,2020-01-08,35379.56,6,0.0270,Ativo
505644,18792,104,3,2020-10-21,44333.30,18,0.0114,Ativo
505645,18829,105,4,2023-02-26,30045.27,60,0.0398,Ativo
505646,18866,106,3,2020-09-05,98463.58,18,0.0100,Ativo
505647,18903,107,4,2021-08-04,84267.05,60,0.0212,Quitado
505648,18940,108,3,2021-09-06,117960.69,6,0.0421,Em atraso
505649,18977,109,3,2021-01-31,96065.26,24,0.0220,Quitado
505650,19014,110,4,2026-01-03,116258.98,12,0.0095,Ativo
505651,19051,111,4,2025-12-09,74269.62,48,0.0238,Em atraso
505652,19088,112,4,2026-06-17,45795.24,18,0.0140,Em atraso
505653,19125,113,3,2022-06-19,27937.30,24,0.0275,Ativo
505654,19162,114,3,2023-12-22,87250.45,24,0.0278,Ativo
505655,19199,115,3,2025-05-22,115734.77,60,0.0191,Ativo
505656,19236,116,4,2021-11-26,63606.94,24,0.0310,Em atraso
505657,19273,117,4,2022-04-19,71674.26,48,0.0412,Ativo
505658,19310,118,3,2025-05-30,104286.68,36,0.0420,Em atraso
505659,19347,119,3,2023-09-03,47345.16,6,0.0098,Em atraso
505660,19384,120,4,2020-01-07,73386.17,18,0.0381,Ativo
505661,19421,101,3,2022-02-03,42531.39,60,0.0105,Ativo
505662,19458,102,3,2024-02-23,65773.67,48,0.0114,Quitado
505663,19495,103,3,2022-09-23,4854.91,12,0.0345,Ativo
505664,19532,104,3,2025-04-08,20564.39,12,0.0367,Ativo
505665,19569,105,3,2022-02-17,90836.39,12,0.0429,Ativo
505666,19606,106,4,2023-12-06,101239.17,12,0.0192,Quitado
505667,19643,107,3,2023-12-18,15513.43,18,0.0385,Quitado
505668,19680,108,4,2026-10-06,70422.39,12,0.0299,Quitado
505669,19717,109,4,2021-03-12,17507.00,24,0.0373,Ativo
505670,19754,110,3,2020-05-01,82084.66,18,0.0402,Ativo
505671,19791,111,4,2022-11-28,46176.78,12,0.0183,Ativo
505672,19828,112,4,2022-05-04,107685.95,12,0.0148,Quitado
505673,19865,113,4,2023-09-15,114256.03,48,0.0093,Em atraso
505674,19902,114,3,2021-07-27,2524.78,12,0.0339,Quitado
505675,19939,115,4,2025-05-15,29106.47,24,0.0189,Em atraso
505676,19976,116,3,2025-08-13,106309.07,60,0.0195,Em atraso
505677,20013,117,3,2026-04-26,77484.01,18,0.0239,Ativo
505678,20050,118,3,2024-04-01,40714.31,12,0.0143,Quitado
505679,20087,119,4,2021-12-14,103455.79,18,0.0206,Ativo
505680,20124,120,4,2020-12-19,60444.65,24,0.0121,Quitado
505681,20161,101,3,2025-12-10,41859.21,48,0.0172,Em atraso
505682,20198,102,3,2021-01-31,62062.59,36,0.0247,Quitado
505683,20235,103,3,2026-01-29,1443.64,36,0.0279,Em atraso
505684,20272,104,4,2020-06-09,71602.73,18,0.0305,Ativo
505685,20309,105,4,2021-03-18,44585.25,24,0.0319,Em atraso
505686,20346,106,4,2026-07-06,111735.51,48,0.0195,Ativo
505687,20383,107,4,2021-05-29,78215.86,12,0.0132,Ativo
505688,20420,108,4,2026-08-07,115996.16,6,0.0421,Quitado
505689,20457,109,4,2021-05-15,62356.16,60,0.0253,Em atraso
505690,20494,110,4,2022-04-13,111344.92,24,0.0361,Quitado
505691,20531,111,4,2021-09-16,58394.08,60,0.0281,Ativo
505692,20568,112,3,2020-05-06,87073.79,24,0.0259,Quitado
505693,20605,113,3,2020-08-19,25998.96,48,0.0215,Ativo
505694,20642,114,4,2025-12-12,68825.64,24,0.0281,Ativo
505695,20679,115,4,2026-03-03,21312.00,24,0.0280,Ativo
505696,20716,116,4,2022-08-09,113241.24,18,0.0298,Em atraso
505697,20753,117,3,2021-12-09,50803.76,36,0.0120,Quitado
505698,20790,118,3,2023-05-02,87499.85,60,0.0241,Ativo
505699,20827,119,4,2024-02-18,54939.27,18,0.0410,Ativo
505700,20864,120,3,2020-01-11,79769.01,6,0.0283,Ativo
505701,20901,101,3,2026-03-06,49541.32,6,0.0241,Em atraso
505702,20938,102,4,2023-11-26,55329.09,6,0.0183,Quitado
505703,20975,103,4,2021-04-14,6492.76,48,0.0144,Ativo
505704,21012,104,4,2020-07-28,20888.28,36,0.0376,Quitado
505705,21049,105,3,2021-10-31,37168.12,24,0.0436,Quitado
505706,21086,106,4,2022-02-03,85353.68,12,0.0110,Ativo
505707,21123,107,3,2024-04-11,43735.46,60,0.0397,Quitado
505708,21160,108,4,2022-01-20,73074.03,12,0.0299,Ativo
505709,21197,109,4,2024-01-27,56218.94,60,0.0353,Em atraso
505710,21234,110,3,2025-07-23,41319.72,24,0.0256,Quitado
505711,21271,111,4,2025-10-09,3962.74,48,0.0120,Ativo
505712,21308,112,3,2026-08-17,108515.79,36,0.0354,Em atraso
505713,21345,113,4,2023-04-12,79886.97,6,0.0269,Quitado
505714,21382,114,3,2024-05-25,52493.47,24,0.0314,Em atraso
505715,21419,115,4,2024-12-12,29676.22,60,0.0164,Em atraso
505716,21456,116,4,2024-03-10,119775.84,48,0.0433,Ativo
505717,21493,117,4,2024-12-31,11791.35,18,0.0123,Ativo
505718,21530,118,4,2020-04-01,113663.38,6,0.0173,Ativo
505719,21567,119,3,2020-06-04,110945.10,48,0.0439,Ativo
505720,21604,120,3,2021-10-01,46634.90,6,0.0207,Em atraso
505721,21641,101,4,2020-05-13,20432.26,6,0.0218,Ativo
505722,21678,102,3,2024-05-25,79329.50,18,0.0418,Ativo
505723,21715,103,4,2024-08-20,81454.94,12,0.0154,Em atraso
505724,21752,104,3,2020-09-15,116125.32,48,0.0112,Ativo
505725,21789,105,4,2026-11-26,18333.52,36,0.0123,Ativo
505726,21826,106,3,2024-10-05,52080.44,12,0.0132,Ativo
505727,21863,107,4,2022-08-20,68244.05,24,0.0091,Em atraso
505728,21900,108,3,2026-01-30,29751.83,24,0.0344,Quitado
505729,21937,109,3,2024-11-05,70872.62,48,0.0295,Ativo
505730,21974,110,4,2026-11-08,94157.82,6,0.0415,Ativo
505731,22011,111,3,2022-05-02,86127.29,6,0.0262,Ativo
505732,22048,112,3,2024-09-09,91899.71,18,0.0323,Ativo
505733,22085,113,4,2026-10-23,68798.35,48,0.0149,Ativo
505734,22122,114,4,2021-08-30,95208.23,48,0.0307,Em atraso
505735,22159,115,3,2021-03-12,85807.38,18,0.0304,Ativo
505736,22196,116,4,2023-03-29,114430.46,48,0.0356,Ativo
505737,22233,117,4,2021-12-20,92435.83,36,0.0250,Ativo
505738,22270,118,3,2020-06-18,34222.70,12,0.0175,Ativo
505739,22307,119,3,2022-05-05,98673.75,6,0.0157,Quitado
505740,22344,120,3,2020-05-15,24465.10,48,0.0264,Em atraso
505741,22381,101,3,2025-08-18,39579.15,12,0.0250,Quitado
505742,22418,102,3,2023-08-05,40663.60,6,0.0303,Quitado
505743,22455,103,3,2023-02-12,2288.88,36,0.0324,Ativo
505744,22492,104,3,2024-08-18,33354.76,60,0.0220,Em atraso
505745,22529,105,3,2024-04-08,64071.39,60,0.0250,Ativo
505746,22566,106,3,2021-02-23,16779.16,60,0.0300,Quitado
505747,22603,107,3,2025-01-30,96562.11,18,0.0317,Ativo
505748,22640,108,4,2020-05-28,9838.97,18,0.0294,Ativo
505749,22677,109,4,2025-12-24,40072.20,48,0.0356,Ativo
505750,22714,110,3,2025-08-08,11105.37,12,0.0359,Em atraso
505751,22751,111,4,2023-06-12,110610.96,6,0.0190,Ativo
505752,22788,112,3,2021-10-04,80391.32,36,0.0107,Ativo
505753,22825,113,3,2020-05-23,75012.93,60,0.0159,Ativo
505754,22862,114,3,2024-05-26,34155.46,48,0.0179,Em atraso
505755,22899,115,3,2024-12-03,91309.97,24,0.0251,Ativo
505756,22936,116,3,2025-03-22,76752.67,36,0.0343,Ativo
505757,22973,117,4,2022-12-28,48239.17,6,0.0258,Ativo
505758,23010,118,3,2020-06-12,30296.86,12,0.0099,Em atraso
505759,23047,119,4,2024-01-24,79527.04,24,0.0364,Ativo
505760,23084,120,4,2022-07-17,91651.85,24,0.0178,Em atraso
505761,23121,101,3,2021-11-26,79340.81,24,0.0214,Quitado
505762,23158,102,4,2020-07-28,5815.62,12,0.0237,Ativo
505763,23195,103,3,2021-12-23,2047.23,24,0.0232,Ativo
505764,23232,104,4,2024-04-25,119713.88,6,0.0408,Em atraso
505765,23269,105,4,2023-02-11,22169.67,12,0.0284,Ativo
505766,23306,106,3,2020-11-26,75168.39,18,0.0439,Em atraso
505767,23343,107,4,2024-07-07,17184.11,6,0.0311,Ativo
505768,23380,108,3,2024-08-15,92555.67,48,0.0393,Ativo
505769,23417,109,3,2026-02-07,7544.54,36,0.0302,Ativo
505770,23454,110,4,2024-03-11,68421.87,36,0.0340,Quitado
505771,23491,111,4,2026-11-28,5078.58,48,0.0221,Em atraso
505772,23528,112,4,2025-07-22,70069.19,48,0.0360,Ativo
505773,23565,113,3,2020-12-13,11643.76,60,0.0228,Ativo
505774,23602,114,4,2026-01-29,8879.75,6,0.0234,Quitado
505775,23639,115,4,2026-10-21,106685.20,6,0.0223,Em atraso
505776,23676,116,4,2023-09-10,111892.23,60,0.0311,Ativo
505777,23713,117,4,2020-11-03,116085.31,6,0.0293,Ativo
505778,23750,118,3,2026-04-14,32897.20,36,0.0299,Em atraso
505779,23787,119,3,2023-10-10,50446.03,48,0.0199,Ativo
505780,23824,120,4,2021-07-07,67066.55,60,0.0097,Ativo
505781,23861,101,4,2025-01-17,31694.40,18,0.0376,Ativo
505782,23898,102,4,2022-09-28,108882.76,36,0.0288,Ativo
505783,23935,103,3,2026-03-23,3651.93,18,0.0300,Ativo
505784,23972,104,4,2021-10-10,114883.60,60,0.0294,Quitado
505785,24009,105,3,2024-04-26,27958.51,12,0.0362,Ativo
505786,24046,106,3,2023-09-04,31487.85,12,0.0373,Ativo
505787,24083,107,4,2023-10-19,92491.40,48,0.0142,Em atraso
505788,24120,108,4,2025-10-07,33917.74,36,0.0395,Ativo
505789,24157,109,4,2020-09-20,55170.00,48,0.0438,Ativo
505790,24194,110,4,2021-08-10,47983.69,24,0.0353,Ativo
505791,24231,111,4,2023-02-26,18786.93,48,0.0376,Em atraso
505792,24268,112,4,2021-07-27,55246.94,60,0.0259,Quitado
505793,24305,113,4,2026-11-29,34256.18,36,0.0272,Quitado
505794,24342,114,4,2020-04-22,93825.78,36,0.0369,Ativo
505795,24379,115,4,2021-03-22,82418.81,18,0.0350,Em atraso
505796,24416,116,4,2025-03-16,86860.95,18,0.0264,Ativo
505797,24453,117,4,2023-11-09,5296.90,24,0.0224,Em atraso
505798,24490,118,4,2023-09-02,17405.83,24,0.0332,Ativo
505799,24527,119,4,2020-11-18,39436.43,48,0.0250,Ativo
505800,24564,120,4,2020-10-01,46257.06,6,0.0183,Ativo
505801,24601,101,4,2023-12-24,15729.58,48,0.0399,Quitado
505802,24638,102,4,2021-07-19,79991.22,12,0.0152,Quitado
505803,24675,103,4,2026-01-30,79857.16,6,0.0378,Ativo
505804,24712,104,3,2023-05-13,111223.23,12,0.0250,Em atraso
505805,24749,105,3,2022-09-27,105241.85,6,0.0322,Em atraso
505806,24786,106,3,2021-07-03,64851.96,12,0.0436,Ativo
505807,24823,107,3,2023-05-29,117152.67,60,0.0363,Ativo
505808,24860,108,4,2020-04-10,55808.86,60,0.0255,Ativo
505809,24897,109,3,2020-09-03,30351.60,48,0.0312,Ativo
505810,24934,110,3,2021-07-05,89575.12,6,0.0140,Quitado
505811,24971,111,4,2020-01-20,7422.70,24,0.0408,Quitado
505812,25008,112,3,2020-09-14,51482.97,6,0.0135,Em atraso
505813,25045,113,4,2024-11-05,37674.55,18,0.0326,Quitado
505814,25082,114,3,2021-08-02,27566.83,36,0.0282,Ativo
505815,25119,115,4,2026-04-08,103256.47,18,0.0373,Ativo
505816,25156,116,3,2025-09-14,77479.89,36,0.0331,Ativo
505817,25193,117,4,2022-10-05,67879.35,6,0.0150,Ativo
505818,25230,118,3,2025-05-12,37741.69,18,0.0412,Ativo
505819,25267,119,3,2024-03-26,119281.45,24,0.0184,Ativo
505820,25304,120,3,2022-12-17,82332.46,24,0.0147,Quitado
505821,25341,101,3,2026-09-05,8330.12,6,0.0215,Ativo
505822,25378,102,4,2024-08-07,60399.72,6,0.0098,Em atraso
505823,25415,103,4,2021-05-06,117399.72,24,0.0188,Ativo
505824,25452,104,3,2020-07-06,63592.77,12,0.0432,Ativo
505825,25489,105,3,2020-06-04,42416.60,12,0.0252,Quitado
505826,25526,106,3,2022-08-20,64290.85,36,0.0161,Quitado
505827,25563,107,3,2026-12-24,41711.75,12,0.0385,Ativo
505828,25600,108,3,2021-06-05,65740.34,24,0.0406,Ativo
505829,25637,109,4,2025-07-24,24571.62,48,0.0331,Ativo
505830,25674,110,4,2026-10-03,92866.86,36,0.0179,Ativo
505831,25711,111,4,2022-09-01,64127.82,12,0.0292,Ativo
505832,25748,112,4,2023-05-26,96277.79,18,0.0204,Quitado
505833,25785,113,4,2021-01-29,22976.30,6,0.0432,Em atraso
505834,25822,114,4,2023-07-15,109720.81,60,0.0295,Ativo
505835,25859,115,3,2023-09-16,74666.74,24,0.0154,Ativo
505836,25896,116,4,2022-04-14,79014.11,48,0.0381,Ativo
505837,25933,117,4,2024-06-14,6952.53,60,0.0305,Ativo
505838,25970,118,3,2021-02-03,119214.00,6,0.0336,Em atraso
505839,26007,119,3,2022-03-28,101442.26,60,0.0323,Quitado
505840,26044,120,3,2026-08-06,82535.32,6,0.0117,Em atraso
505841,26081,101,4,2026-03-10,107043.10,12,0.0309,Em atraso
505842,26118,102,4,2025-04-09,86290.47,36,0.0091,Ativo
505843,26155,103,4,2021-09-15,113336.86,48,0.0231,Em atraso
505844,26192,104,4,2026-11-27,109862.67,12,0.0092,Quitado
505845,26229,105,4,2022-10-10,19779.26,6,0.0440,Ativo
505846,26266,106,4,2026-10-19,12478.89,18,0.0400,Ativo
505847,26303,107,3,2022-10-31,38363.08,12,0.0099,Ativo
505848,26340,108,3,2025-03-14,44298.36,24,0.0217,Ativo
505849,26377,109,3,2022-01-30,56135.80,6,0.0337,Em atraso
505850,26414,110,4,2020-05-07,49082.02,36,0.0150,Ativo
505851,26451,111,3,2023-12-14,116712.36,60,0.0123,Em atraso
505852,26488,112,3,2026-03-05,108458.74,36,0.0266,Em atraso
505853,26525,113,4,2021-03-15,25673.64,18,0.0282,Em atraso
505854,26562,114,3,2020-07-13,52553.73,24,0.0380,Em atraso
505855,26599,115,3,2021-10-30,41491.36,18,0.0301,Ativo
505856,26636,116,3,2025-06-16,51495.02,36,0.0282,Em atraso
505857,26673,117,4,2026-09-27,2369.90,48,0.0377,Em atraso
505858,26710,118,3,2025-11-17,10063.37,6,0.0098,Ativo
505859,26747,119,4,2026-11-30,100145.79,24,0.0189,Em atraso
505860,26784,120,3,2022-10-14,39501.45,12,0.0383,Ativo
505861,26821,101,4,2026-06-30,116135.46,24,0.0356,Ativo
505862,26858,102,3,2021-09-15,26247.76,60,0.0257,Em atraso
505863,26895,103,4,2023-01-03,32571.75,18,0.0347,Em atraso
505864,26932,104,4,2025-02-03,36111.04,36,0.0326,Ativo
505865,26969,105,4,2024-08-23,84020.07,12,0.0383,Ativo
505866,27006,106,3,2021-12-04,109150.66,60,0.0138,Ativo
505867,27043,107,3,2025-05-21,8914.53,24,0.0215,Ativo
505868,27080,108,4,2025-07-28,53278.77,60,0.0238,Em atraso
505869,27117,109,4,2021-04-21,28104.91,60,0.0388,Ativo
505870,27154,110,3,2023-10-30,112349.68,36,0.0145,Em atraso
505871,27191,111,4,2020-05-12,38054.95,12,0.0123,Ativo
505872,27228,112,4,2021-08-17,82252.27,48,0.0399,Quitado
505873,27265,113,4,2020-07-27,81082.66,60,0.0376,Quitado
505874,27302,114,4,2022-10-09,71270.79,18,0.0157,Ativo
505875,27339,115,4,2024-04-09,67783.22,24,0.0091,Quitado
505876,27376,116,4,2022-10-23,61730.04,6,0.0438,Ativo
505877,27413,117,3,2024-12-21,88525.12,60,0.0336,Em atraso
505878,27450,118,3,2023-10-23,100690.21,24,0.0092,Ativo
505879,27487,119,4,2023-12-02,62660.21,60,0.0307,Quitado
505880,27524,120,3,2020-09-01,2207.17,36,0.0389,Ativo
505881,27561,101,3,2023-05-23,2838.21,24,0.0420,Em atraso
505882,27598,102,3,2022-04-08,91423.90,6,0.0226,Ativo
505883,27635,103,4,2022-06-04,59566.34,6,0.0143,Quitado
505884,27672,104,3,2025-07-13,28508.49,12,0.0105,Quitado
505885,27709,105,3,2021-05-16,16904.65,12,0.0367,Quitado
505886,27746,106,4,2023-04-05,39204.52,6,0.0230,Ativo
505887,27783,107,3,2022-07-20,81937.84,48,0.0252,Em atraso
505888,27820,108,3,2023-04-01,102509.33,36,0.0181,Ativo
505889,27857,109,3,2022-11-30,80413.94,6,0.0254,Em atraso
505890,27894,110,4,2023-02-14,53745.87,36,0.0404,Ativo
505891,27931,111,4,2024-06-07,31690.66,60,0.0407,Quitado
505892,27968,112,3,2026-11-03,21043.70,24,0.0186,Em atraso
505893,28005,113,4,2026-09-07,107880.00,18,0.0137,Ativo
505894,28042,114,4,2022-10-24,47994.82,12,0.0232,Ativo
505895,28079,115,4,2023-10-12,34831.71,48,0.0412,Em atraso
505896,28116,116,3,2020-02-14,45999.96,60,0.0155,Ativo
505897,28153,117,3,2022-09-01,45346.22,36,0.0320,Ativo
505898,28190,118,3,2024-03-23,59570.82,36,0.0191,Em atraso
505899,28227,119,3,2024-06-17,50757.75,6,0.0260,Quitado
505900,28264,120,4,2024-03-21,24604.10,6,0.0096,Ativo
505901,28301,101,3,2024-03-31,33778.07,60,0.0167,Em atraso
505902,28338,102,3,2023-06-12,14392.79,12,0.0165,Em atraso
505903,28375,103,3,2023-08-07,54241.72,18,0.0219,Ativo
505904,28412,104,3,2021-01-28,93890.37,6,0.0292,Quitado
505905,28449,105,4,2023-09-27,74143.14,36,0.0338,Ativo
505906,28486,106,3,2021-12-17,3493.61,60,0.0431,Ativo
505907,28523,107,3,2025-01-13,76106.51,24,0.0148,Quitado
505908,28560,108,4,2020-11-05,113359.52,48,0.0329,Ativo
505909,28597,109,3,2025-05-05,27178.73,6,0.0421,Quitado
505910,28634,110,3,2020-10-11,2022.08,48,0.0290,Ativo
505911,28671,111,4,2025-04-13,102586.36,6,0.0162,Ativo
505912,28708,112,4,2021-04-05,86824.49,18,0.0323,Ativo
505913,28745,113,4,2022-07-24,66846.95,18,0.0337,Ativo
505914,28782,114,3,2025-07-06,101432.35,18,0.0317,Ativo
505915,28819,115,3,2020-11-17,71375.62,36,0.0162,Em atraso
505916,28856,116,4,2026-11-27,26443.63,48,0.0158,Ativo
505917,28893,117,4,2025-01-06,40477.25,24,0.0287,Ativo
505918,28930,118,3,2020-05-21,64860.88,6,0.0167,Em atraso
505919,28967,119,4,2023-03-14,83365.14,18,0.0366,Ativo
505920,29004,120,3,2023-06-22,91941.39,18,0.0238,Ativo
505921,29041,101,3,2022-09-29,115596.57,48,0.0281,Quitado
505922,29078,102,4,2023-03-08,109690.89,24,0.0341,Ativo
505923,29115,103,3,2024-09-13,116066.06,60,0.0367,Em atraso
505924,29152,104,3,2025-11-26,53016.50,24,0.0239,Em atraso
505925,29189,105,4,2020-11-23,95446.84,18,0.0301,Ativo
505926,29226,106,4,2025-02-13,61304.34,24,0.0209,Quitado
505927,29263,107,3,2021-08-12,71721.16,48,0.0221,Em atraso
505928,29300,108,3,2025-07-02,97937.72,48,0.0434,Ativo
505929,29337,109,4,2025-11-19,21190.12,36,0.0399,Ativo
505930,29374,110,4,2025-09-12,91021.32,60,0.0348,Ativo
505931,29411,111,3,2023-01-14,41103.65,12,0.0431,Quitado
505932,29448,112,4,2024-12-21,13327.03,48,0.0313,Em atraso
505933,29485,113,4,2024-12-28,37801.14,6,0.0378,Quitado
505934,29522,114,3,2022-06-04,63227.10,12,0.0434,Quitado
505935,29559,115,4,2025-07-08,69003.54,60,0.0104,Ativo
505936,29596,116,4,2021-05-31,67130.29,24,0.0123,Em atraso
505937,29633,117,3,2022-05-16,118647.39,24,0.0112,Quitado
505938,29670,118,4,2025-07-14,109686.47,36,0.0393,Ativo
505939,29707,119,4,2023-01-14,16401.47,60,0.0302,Quitado
505940,29744,120,3,2021-03-14,24775.50,24,0.0411,Quitado
505941,29781,101,3,2026-07-11,5756.71,12,0.0141,Quitado
505942,29818,102,3,2020-08-17,51045.80,12,0.0268,Em atraso
505943,29855,103,3,2024-06-07,114329.98,18,0.0317,Quitado
505944,29892,104,4,2023-11-16,106518.48,6,0.0280,Em atraso
505945,29929,105,3,2024-03-13,79772.35,48,0.0112,Ativo
505946,29966,106,4,2026-03-20,45522.42,12,0.0187,Em atraso
505947,10003,107,3,2022-04-15,67422.43,60,0.0189,Ativo
505948,10040,108,4,2023-12-01,77976.08,12,0.0303,Ativo
505949,10077,109,4,2024-09-21,65595.55,18,0.0295,Ativo
505950,10114,110,4,2022-04-09,84781.59,6,0.0098,Em atraso
505951,10151,111,4,2025-03-20,39149.23,36,0.0356,Ativo
505952,10188,112,3,2023-06-23,43846.84,60,0.0298,Quitado
505953,10225,113,4,2020-10-15,95715.65,18,0.0240,Ativo
505954,10262,114,4,2022-08-20,3000.98,12,0.0307,Quitado
505955,10299,115,3,2020-08-17,67741.75,24,0.0186,Quitado
505956,10336,116,4,2021-01-12,88819.27,24,0.0358,Quitado
505957,10373,117,3,2026-08-25,85227.60,36,0.0160,Ativo
505958,10410,118,4,2025-06-05,118122.59,48,0.0378,Quitado
505959,10447,119,3,2021-11-21,54803.58,24,0.0295,Ativo
505960,10484,120,3,2025-01-06,74667.49,60,0.0244,Ativo
505961,10521,101,4,2025-10-14,36537.11,18,0.0161,Quitado
505962,10558,102,4,2023-05-12,6292.21,36,0.0244,Em atraso
505963,10595,103,4,2024-12-16,88609.43,18,0.0252,Em atraso
505964,10632,104,3,2022-05-03,69534.46,12,0.0290,Quitado
505965,10669,105,4,2023-12-30,83753.20,18,0.0095,Quitado
505966,10706,106,4,2024-12-29,50486.41,24,0.0376,Ativo
505967,10743,107,3,2021-06-08,31091.40,48,0.0411,Em atraso
505968,10780,108,4,2020-11-07,100402.69,48,0.0308,Em atraso
505969,10817,109,4,2025-11-24,38768.26,36,0.0399,Ativo
505970,10854,110,4,2023-12-13,51326.92,18,0.0310,Em atraso
505971,10891,111,3,2026-01-20,34512.81,12,0.0189,Quitado
505972,10928,112,4,2025-10-21,61752.41,60,0.0366,Em atraso
505973,10965,113,3,2025-11-30,105025.65,60,0.0427,Quitado
505974,11002,114,4,2021-01-09,17082.66,6,0.0435,Ativo
505975,11039,115,4,2020-08-14,83829.58,36,0.0114,Em atraso
505976,11076,116,3,2020-03-04,18407.31,48,0.0259,Quitado
505977,11113,117,4,2020-09-03,21974.77,6,0.0207,Em atraso
505978,11150,118,3,2022-04-10,38859.14,60,0.0389,Quitado
505979,11187,119,3,2024-05-16,111739.00,36,0.0320,Ativo
505980,11224,120,4,2025-12-08,69567.73,36,0.0157,Em atraso
505981,11261,101,3,2021-10-29,91213.65,12,0.0384,Quitado
505982,11298,102,3,2020-01-09,83975.45,6,0.0368,Em atraso
505983,11335,103,3,2024-10-19,91416.09,48,0.0372,Ativo
505984,11372,104,4,2022-05-05,12031.35,24,0.0297,Ativo
505985,11409,105,4,2020-05-05,38319.02,60,0.0352,Ativo
505986,11446,106,4,2026-10-22,64528.67,12,0.0439,Ativo
505987,11483,107,4,2020-11-15,106937.43,12,0.0420,Em atraso
505988,11520,108,3,2022-01-14,111601.42,12,0.0092,Em atraso
505989,11557,109,4,2021-03-20,113363.86,36,0.0166,Em atraso
505990,11594,110,3,2022-04-10,62145.87,24,0.0317,Ativo
505991,11631,111,3,2024-09-26,44392.46,48,0.0196,Ativo
505992,11668,112,4,2025-03-12,7682.42,18,0.0153,Em atraso
505993,11705,113,4,2022-08-12,27122.55,6,0.0289,Quitado
505994,11742,114,3,2022-12-20,113923.53,60,0.0299,Ativo
505995,11779,115,4,2021-10-29,93682.34,12,0.0388,Quitado
505996,11816,116,4,2026-07-19,35063.32,24,0.0210,Quitado
505997,11853,117,3,2023-06-20,6963.36,18,0.0226,Ativo
505998,11890,118,4,2023-02-20,35554.51,6,0.0206,Quitado
505999,11927,119,3,2022-06-02,38006.26,6,0.0108,Quitado
506000,11964,120,4,2026-05-11,83888.23,6,0.0301,Em atraso
506001,12001,101,4,2024-06-29,45428.59,60,0.0239,Ativo
506002,12038,102,4,2023-05-27,114642.49,24,0.0188,Ativo
506003,12075,103,3,2022-08-18,68035.27,6,0.0231,Quitado
506004,12112,104,4,2024-05-08,43814.66,48,0.0314,Ativo
506005,12149,105,4,2022-08-30,78502.14,36,0.0200,Quitado
506006,12186,106,3,2021-05-22,56203.94,6,0.0238,Ativo
506007,12223,107,4,2021-11-06,26773.61,18,0.0379,Ativo
506008,12260,108,4,2024-07-20,47359.14,36,0.0349,Quitado
506009,12297,109,4,2020-02-05,22564.56,48,0.0121,Em atraso
506010,12334,110,3,2020-04-25,107357.56,48,0.0161,Quitado
506011,12371,111,3,2026-08-11,60107.55,18,0.0388,Quitado
506012,12408,112,3,2023-02-03,36430.52,18,0.0125,Ativo
506013,12445,113,3,2026-05-27,27035.65,36,0.0282,Em atraso
506014,12482,114,3,2020-06-29,77201.24,6,0.0357,Ativo
506015,12519,115,3,2026-11-20,55041.70,12,0.0302,Ativo
506016,12556,116,3,2020-12-01,80050.60,48,0.0255,Quitado
506017,12593,117,3,2026-06-17,109704.53,18,0.0227,Em atraso
506018,12630,118,3,2021-10-11,59876.50,24,0.0261,Ativo
506019,12667,119,3,2021-11-06,7622.84,60,0.0311,Em atraso
506020,12704,120,3,2026-06-24,15262.36,24,0.0131,Em atraso
506021,12741,101,4,2025-08-12,7747.24,6,0.0156,Quitado
506022,12778,102,3,2022-12-13,4820.47,18,0.0394,Quitado
506023,12815,103,3,2025-01-14,11551.27,12,0.0268,Ativo
506024,12852,104,4,2020-04-25,77225.68,6,0.0118,Ativo
506025,12889,105,3,2025-05-08,77431.78,48,0.0149,Ativo
506026,12926,106,4,2025-01-14,38205.31,18,0.0321,Em atraso
506027,12963,107,4,2020-12-27,105479.59,24,0.0191,Ativo
506028,13000,108,3,2021-08-10,19500.51,6,0.0348,Quitado
506029,13037,109,3,2020-05-12,29510.72,60,0.0369,Em atraso
506030,13074,110,3,2024-08-03,107565.18,60,0.0222,Ativo
506031,13111,111,4,2020-04-14,97999.10,18,0.0351,Ativo
506032,13148,112,3,2025-08-25,56517.59,18,0.0340,Quitado
506033,13185,113,4,2024-01-31,22301.25,48,0.0160,Ativo
506034,13222,114,3,2024-11-04,20610.71,12,0.0119,Quitado
506035,13259,115,4,2024-01-18,84313.56,18,0.0240,Ativo
506036,13296,116,4,2022-04-08,58236.66,60,0.0114,Ativo
506037,13333,117,3,2024-08-29,66452.80,12,0.0215,Em atraso
506038,13370,118,4,2022-11-21,116230.93,60,0.0263,Ativo
506039,13407,119,4,2023-11-17,107600.55,36,0.0280,Ativo
506040,13444,120,4,2025-03-03,90992.13,36,0.0374,Ativo
506041,13481,101,4,2025-05-02,2402.07,60,0.0141,Ativo
506042,13518,102,4,2021-09-24,68682.71,12,0.0232,Ativo
506043,13555,103,4,2023-03-22,36060.31,6,0.0312,Ativo
506044,13592,104,4,2021-03-31,43526.35,6,0.0348,Quitado
506045,13629,105,3,2022-04-17,50515.65,24,0.0156,Ativo
506046,13666,106,4,2025-04-16,108967.75,24,0.0235,Ativo
506047,13703,107,3,2024-03-03,12652.03,12,0.0119,Quitado
506048,13740,108,3,2021-10-16,4210.24,48,0.0282,Em atraso
506049,13777,109,4,2024-12-10,29920.05,24,0.0260,Ativo
506050,13814,110,3,2023-05-14,22397.01,12,0.0434,Quitado
506051,13851,111,3,2021-09-19,49517.70,48,0.0238,Ativo
506052,13888,112,3,2026-08-31,80451.52,48,0.0202,Ativo
506053,13925,113,3,2020-08-14,102019.34,48,0.0407,Quitado
506054,13962,114,4,2022-07-04,87342.67,18,0.0360,Quitado
506055,13999,115,3,2026-06-03,76093.47,6,0.0247,Em atraso
506056,14036,116,4,2020-05-28,17290.44,24,0.0181,Ativo
506057,14073,117,4,2023-09-28,63700.17,18,0.0247,Ativo
506058,14110,118,3,2024-11-01,28177.58,24,0.0206,Ativo
506059,14147,119,4,2024-07-18,83908.42,24,0.0151,Ativo
506060,14184,120,3,2021-04-07,43182.96,48,0.0363,Quitado
506061,14221,101,3,2020-05-22,46224.38,6,0.0211,Ativo
506062,14258,102,4,2024-10-28,28402.22,48,0.0114,Quitado
506063,14295,103,4,2022-08-07,11070.91,6,0.0284,Quitado
506064,14332,104,4,2022-03-11,86971.42,24,0.0403,Quitado
506065,14369,105,3,2025-05-07,1809.09,24,0.0426,Em atraso
506066,14406,106,3,2023-12-22,114959.14,36,0.0284,Ativo
506067,14443,107,4,2022-05-05,80442.42,24,0.0114,Ativo
506068,14480,108,4,2026-09-26,103042.82,60,0.0408,Ativo
506069,14517,109,4,2020-07-21,119894.23,48,0.0267,Ativo
506070,14554,110,3,2021-06-13,55734.92,36,0.0132,Quitado
506071,14591,111,4,2024-03-17,44498.89,36,0.0118,Quitado
506072,14628,112,4,2025-12-04,76674.45,36,0.0246,Quitado
506073,14665,113,3,2020-01-01,31097.66,24,0.0291,Quitado
506074,14702,114,4,2022-08-30,8249.63,12,0.0364,Ativo
506075,14739,115,3,2024-03-07,73879.51,60,0.0100,Quitado
506076,14776,116,4,2021-01-11,66567.14,24,0.0355,Ativo
506077,14813,117,4,2023-01-28,11857.75,6,0.0259,Quitado
506078,14850,118,4,2023-10-10,15533.77,60,0.0260,Ativo
506079,14887,119,4,2025-02-04,76623.05,36,0.0238,Em atraso
506080,14924,120,3,2022-04-22,46565.93,24,0.0224,Ativo
506081,14961,101,3,2024-05-05,24763.41,24,0.0235,Quitado
506082,14998,102,3,2021-02-24,15192.74,36,0.0307,Quitado
506083,15035,103,4,2020-05-22,66091.75,60,0.0318,Ativo
506084,15072,104,3,2023-08-28,22568.30,6,0.0117,Em atraso
506085,15109,105,3,2023-10-01,45571.74,12,0.0232,Em atraso
506086,15146,106,4,2024-09-24,4658.77,36,0.0408,Ativo
506087,15183,107,4,2020-04-07,30582.56,24,0.0305,Quitado
506088,15220,108,3,2023-03-30,67619.87,36,0.0123,Ativo
506089,15257,109,4,2023-04-10,10913.05,6,0.0127,Ativo
506090,15294,110,4,2026-05-15,5630.41,24,0.0287,Ativo
506091,15331,111,4,2022-05-05,18626.04,18,0.0142,Em atraso
506092,15368,112,3,2020-01-07,37197.57,24,0.0355,Em atraso
506093,15405,113,3,2024-01-04,100683.45,60,0.0223,Ativo
506094,15442,114,4,2021-01-30,65699.42,12,0.0357,Ativo
506095,15479,115,3,2024-09-06,82972.65,12,0.0188,Ativo
506096,15516,116,3,2021-03-14,35680.39,60,0.0207,Em atraso
506097,15553,117,4,2023-09-17,46124.95,12,0.0341,Ativo
506098,15590,118,4,2025-03-29,59165.31,24,0.0249,Ativo
506099,15627,119,3,2025-04-20,83266.58,36,0.0190,Quitado
506100,15664,120,4,2025-09-13,87007.57,12,0.0182,Ativo
506101,15701,101,4,2021-09-26,81593.02,24,0.0240,Quitado
506102,15738,102,3,2021-09-24,1037.20,36,0.0254,Ativo
506103,15775,103,3,2022-02-05,61407.10,60,0.0286,Ativo
506104,15812,104,4,2025-06-23,80524.26,12,0.0314,Quitado
506105,15849,105,3,2024-06-15,89011.68,48,0.0334,Ativo
506106,15886,106,3,2020-12-28,41223.36,36,0.0412,Ativo
506107,15923,107,3,2020-03-20,118597.37,48,0.0199,Ativo
506108,15960,108,4,2024-10-22,111014.80,48,0.0114,Ativo
506109,15997,109,4,2023-01-31,29016.05,48,0.0233,Em atraso
506110,16034,110,4,2021-01-18,19908.09,12,0.0424,Em atraso
506111,16071,111,4,2025-11-08,32080.76,24,0.0107,Ativo
506112,16108,112,3,2021-07-19,22923.34,18,0.0365,Ativo
506113,16145,113,3,2020-12-18,111782.48,48,0.0374,Ativo
506114,16182,114,3,2020-06-15,12116.22,36,0.0366,Quitado
506115,16219,115,3,2026-07-10,39564.70,6,0.0407,Ativo
506116,16256,116,3,2020-04-06,62762.12,18,0.0128,Em atraso
506117,16293,117,4,2026-04-10,112546.07,36,0.0431,Ativo
506118,16330,118,3,2021-03-05,76465.06,36,0.0116,Quitado
506119,16367,119,4,2020-09-13,54332.01,18,0.0352,Ativo
506120,16404,120,3,2021-05-10,21707.11,6,0.0164,Ativo
506121,16441,101,4,2024-03-07,92805.78,12,0.0119,Quitado
506122,16478,102,3,2021-05-28,41103.81,24,0.0285,Ativo
506123,16515,103,3,2026-12-23,48039.69,60,0.0131,Em atraso
506124,16552,104,4,2021-02-08,81381.26,24,0.0158,Ativo
506125,16589,105,4,2026-06-05,28217.02,6,0.0267,Em atraso
506126,16626,106,4,2026-05-03,40840.56,18,0.0113,Ativo
506127,16663,107,4,2023-08-08,54205.31,6,0.0433,Quitado
506128,16700,108,3,2022-08-21,30825.17,60,0.0254,Ativo
506129,16737,109,3,2023-05-09,9171.68,24,0.0343,Ativo
506130,16774,110,4,2020-11-07,20456.75,24,0.0371,Quitado
506131,16811,111,4,2021-06-19,30380.76,36,0.0190,Ativo
506132,16848,112,4,2022-11-03,67655.31,18,0.0253,Ativo
506133,16885,113,3,2020-05-11,62065.78,12,0.0101,Em atraso
506134,16922,114,3,2023-02-26,108209.06,12,0.0427,Ativo
506135,16959,115,3,2025-07-20,55013.65,60,0.0210,Quitado
506136,16996,116,4,2024-03-22,89409.73,36,0.0316,Em atraso
506137,17033,117,3,2025-10-26,67254.47,24,0.0117,Em atraso
506138,17070,118,4,2023-05-11,74518.94,6,0.0313,Quitado
506139,17107,119,4,2024-10-16,25996.11,6,0.0440,Ativo
506140,17144,120,3,2022-09-17,93081.25,18,0.0379,Em atraso
506141,17181,101,3,2025-05-27,11694.66,60,0.0157,Em atraso
506142,17218,102,4,2023-12-20,17849.50,18,0.0109,Quitado
506143,17255,103,3,2024-05-21,50901.11,12,0.0316,Em atraso
506144,17292,104,4,2020-05-12,16838.14,60,0.0377,Ativo
506145,17329,105,4,2026-11-08,100275.10,6,0.0284,Ativo
506146,17366,106,3,2021-05-10,16770.01,60,0.0136,Quitado
506147,17403,107,3,2022-07-14,100906.28,60,0.0097,Ativo
506148,17440,108,3,2021-01-15,94932.39,18,0.0224,Quitado
506149,17477,109,3,2021-03-20,11833.91,48,0.0144,Em atraso
506150,17514,110,3,2026-02-15,57207.82,60,0.0200,Ativo
506151,17551,111,3,2022-08-10,118405.29,6,0.0383,Quitado
506152,17588,112,3,2023-01-10,59795.34,12,0.0259,Ativo
506153,17625,113,3,2021-06-19,36863.72,48,0.0290,Em atraso
506154,17662,114,3,2024-06-13,115887.83,48,0.0358,Ativo
506155,17699,115,3,2024-10-20,102306.60,60,0.0167,Ativo
506156,17736,116,3,2022-07-15,47320.94,12,0.0395,Ativo
506157,17773,117,4,2024-08-08,50904.19,18,0.0288,Quitado
506158,17810,118,4,2020-04-28,42959.44,18,0.0383,Em atraso
506159,17847,119,4,2025-03-03,52019.85,48,0.0423,Ativo
506160,17884,120,4,2021-03-23,111336.41,18,0.0433,Ativo
506161,17921,101,3,2023-03-12,12622.15,12,0.0260,Em atraso
506162,17958,102,3,2025-09-30,76811.01,36,0.0392,Ativo
506163,17995,103,4,2022-02-10,8129.68,18,0.0276,Ativo
506164,18032,104,4,2023-08-03,13260.46,48,0.0130,Ativo
506165,18069,105,3,2024-04-24,82579.11,24,0.0259,Quitado
506166,18106,106,4,2026-11-22,87071.79,24,0.0186,Ativo
506167,18143,107,4,2023-04-27,70757.03,60,0.0107,Ativo
506168,18180,108,4,2024-04-26,119949.02,12,0.0426,Em atraso
506169,18217,109,3,2026-12-14,5686.39,36,0.0278,Em atraso
506170,18254,110,4,2024-02-24,44801.41,6,0.0095,Em atraso
506171,18291,111,4,2025-02-20,38607.98,48,0.0394,Quitado
506172,18328,112,4,2020-08-08,77728.39,36,0.0242,Quitado
506173,18365,113,4,2020-11-11,18347.68,48,0.0197,Em atraso
506174,18402,114,4,2020-02-21,53866.79,6,0.0186,Ativo
506175,18439,115,3,2020-05-22,96710.09,12,0.0137,Quitado
506176,18476,116,3,2021-05-03,22615.99,6,0.0369,Ativo
506177,18513,117,4,2020-10-26,67289.12,18,0.0362,Ativo
506178,18550,118,3,2025-09-03,62506.63,36,0.0277,Quitado
506179,18587,119,3,2020-07-30,53836.23,24,0.0117,Quitado
506180,18624,120,4,2025-04-21,42728.52,18,0.0130,Ativo
506181,18661,101,3,2024-05-05,77076.88,24,0.0346,Ativo
506182,18698,102,4,2020-08-18,88083.34,36,0.0414,Quitado
506183,18735,103,3,2022-08-13,104615.87,12,0.0134,Quitado
506184,18772,104,3,2024-04-10,34877.73,24,0.0100,Ativo
506185,18809,105,3,2025-11-08,76322.21,24,0.0097,Ativo
506186,18846,106,4,2023-10-10,3022.51,12,0.0403,Em atraso
506187,18883,107,3,2024-12-01,22333.98,24,0.0391,Em atraso
506188,18920,108,4,2024-01-18,74353.53,18,0.0378,Ativo
506189,18957,109,4,2024-03-30,63574.08,48,0.0324,Em atraso
506190,18994,110,4,2026-07-09,71939.84,36,0.0155,Ativo
506191,19031,111,4,2022-12-17,114417.26,6,0.0354,Ativo
506192,19068,112,4,2020-06-04,107894.78,12,0.0374,Ativo
506193,19105,113,3,2023-12-01,88899.19,18,0.0358,Em atraso
506194,19142,114,3,2021-08-20,97955.62,12,0.0141,Ativo
506195,19179,115,3,2026-04-14,13608.08,6,0.0346,Ativo
506196,19216,116,3,2021-02-17,40847.44,24,0.0107,Quitado
506197,19253,117,3,2022-03-31,75149.61,36,0.0157,Ativo
506198,19290,118,4,2021-11-12,34196.68,12,0.0202,Ativo
506199,19327,119,4,2026-11-29,64825.70,60,0.0279,Quitado
506200,19364,120,4,2022-09-02,99510.29,18,0.0207,Ativo
506201,19401,101,3,2025-06-21,92917.79,60,0.0141,Em atraso
506202,19438,102,4,2026-07-03,37485.81,18,0.0222,Em atraso
506203,19475,103,3,2024-03-26,71715.18,18,0.0419,Em atraso
506204,19512,104,3,2026-02-09,40668.15,36,0.0282,Em atraso
506205,19549,105,4,2023-01-18,18179.21,12,0.0258,Ativo
506206,19586,106,3,2026-12-03,83218.75,36,0.0210,Ativo
506207,19623,107,3,2022-04-19,43883.68,12,0.0335,Em atraso
506208,19660,108,4,2021-10-25,64312.55,6,0.0187,Ativo
506209,19697,109,4,2025-05-28,119622.40,24,0.0392,Ativo
506210,19734,110,3,2022-12-28,93428.62,18,0.0139,Em atraso
506211,19771,111,3,2020-07-28,88824.26,12,0.0234,Ativo
506212,19808,112,3,2020-02-11,97549.94,36,0.0362,Em atraso
506213,19845,113,3,2025-03-06,76666.56,12,0.0349,Ativo
506214,19882,114,3,2022-06-25,102037.91,36,0.0249,Quitado
506215,19919,115,3,2026-02-08,43527.25,36,0.0126,Quitado
506216,19956,116,4,2022-11-21,67697.43,24,0.0170,Ativo
506217,19993,117,4,2021-11-04,117166.61,60,0.0132,Em atraso
506218,20030,118,4,2023-05-21,100297.88,48,0.0401,Ativo
506219,20067,119,3,2024-03-02,35779.06,6,0.0329,Ativo
506220,20104,120,3,2020-02-22,93565.94,6,0.0204,Em atraso
506221,20141,101,4,2025-10-22,109805.77,18,0.0145,Em atraso
506222,20178,102,4,2021-03-01,38415.55,12,0.0255,Ativo
506223,20215,103,4,2026-04-15,71148.52,6,0.0157,Ativo
506224,20252,104,3,2025-06-14,118930.94,36,0.0141,Ativo
506225,20289,105,3,2020-12-11,62175.67,18,0.0288,Ativo
506226,20326,106,3,2026-12-17,102368.13,36,0.0237,Ativo
506227,20363,107,4,2020-10-06,73660.67,6,0.0387,Quitado
506228,20400,108,3,2024-05-27,59190.65,6,0.0217,Quitado
506229,20437,109,4,2025-07-20,1543.88,48,0.0379,Ativo
506230,20474,110,3,2026-09-25,75905.01,60,0.0186,Ativo
506231,20511,111,3,2021-08-01,23158.15,36,0.0418,Em atraso
506232,20548,112,3,2024-12-04,104211.71,60,0.0359,Ativo
506233,20585,113,3,2020-09-27,71309.02,6,0.0169,Quitado
506234,20622,114,3,2021-04-24,48737.17,60,0.0197,Em atraso
506235,20659,115,3,2026-10-16,70349.96,6,0.0261,Em atraso
506236,20696,116,3,2020-08-08,106362.44,18,0.0115,Ativo
506237,20733,117,3,2026-04-16,10143.34,48,0.0331,Em atraso
506238,20770,118,3,2021-06-03,90914.16,60,0.0176,Ativo
506239,20807,119,4,2026-04-23,34547.85,12,0.0360,Ativo
506240,20844,120,3,2020-11-20,76733.48,12,0.0115,Quitado
506241,20881,101,4,2022-12-03,36822.79,12,0.0245,Ativo
506242,20918,102,3,2025-08-17,83388.53,24,0.0208,Ativo
506243,20955,103,3,2024-03-04,69090.10,36,0.0304,Ativo
506244,20992,104,3,2022-04-09,4546.05,60,0.0119,Ativo
506245,21029,105,4,2021-12-28,46744.57,12,0.0256,Em atraso
506246,21066,106,3,2023-03-24,61767.83,36,0.0332,Em atraso
506247,21103,107,4,2026-03-16,114452.89,24,0.0269,Quitado
506248,21140,108,3,2025-05-22,70747.61,12,0.0337,Quitado
506249,21177,109,3,2023-09-02,95132.26,12,0.0376,Em atraso
506250,21214,110,4,2022-01-17,2254.00,36,0.0425,Ativo
506251,21251,111,4,2021-02-25,43049.08,12,0.0295,Quitado
506252,21288,112,4,2021-01-24,65795.08,12,0.0409,Quitado
506253,21325,113,4,2024-07-02,24928.38,60,0.0314,Em atraso
506254,21362,114,3,2024-03-25,1770.36,48,0.0195,Em atraso
506255,21399,115,4,2025-03-22,19714.60,36,0.0200,Ativo
506256,21436,116,4,2022-04-11,34625.56,18,0.0236,Quitado
506257,21473,117,3,2025-06-16,24374.43,24,0.0140,Quitado
506258,21510,118,4,2026-12-05,19276.08,48,0.0335,Ativo
506259,21547,119,4,2022-02-02,6882.20,6,0.0121,Ativo
506260,21584,120,3,2023-02-02,6814.51,18,0.0231,Ativo
506261,21621,101,3,2026-05-17,91278.52,24,0.0193,Quitado
506262,21658,102,4,2026-12-03,11268.08,6,0.0286,Ativo
506263,21695,103,4,2022-05-02,80442.85,18,0.0302,Ativo
506264,21732,104,3,2024-06-28,1921.44,6,0.0267,Quitado
506265,21769,105,3,2020-11-14,69970.44,24,0.0209,Quitado
506266,21806,106,4,2022-03-16,104470.54,18,0.0309,Ativo
506267,21843,107,4,2025-04-15,9294.53,48,0.0102,Em atraso
506268,21880,108,3,2022-03-16,72023.17,12,0.0147,Ativo
506269,21917,109,3,2026-09-04,22944.19,60,0.0144,Ativo
506270,21954,110,4,2024-06-28,91711.82,18,0.0165,Em atraso
506271,21991,111,3,2023-05-14,2578.57,36,0.0098,Quitado
506272,22028,112,3,2026-05-23,24434.46,12,0.0176,Ativo
506273,22065,113,3,2025-05-30,104188.13,6,0.0229,Ativo
506274,22102,114,4,2026-08-30,35988.90,6,0.0358,Ativo
506275,22139,115,4,2020-10-17,6603.48,24,0.0268,Quitado
506276,22176,116,3,2022-05-05,14616.27,12,0.0090,Quitado
506277,22213,117,3,2021-10-20,53202.50,12,0.0254,Ativo
506278,22250,118,3,2023-02-25,78719.37,6,0.0331,Ativo
506279,22287,119,3,2024-10-18,50456.27,60,0.0209,Ativo
506280,22324,120,3,2026-01-21,105271.43,48,0.0206,Ativo
506281,22361,101,4,2026-04-27,94704.53,12,0.0197,Ativo
506282,22398,102,4,2020-04-09,47180.88,12,0.0282,Quitado
506283,22435,103,4,2023-03-22,93301.26,48,0.0341,Ativo
506284,22472,104,3,2024-10-23,100627.88,36,0.0216,Ativo
506285,22509,105,4,2024-04-14,31020.99,6,0.0426,Ativo
506286,22546,106,3,2022-06-16,51138.06,36,0.0275,Em atraso
506287,22583,107,3,2025-07-29,87366.47,12,0.0239,Em atraso
506288,22620,108,4,2026-08-11,12909.31,60,0.0201,Ativo
506289,22657,109,4,2022-05-19,97168.32,48,0.0093,Quitado
506290,22694,110,4,2022-06-27,45656.99,36,0.0177,Ativo
506291,22731,111,4,2020-07-19,18617.37,6,0.0410,Em atraso
506292,22768,112,3,2022-08-16,89993.44,12,0.0355,Quitado
506293,22805,113,3,2025-08-12,8620.14,48,0.0357,Ativo
506294,22842,114,4,2023-08-08,26107.18,24,0.0385,Ativo
506295,22879,115,3,2024-12-02,44118.27,36,0.0146,Quitado
506296,22916,116,4,2023-07-10,47257.65,6,0.0108,Ativo
506297,22953,117,3,2021-09-24,9762.39,6,0.0200,Quitado
506298,22990,118,4,2023-07-30,22350.96,6,0.0235,Ativo
506299,23027,119,3,2020-12-13,12081.12,36,0.0212,Ativo
506300,23064,120,3,2022-10-14,2612.26,48,0.0169,Em atraso
506301,23101,101,3,2022-01-13,115035.85,48,0.0215,Em atraso
506302,23138,102,3,2023-09-28,11120.51,60,0.0347,Ativo
506303,23175,103,4,2020-02-28,30601.84,6,0.0224,Ativo
506304,23212,104,4,2026-12-03,20721.14,48,0.0127,Ativo
506305,23249,105,4,2025-09-07,41766.29,60,0.0390,Ativo
506306,23286,106,4,2020-12-02,103582.25,12,0.0199,Em atraso
506307,23323,107,4,2022-08-06,62084.13,60,0.0156,Quitado
506308,23360,108,3,2026-08-20,51410.01,24,0.0353,Em atraso
506309,23397,109,4,2026-05-19,72681.96,12,0.0270,Ativo
506310,23434,110,4,2024-04-23,56088.84,12,0.0349,Quitado
506311,23471,111,4,2025-07-05,90350.86,48,0.0382,Quitado
506312,23508,112,3,2020-12-04,24262.07,48,0.0171,Ativo
506313,23545,113,3,2026-07-16,111118.75,60,0.0101,Em atraso
506314,23582,114,3,2020-04-28,8118.59,12,0.0218,Quitado
506315,23619,115,4,2025-06-20,27442.83,6,0.0255,Ativo
506316,23656,116,4,2024-02-18,99401.23,48,0.0335,Ativo
506317,23693,117,3,2023-11-13,22912.73,48,0.0169,Ativo
506318,23730,118,4,2025-04-27,67402.44,18,0.0185,Ativo
506319,23767,119,3,2020-12-01,74105.11,36,0.0119,Quitado
506320,23804,120,4,2020-12-03,3462.84,24,0.0363,Ativo
506321,23841,101,3,2026-05-22,74980.20,6,0.0409,Ativo
506322,23878,102,3,2023-05-03,51238.42,24,0.0293,Quitado
506323,23915,103,4,2022-03-05,105960.93,12,0.0103,Ativo
506324,23952,104,4,2023-03-11,68751.84,12,0.0184,Ativo
506325,23989,105,4,2025-11-29,42585.34,36,0.0315,Ativo
506326,24026,106,3,2026-09-07,97993.58,12,0.0107,Quitado
506327,24063,107,4,2026-11-08,108372.90,6,0.0253,Ativo
506328,24100,108,3,2025-12-01,48588.50,18,0.0142,Ativo
506329,24137,109,3,2020-12-06,79295.23,60,0.0164,Em atraso
506330,24174,110,3,2021-07-24,6793.46,48,0.0439,Quitado
506331,24211,111,4,2023-10-01,112991.96,36,0.0250,Em atraso
506332,24248,112,4,2022-12-21,111841.61,60,0.0411,Quitado
506333,24285,113,4,2025-12-14,17622.43,12,0.0097,Ativo
506334,24322,114,4,2022-07-12,42399.02,18,0.0278,Ativo
506335,24359,115,3,2025-02-17,111993.61,60,0.0103,Ativo
506336,24396,116,3,2026-10-26,89649.19,6,0.0166,Em atraso
506337,24433,117,3,2025-04-15,75355.11,6,0.0163,Quitado
506338,24470,118,3,2025-12-20,111271.14,18,0.0132,Quitado
506339,24507,119,3,2022-06-29,69001.77,12,0.0436,Quitado
506340,24544,120,4,2022-03-18,68326.68,18,0.0370,Ativo
506341,24581,101,4,2025-04-01,111574.55,18,0.0316,Em atraso
506342,24618,102,3,2023-06-28,45822.51,48,0.0227,Ativo
506343,24655,103,3,2026-09-21,26700.15,48,0.0259,Em atraso
506344,24692,104,3,2021-10-06,67462.67,48,0.0363,Quitado
506345,24729,105,4,2022-10-24,50360.29,24,0.0330,Quitado
506346,24766,106,4,2026-03-18,44857.14,36,0.0216,Ativo
506347,24803,107,3,2024-09-30,73131.00,12,0.0265,Ativo
506348,24840,108,3,2020-07-10,112202.07,48,0.0165,Ativo
506349,24877,109,3,2023-09-14,44182.67,18,0.0363,Em atraso
506350,24914,110,4,2023-01-20,80197.29,36,0.0399,Em atraso
506351,24951,111,3,2020-07-26,47681.51,48,0.0120,Ativo
506352,24988,112,4,2024-06-05,104716.83,12,0.0437,Em atraso
506353,25025,113,4,2025-11-28,19982.92,48,0.0393,Em atraso
506354,25062,114,3,2026-12-03,54497.90,48,0.0251,Ativo
506355,25099,115,4,2020-10-02,57757.59,60,0.0234,Ativo
506356,25136,116,3,2026-09-21,89864.14,48,0.0102,Ativo
506357,25173,117,3,2024-08-31,35940.72,12,0.0299,Quitado
506358,25210,118,4,2026-11-05,115248.59,24,0.0210,Em atraso
506359,25247,119,3,2020-05-19,21145.22,36,0.0315,Quitado
506360,25284,120,3,2023-05-02,82032.16,6,0.0371,Ativo
506361,25321,101,4,2024-11-01,20929.30,24,0.0215,Quitado
506362,25358,102,4,2021-01-18,53963.08,60,0.0423,Ativo
506363,25395,103,3,2024-05-30,19059.28,18,0.0311,Em atraso
506364,25432,104,3,2025-02-16,48173.15,36,0.0139,Ativo
506365,25469,105,3,2025-10-04,86658.03,60,0.0131,Em atraso
506366,25506,106,4,2025-12-14,51556.15,36,0.0303,Em atraso
506367,25543,107,3,2020-06-23,31879.87,36,0.0232,Ativo
506368,25580,108,3,2025-03-04,47024.27,36,0.0226,Ativo
506369,25617,109,3,2020-07-10,103502.44,48,0.0119,Ativo
506370,25654,110,3,2026-02-22,32908.10,6,0.0292,Ativo
506371,25691,111,3,2022-02-20,9576.14,48,0.0262,Em atraso
506372,25728,112,3,2025-11-15,48515.71,12,0.0393,Em atraso
506373,25765,113,3,2023-09-04,87021.87,6,0.0143,Em atraso
506374,25802,114,3,2026-03-27,10616.68,24,0.0243,Ativo
506375,25839,115,4,2021-07-27,38817.61,60,0.0100,Ativo
506376,25876,116,3,2021-02-08,28366.41,48,0.0300,Ativo
506377,25913,117,3,2022-05-20,86164.49,24,0.0165,Quitado
506378,25950,118,4,2022-09-14,108936.59,36,0.0347,Em atraso
506379,25987,119,3,2026-08-29,11773.01,60,0.0335,Ativo
506380,26024,120,4,2024-03-25,99867.29,60,0.0242,Ativo
506381,26061,101,3,2026-01-01,49159.94,24,0.0170,Ativo
506382,26098,102,3,2021-08-22,29906.39,24,0.0429,Quitado
506383,26135,103,3,2021-08-04,105596.63,24,0.0262,Ativo
506384,26172,104,4,2023-02-02,87851.93,36,0.0227,Ativo
506385,26209,105,3,2025-02-14,24099.33,24,0.0134,Em atraso
506386,26246,106,4,2025-06-14,103662.97,18,0.0407,Quitado
506387,26283,107,4,2025-10-27,49602.08,60,0.0178,Em atraso
506388,26320,108,4,2022-11-29,91854.75,36,0.0227,Quitado
506389,26357,109,4,2021-01-08,99202.88,12,0.0279,Ativo
506390,26394,110,4,2023-07-03,114943.50,48,0.0143,Ativo
506391,26431,111,3,2020-07-06,36123.69,24,0.0109,Ativo
506392,26468,112,4,2023-03-05,15456.78,60,0.0181,Ativo
506393,26505,113,3,2020-07-25,82774.97,12,0.0202,Ativo
506394,26542,114,4,2021-09-03,70774.87,24,0.0128,Em atraso
506395,26579,115,3,2022-05-29,62065.30,24,0.0227,Ativo
506396,26616,116,3,2026-05-20,84818.79,18,0.0107,Em atraso
506397,26653,117,3,2024-07-16,112846.74,12,0.0398,Quitado
506398,26690,118,4,2026-11-17,53350.68,60,0.0152,Em atraso
506399,26727,119,4,2025-02-18,81136.59,12,0.0151,Ativo
506400,26764,120,4,2022-10-28,95402.05,60,0.0330,Ativo
506401,26801,101,4,2023-06-12,54506.13,60,0.0215,Ativo
506402,26838,102,3,2021-07-08,110095.66,12,0.0204,Ativo
506403,26875,103,3,2024-12-13,14776.94,36,0.0277,Em atraso
506404,26912,104,4,2021-03-11,4876.50,12,0.0410,Quitado
506405,26949,105,4,2021-09-07,64915.51,12,0.0290,Quitado
506406,26986,106,3,2025-11-04,61917.64,6,0.0414,Ativo
506407,27023,107,4,2025-12-03,97766.71,48,0.0251,Ativo
506408,27060,108,3,2020-03-25,87216.46,60,0.0288,Ativo
506409,27097,109,4,2020-03-27,65016.71,36,0.0374,Em atraso
506410,27134,110,3,2024-04-23,62646.97,48,0.0419,Ativo
506411,27171,111,3,2024-07-18,11526.09,6,0.0165,Em atraso
506412,27208,112,4,2026-04-02,52983.82,24,0.0137,Ativo
506413,27245,113,3,2020-09-21,21923.62,36,0.0237,Quitado
506414,27282,114,3,2021-10-22,5663.55,6,0.0228,Quitado
506415,27319,115,3,2022-10-22,18101.45,36,0.0301,Quitado
506416,27356,116,4,2025-08-16,110798.80,24,0.0321,Quitado
506417,27393,117,3,2022-12-14,90002.28,60,0.0160,Ativo
506418,27430,118,4,2026-11-14,38711.17,12,0.0152,Quitado
506419,27467,119,3,2020-08-31,48839.13,6,0.0096,Quitado
506420,27504,120,3,2024-03-08,42998.08,48,0.0418,Em atraso
506421,27541,101,3,2022-11-16,15638.41,36,0.0312,Ativo
506422,27578,102,3,2024-10-27,44899.58,12,0.0140,Ativo
506423,27615,103,3,2022-12-31,79746.79,12,0.0200,Quitado
506424,27652,104,3,2020-08-03,103480.53,24,0.0096,Ativo
506425,27689,105,3,2024-12-22,66692.58,6,0.0410,Ativo
506426,27726,106,4,2024-10-28,112893.86,18,0.0279,Ativo
506427,27763,107,3,2025-12-17,8542.24,6,0.0269,Ativo
506428,27800,108,3,2025-08-10,48740.44,36,0.0108,Quitado
506429,27837,109,4,2020-02-16,35642.67,12,0.0362,Ativo
506430,27874,110,3,2026-11-28,92291.40,18,0.0346,Ativo
506431,27911,111,4,2024-10-18,104389.76,18,0.0183,Ativo
506432,27948,112,4,2022-05-12,110088.19,48,0.0235,Ativo
506433,27985,113,3,2026-11-07,5414.05,12,0.0148,Quitado
506434,28022,114,3,2020-11-29,19186.38,6,0.0178,Quitado
506435,28059,115,3,2022-02-01,7323.92,48,0.0160,Em atraso
506436,28096,116,3,2021-06-20,99058.47,18,0.0148,Em atraso
506437,28133,117,4,2021-01-16,21897.09,24,0.0333,Ativo
506438,28170,118,4,2024-05-10,102921.67,12,0.0143,Em atraso
506439,28207,119,3,2022-06-02,85360.93,36,0.0097,Ativo
506440,28244,120,4,2022-03-01,97005.96,48,0.0371,Em atraso
506441,28281,101,3,2020-02-10,101152.30,6,0.0413,Quitado
506442,28318,102,4,2026-04-17,36028.33,36,0.0328,Em atraso
506443,28355,103,4,2020-07-06,32297.46,48,0.0246,Ativo
506444,28392,104,3,2026-05-02,110888.58,12,0.0213,Ativo
506445,28429,105,4,2020-07-28,95302.83,60,0.0249,Ativo
506446,28466,106,3,2026-01-14,7352.53,60,0.0182,Ativo
506447,28503,107,4,2024-10-12,61196.95,24,0.0431,Quitado
506448,28540,108,3,2021-07-02,4238.12,48,0.0349,Ativo
506449,28577,109,4,2020-01-29,12114.62,6,0.0385,Quitado
506450,28614,110,4,2026-11-19,86370.04,36,0.0367,Quitado
506451,28651,111,3,2025-04-28,52563.47,36,0.0236,Quitado
506452,28688,112,3,2023-09-24,60318.54,36,0.0269,Quitado
506453,28725,113,3,2025-11-13,74263.94,12,0.0193,Ativo
506454,28762,114,4,2026-09-22,1688.13,24,0.0174,Ativo
506455,28799,115,3,2025-05-06,108203.01,24,0.0193,Quitado
506456,28836,116,4,2026-06-25,35471.58,6,0.0379,Em atraso
506457,28873,117,3,2021-09-08,42292.48,6,0.0164,Ativo
506458,28910,118,3,2026-08-23,27735.08,6,0.0292,Ativo
506459,28947,119,3,2024-01-18,11772.34,24,0.0095,Em atraso
506460,28984,120,4,2023-06-04,34650.02,24,0.0370,Ativo
506461,29021,101,3,2026-02-07,62249.92,60,0.0278,Ativo
506462,29058,102,3,2022-05-27,4637.10,24,0.0091,Em atraso
506463,29095,103,3,2020-11-29,95015.34,36,0.0392,Ativo
506464,29132,104,3,2021-02-16,115138.36,24,0.0139,Ativo
506465,29169,105,3,2025-04-18,63024.03,48,0.0402,Em atraso
506466,29206,106,4,2020-11-25,61282.78,60,0.0263,Em atraso
506467,29243,107,3,2020-06-17,58686.80,18,0.0378,Ativo
506468,29280,108,3,2020-10-06,46461.03,12,0.0120,Ativo
506469,29317,109,4,2025-04-09,83358.21,18,0.0284,Ativo
506470,29354,110,4,2025-07-26,66575.06,18,0.0321,Em atraso
506471,29391,111,4,2023-06-08,32163.76,36,0.0159,Ativo
506472,29428,112,3,2024-09-06,59478.10,48,0.0329,Ativo
506473,29465,113,3,2020-06-30,100556.60,36,0.0174,Quitado
506474,29502,114,4,2025-08-31,69870.69,12,0.0407,Em atraso
506475,29539,115,3,2025-05-26,63744.35,18,0.0104,Quitado
506476,29576,116,3,2025-12-22,85668.46,12,0.0217,Em atraso
506477,29613,117,4,2026-01-03,74876.65,36,0.0330,Em atraso
506478,29650,118,4,2024-07-25,64607.14,48,0.0417,Ativo
506479,29687,119,4,2022-10-31,64634.11,6,0.0232,Ativo
506480,29724,120,4,2022-12-07,104600.55,48,0.0375,Ativo
506481,29761,101,4,2025-12-02,90609.20,18,0.0111,Ativo
506482,29798,102,4,2022-12-08,27117.11,6,0.0270,Ativo
506483,29835,103,4,2026-07-30,87619.82,6,0.0234,Ativo
506484,29872,104,4,2023-06-24,52590.56,24,0.0162,Quitado
506485,29909,105,4,2020-05-26,117846.04,24,0.0153,Quitado
506486,29946,106,4,2026-11-18,111630.44,12,0.0304,Quitado
506487,29983,107,3,2026-10-23,107430.81,18,0.0128,Quitado
506488,10020,108,3,2025-07-06,6548.09,48,0.0330,Quitado
506489,10057,109,3,2024-01-23,108935.02,36,0.0277,Ativo
506490,10094,110,3,2025-01-05,49463.59,48,0.0368,Quitado
506491,10131,111,4,2021-05-22,16787.82,6,0.0151,Quitado
506492,10168,112,4,2022-03-15,48009.44,48,0.0162,Ativo
506493,10205,113,3,2022-10-20,72622.60,48,0.0138,Em atraso
506494,10242,114,3,2025-06-17,13396.57,24,0.0432,Em atraso
506495,10279,115,3,2023-09-01,76139.32,18,0.0228,Ativo
506496,10316,116,3,2025-03-20,45358.22,24,0.0326,Quitado
506497,10353,117,4,2022-01-31,6883.93,18,0.0148,Ativo
506498,10390,118,4,2026-10-25,91237.41,24,0.0247,Quitado
506499,10427,119,3,2021-09-25,32085.30,12,0.0437,Ativo
506500,10464,120,4,2021-11-21,68233.60,18,0.0228,Ativo
506501,10501,101,3,2025-08-22,47440.46,6,0.0245,Ativo
506502,10538,102,3,2021-01-08,34574.11,36,0.0177,Em atraso
506503,10575,103,3,2022-02-05,117488.66,36,0.0348,Ativo
506504,10612,104,4,2020-04-27,6126.03,6,0.0382,Ativo
506505,10649,105,3,2021-08-20,117964.97,6,0.0338,Ativo
506506,10686,106,3,2021-03-11,115714.10,48,0.0378,Em atraso
506507,10723,107,3,2023-10-25,6273.98,36,0.0403,Em atraso
506508,10760,108,4,2021-06-03,57160.39,36,0.0334,Ativo
506509,10797,109,4,2025-03-28,33974.20,18,0.0338,Ativo
506510,10834,110,4,2023-05-16,117811.17,36,0.0095,Quitado
506511,10871,111,4,2021-01-10,6913.90,24,0.0424,Ativo
506512,10908,112,4,2022-11-20,64066.75,6,0.0203,Ativo
506513,10945,113,4,2023-08-30,60408.88,12,0.0129,Ativo
506514,10982,114,4,2021-03-25,28179.93,18,0.0215,Ativo
506515,11019,115,3,2026-12-19,91602.91,60,0.0163,Em atraso
506516,11056,116,3,2020-02-14,77338.53,24,0.0219,Em atraso
506517,11093,117,3,2026-08-12,18901.34,6,0.0162,Quitado
506518,11130,118,4,2024-09-15,54797.80,36,0.0327,Ativo
506519,11167,119,4,2021-05-25,93118.68,60,0.0133,Ativo
506520,11204,120,4,2025-01-28,3578.23,24,0.0385,Ativo
506521,11241,101,4,2026-03-18,38730.56,24,0.0247,Quitado
506522,11278,102,4,2026-07-28,84994.42,60,0.0098,Ativo
506523,11315,103,4,2024-06-17,117370.91,36,0.0268,Quitado
506524,11352,104,3,2026-01-23,5030.61,60,0.0236,Quitado
506525,11389,105,4,2020-04-22,95464.80,24,0.0370,Em atraso
506526,11426,106,4,2021-12-11,14328.60,18,0.0399,Ativo
506527,11463,107,3,2024-01-02,100637.67,24,0.0278,Ativo
506528,11500,108,4,2021-06-19,103303.43,12,0.0116,Em atraso
506529,11537,109,4,2022-04-06,3291.60,12,0.0395,Em atraso
506530,11574,110,4,2024-09-22,112652.81,36,0.0352,Quitado
506531,11611,111,3,2022-04-24,58489.16,60,0.0278,Ativo
506532,11648,112,3,2022-05-28,58275.59,24,0.0110,Ativo
506533,11685,113,4,2022-03-05,99035.45,18,0.0404,Ativo
506534,11722,114,4,2025-01-04,118365.11,60,0.0426,Em atraso
506535,11759,115,3,2020-04-17,74399.11,6,0.0310,Em atraso
506536,11796,116,4,2024-05-08,117192.91,48,0.0134,Em atraso
506537,11833,117,4,2025-07-07,118862.77,6,0.0273,Quitado
506538,11870,118,3,2020-05-20,35848.60,36,0.0398,Em atraso
506539,11907,119,4,2023-02-06,28043.59,12,0.0144,Em atraso
506540,11944,120,3,2024-09-01,15951.28,60,0.0139,Em atraso
506541,11981,101,4,2022-03-23,75674.58,48,0.0223,Ativo
506542,12018,102,4,2023-03-09,18098.39,48,0.0218,Ativo
506543,12055,103,4,2025-03-07,15287.30,18,0.0413,Em atraso
506544,12092,104,3,2023-01-29,40567.39,12,0.0422,Quitado
506545,12129,105,4,2026-03-24,43186.51,24,0.0265,Quitado
506546,12166,106,4,2022-09-19,48536.04,24,0.0296,Em atraso
506547,12203,107,3,2023-10-12,31857.46,12,0.0186,Em atraso
506548,12240,108,3,2026-01-31,102836.89,18,0.0296,Ativo
506549,12277,109,4,2024-05-29,36696.42,36,0.0277,Quitado
506550,12314,110,4,2021-05-17,17011.50,48,0.0129,Ativo
506551,12351,111,4,2025-11-10,110705.08,36,0.0423,Ativo
506552,12388,112,3,2020-05-01,43180.16,36,0.0369,Quitado
506553,12425,113,3,2024-01-03,109539.45,12,0.0362,Em atraso
506554,12462,114,3,2025-09-16,70992.60,6,0.0207,Em atraso
506555,12499,115,3,2020-06-26,80053.84,6,0.0368,Quitado
506556,12536,116,3,2026-11-19,89675.46,24,0.0385,Em atraso
506557,12573,117,3,2023-06-13,70230.62,48,0.0091,Em atraso
506558,12610,118,4,2020-06-16,51941.97,18,0.0162,Ativo
506559,12647,119,3,2021-08-14,13136.36,60,0.0167,Ativo
506560,12684,120,3,2026-06-18,45279.65,24,0.0320,Quitado
506561,12721,101,4,2025-08-19,10294.90,36,0.0138,Em atraso
506562,12758,102,4,2023-06-19,39881.51,18,0.0191,Ativo
506563,12795,103,3,2020-05-12,60618.09,24,0.0281,Ativo
506564,12832,104,3,2021-08-13,59236.41,12,0.0193,Em atraso
506565,12869,105,4,2023-08-22,95784.77,12,0.0337,Quitado
506566,12906,106,3,2025-08-01,102144.33,12,0.0124,Quitado
506567,12943,107,4,2021-08-25,22708.59,24,0.0130,Quitado
506568,12980,108,3,2025-10-21,7671.92,18,0.0329,Em atraso
506569,13017,109,4,2021-11-16,98485.34,36,0.0135,Ativo
506570,13054,110,4,2025-07-02,79314.23,48,0.0362,Quitado
506571,13091,111,4,2025-05-10,88960.39,18,0.0167,Ativo
506572,13128,112,4,2021-06-19,101378.05,48,0.0340,Em atraso
506573,13165,113,4,2022-09-02,94806.88,48,0.0369,Ativo
506574,13202,114,4,2026-06-27,3352.61,36,0.0124,Em atraso
506575,13239,115,3,2021-11-12,8755.29,6,0.0392,Quitado
506576,13276,116,4,2026-12-21,102783.12,18,0.0310,Ativo
506577,13313,117,3,2020-04-17,71364.94,12,0.0436,Quitado
506578,13350,118,3,2023-02-04,76912.97,48,0.0342,Ativo
506579,13387,119,3,2023-01-17,24478.20,6,0.0199,Quitado
506580,13424,120,3,2020-07-23,8110.03,36,0.0338,Em atraso
506581,13461,101,4,2023-06-05,103247.89,18,0.0294,Em atraso
506582,13498,102,3,2026-10-18,94842.82,36,0.0382,Quitado
506583,13535,103,4,2023-09-14,116378.51,12,0.0253,Em atraso
506584,13572,104,3,2022-03-07,52722.03,36,0.0195,Ativo
506585,13609,105,3,2022-01-20,33972.04,6,0.0294,Ativo
506586,13646,106,3,2025-07-24,92873.18,60,0.0110,Em atraso
506587,13683,107,4,2026-06-08,58118.82,48,0.0108,Ativo
506588,13720,108,4,2025-04-13,39655.88,18,0.0139,Ativo
506589,13757,109,4,2024-10-23,85124.18,60,0.0255,Quitado
506590,13794,110,3,2024-05-10,81495.48,12,0.0328,Em atraso
506591,13831,111,4,2024-12-12,45011.38,6,0.0307,Quitado
506592,13868,112,4,2023-07-23,14342.56,36,0.0434,Ativo
506593,13905,113,4,2026-10-01,15691.67,24,0.0211,Ativo
506594,13942,114,4,2026-08-06,55026.05,18,0.0161,Em atraso
506595,13979,115,4,2022-10-17,109941.83,24,0.0214,Ativo
506596,14016,116,4,2020-08-02,24515.49,36,0.0290,Ativo
506597,14053,117,3,2026-07-23,44080.04,48,0.0408,Ativo
506598,14090,118,4,2026-07-12,37858.08,24,0.0159,Ativo
506599,14127,119,3,2024-07-17,111980.58,48,0.0329,Ativo
506600,14164,120,3,2022-06-18,36306.21,24,0.0398,Ativo
506601,14201,101,4,2023-03-16,81818.03,60,0.0167,Ativo
506602,14238,102,3,2026-07-24,48901.02,48,0.0255,Ativo
506603,14275,103,4,2020-06-07,59681.61,24,0.0348,Ativo
506604,14312,104,4,2020-04-23,6527.61,18,0.0337,Ativo
506605,14349,105,3,2020-01-14,15950.21,60,0.0199,Ativo
506606,14386,106,4,2023-07-06,103207.61,60,0.0287,Em atraso
506607,14423,107,3,2020-05-23,55068.83,36,0.0294,Em atraso
506608,14460,108,3,2025-10-13,111144.62,36,0.0283,Ativo
506609,14497,109,4,2022-04-15,88117.01,36,0.0293,Ativo
506610,14534,110,3,2026-10-24,12788.26,48,0.0271,Quitado
506611,14571,111,3,2025-07-21,96309.87,6,0.0189,Quitado
506612,14608,112,4,2026-06-24,58932.39,24,0.0378,Quitado
506613,14645,113,3,2021-01-23,61322.35,24,0.0093,Ativo
506614,14682,114,4,2024-08-25,57613.06,18,0.0095,Quitado
506615,14719,115,4,2021-03-08,96077.43,36,0.0362,Ativo
506616,14756,116,4,2022-04-10,108322.03,18,0.0212,Ativo
506617,14793,117,4,2026-09-21,30388.68,24,0.0157,Em atraso
506618,14830,118,4,2024-01-08,27801.19,48,0.0360,Ativo
506619,14867,119,4,2026-01-14,115598.10,12,0.0284,Ativo
506620,14904,120,3,2023-08-19,98433.80,48,0.0163,Ativo
506621,14941,101,3,2025-09-23,20099.56,18,0.0153,Ativo
506622,14978,102,4,2024-10-01,87997.91,36,0.0192,Em atraso
506623,15015,103,3,2023-03-12,100388.70,6,0.0150,Em atraso
506624,15052,104,4,2025-10-30,64297.81,6,0.0392,Quitado
506625,15089,105,3,2021-11-30,37029.77,18,0.0137,Em atraso
506626,15126,106,3,2025-06-14,12938.98,60,0.0400,Ativo
506627,15163,107,4,2024-04-07,69680.10,18,0.0280,Ativo
506628,15200,108,3,2022-02-15,56262.22,18,0.0302,Quitado
506629,15237,109,3,2022-03-14,99062.85,36,0.0366,Ativo
506630,15274,110,4,2026-05-24,7202.63,12,0.0112,Em atraso
506631,15311,111,3,2022-02-09,45528.55,60,0.0117,Ativo
506632,15348,112,4,2020-11-04,115588.95,12,0.0210,Quitado
506633,15385,113,4,2022-09-29,4596.20,24,0.0348,Quitado
506634,15422,114,4,2022-04-28,15149.02,6,0.0147,Quitado
506635,15459,115,4,2020-12-05,78614.49,6,0.0302,Em atraso
506636,15496,116,3,2024-06-11,49236.88,36,0.0315,Ativo
506637,15533,117,3,2023-07-12,31433.67,18,0.0272,Quitado
506638,15570,118,3,2020-03-28,20047.18,36,0.0220,Ativo
506639,15607,119,3,2024-10-31,13728.92,18,0.0137,Ativo
506640,15644,120,4,2026-06-25,74832.54,36,0.0143,Em atraso
506641,15681,101,3,2022-05-21,66365.59,18,0.0276,Quitado
506642,15718,102,3,2026-01-28,23389.46,6,0.0438,Ativo
506643,15755,103,3,2026-11-04,65947.18,36,0.0230,Quitado
506644,15792,104,4,2026-07-11,74828.36,12,0.0185,Ativo
506645,15829,105,4,2023-06-19,21436.41,36,0.0345,Ativo
506646,15866,106,3,2021-05-08,61393.50,48,0.0116,Ativo
506647,15903,107,4,2026-04-20,65490.31,12,0.0178,Ativo
506648,15940,108,3,2021-01-06,77848.30,60,0.0158,Ativo
506649,15977,109,4,2025-02-15,108899.72,60,0.0149,Ativo
506650,16014,110,3,2020-09-19,20691.69,48,0.0196,Ativo
506651,16051,111,4,2025-10-06,108273.88,60,0.0379,Ativo
506652,16088,112,4,2026-01-20,63221.13,60,0.0163,Quitado
506653,16125,113,3,2022-04-15,22860.87,24,0.0214,Quitado
506654,16162,114,3,2021-06-30,86208.06,60,0.0183,Quitado
506655,16199,115,4,2021-04-16,113144.29,18,0.0282,Ativo
506656,16236,116,4,2020-02-18,40701.07,12,0.0214,Ativo
506657,16273,117,4,2023-03-07,2607.04,60,0.0222,Ativo
506658,16310,118,4,2020-02-10,36222.83,12,0.0432,Ativo
506659,16347,119,4,2021-03-11,70802.63,48,0.0423,Ativo
506660,16384,120,4,2023-10-16,48376.03,24,0.0219,Quitado
506661,16421,101,3,2024-08-02,88624.80,18,0.0400,Em atraso
506662,16458,102,3,2025-06-20,2624.28,6,0.0347,Quitado
506663,16495,103,4,2023-03-23,32415.97,24,0.0191,Quitado
506664,16532,104,4,2022-03-28,68763.30,24,0.0420,Ativo
506665,16569,105,3,2022-06-24,70305.20,6,0.0398,Quitado
506666,16606,106,3,2020-04-20,78348.26,12,0.0196,Ativo
506667,16643,107,3,2020-03-10,75916.24,6,0.0430,Ativo
506668,16680,108,4,2024-11-14,101092.76,12,0.0197,Em atraso
506669,16717,109,4,2023-02-07,6336.36,12,0.0188,Ativo
506670,16754,110,4,2024-05-26,81005.10,6,0.0225,Ativo
506671,16791,111,4,2020-01-04,11986.52,18,0.0377,Ativo
506672,16828,112,3,2023-10-13,32777.56,12,0.0130,Em atraso
506673,16865,113,3,2026-07-07,8783.53,6,0.0212,Ativo
506674,16902,114,3,2021-10-31,67694.10,60,0.0236,Em atraso
506675,16939,115,3,2024-03-13,19734.86,6,0.0133,Quitado
506676,16976,116,4,2026-02-19,24072.36,18,0.0318,Ativo
506677,17013,117,4,2024-07-11,4856.66,36,0.0406,Ativo
506678,17050,118,3,2025-01-23,54005.44,18,0.0329,Em atraso
506679,17087,119,3,2020-10-26,70055.65,18,0.0268,Quitado
506680,17124,120,3,2020-07-25,96919.03,36,0.0206,Em atraso
506681,17161,101,3,2020-02-18,71365.51,12,0.0208,Quitado
506682,17198,102,4,2024-01-16,8209.69,24,0.0345,Quitado
506683,17235,103,4,2026-11-01,40678.41,12,0.0312,Em atraso
506684,17272,104,3,2024-06-03,117979.79,18,0.0280,Em atraso
506685,17309,105,3,2026-04-24,32862.22,18,0.0255,Em atraso
506686,17346,106,3,2023-03-13,1634.71,18,0.0123,Quitado
506687,17383,107,3,2025-12-05,46904.14,12,0.0328,Ativo
506688,17420,108,3,2023-01-17,56858.01,6,0.0361,Ativo
506689,17457,109,4,2023-05-06,108471.34,60,0.0163,Quitado
506690,17494,110,4,2026-05-22,39230.14,18,0.0217,Quitado
506691,17531,111,4,2025-09-24,36029.14,6,0.0322,Quitado
506692,17568,112,4,2024-11-21,43506.34,6,0.0116,Quitado
506693,17605,113,4,2021-06-27,108407.50,60,0.0437,Ativo
506694,17642,114,4,2025-10-20,46319.32,6,0.0270,Quitado
506695,17679,115,4,2024-07-08,73456.34,48,0.0285,Ativo
506696,17716,116,3,2022-08-31,105822.43,6,0.0372,Em atraso
506697,17753,117,4,2026-02-24,36180.38,24,0.0121,Ativo
506698,17790,118,3,2022-10-04,11538.79,36,0.0299,Ativo
506699,17827,119,3,2020-04-26,11494.10,36,0.0171,Em atraso
506700,17864,120,4,2021-05-03,63432.17,48,0.0344,Quitado
506701,17901,101,4,2024-06-22,73487.39,12,0.0331,Em atraso
506702,17938,102,4,2024-06-23,47965.18,24,0.0339,Em atraso
506703,17975,103,4,2020-06-24,87842.61,18,0.0158,Em atraso
506704,18012,104,4,2021-02-22,53660.33,6,0.0224,Ativo
506705,18049,105,4,2021-05-08,66793.66,6,0.0367,Quitado
506706,18086,106,3,2023-10-12,15429.71,18,0.0195,Ativo
506707,18123,107,4,2023-08-27,73767.64,12,0.0145,Em atraso
506708,18160,108,4,2025-06-29,23688.82,24,0.0370,Quitado
506709,18197,109,4,2026-11-23,62599.70,24,0.0422,Quitado
506710,18234,110,3,2024-09-17,13020.16,24,0.0358,Em atraso
506711,18271,111,3,2023-03-27,65961.91,48,0.0234,Ativo
506712,18308,112,4,2024-10-25,92902.36,6,0.0269,Em atraso
506713,18345,113,4,2023-05-07,106396.41,36,0.0357,Ativo
506714,18382,114,4,2023-02-18,75770.25,60,0.0221,Em atraso
506715,18419,115,4,2025-03-25,66093.91,6,0.0092,Em atraso
506716,18456,116,4,2026-05-11,119421.69,6,0.0394,Em atraso
506717,18493,117,4,2023-05-23,19307.70,6,0.0180,Ativo
506718,18530,118,4,2026-03-17,27536.66,24,0.0267,Ativo
506719,18567,119,3,2024-07-23,14044.22,36,0.0352,Quitado
506720,18604,120,3,2024-11-30,17824.28,36,0.0329,Em atraso
506721,18641,101,3,2023-12-17,104420.53,48,0.0095,Ativo
506722,18678,102,4,2026-11-13,85063.45,36,0.0154,Ativo
506723,18715,103,4,2023-10-19,36829.37,18,0.0095,Ativo
506724,18752,104,4,2026-06-28,114052.55,36,0.0158,Ativo
506725,18789,105,3,2023-06-04,45802.54,24,0.0139,Ativo
506726,18826,106,3,2024-03-08,71234.04,12,0.0420,Em atraso
506727,18863,107,3,2024-05-15,80213.11,60,0.0222,Em atraso
506728,18900,108,4,2026-11-27,109509.50,18,0.0196,Em atraso
506729,18937,109,3,2025-04-01,46207.09,12,0.0111,Ativo
506730,18974,110,4,2026-09-15,93510.64,24,0.0437,Ativo
506731,19011,111,3,2025-02-27,113005.29,60,0.0102,Em atraso
506732,19048,112,4,2022-05-03,105342.03,18,0.0154,Em atraso
506733,19085,113,3,2021-02-04,38465.85,36,0.0123,Ativo
506734,19122,114,3,2024-09-13,69561.19,6,0.0337,Quitado
506735,19159,115,4,2021-07-25,71048.17,18,0.0111,Ativo
506736,19196,116,4,2023-10-17,116911.52,48,0.0137,Quitado
506737,19233,117,3,2023-04-28,64568.86,18,0.0393,Ativo
506738,19270,118,4,2022-05-16,4073.85,6,0.0233,Ativo
506739,19307,119,3,2025-12-29,16890.24,36,0.0254,Quitado
506740,19344,120,3,2026-07-14,101452.13,6,0.0376,Quitado
506741,19381,101,4,2020-12-19,37432.15,48,0.0273,Ativo
506742,19418,102,4,2024-12-18,64758.95,12,0.0262,Ativo
506743,19455,103,4,2025-10-22,39147.56,18,0.0118,Em atraso
506744,19492,104,3,2025-06-05,22916.46,6,0.0347,Em atraso
506745,19529,105,4,2020-02-21,75352.77,18,0.0358,Ativo
506746,19566,106,3,2022-11-17,100538.40,6,0.0377,Ativo
506747,19603,107,4,2025-09-01,10552.59,12,0.0164,Em atraso
506748,19640,108,4,2020-03-26,73008.74,6,0.0121,Ativo
506749,19677,109,3,2021-11-09,100151.41,6,0.0330,Ativo
506750,19714,110,4,2021-08-22,29922.68,12,0.0260,Em atraso
506751,19751,111,3,2020-05-14,37690.51,24,0.0152,Quitado
506752,19788,112,4,2024-10-30,96405.56,24,0.0402,Ativo
506753,19825,113,3,2021-05-01,8002.45,36,0.0237,Ativo
506754,19862,114,4,2026-11-14,28575.30,36,0.0381,Quitado
506755,19899,115,4,2024-01-19,55423.03,6,0.0295,Quitado
506756,19936,116,4,2024-05-24,5164.07,36,0.0244,Em atraso
506757,19973,117,3,2021-08-31,55951.53,36,0.0308,Em atraso
506758,20010,118,4,2026-02-28,40064.73,12,0.0376,Em atraso
506759,20047,119,4,2022-11-30,112999.77,48,0.0260,Quitado
506760,20084,120,3,2020-06-28,111317.68,18,0.0112,Em atraso
506761,20121,101,3,2020-01-07,36120.68,24,0.0349,Ativo
506762,20158,102,3,2023-11-29,37803.85,60,0.0333,Ativo
506763,20195,103,3,2026-04-25,42857.04,60,0.0186,Ativo
506764,20232,104,4,2024-02-13,68659.25,6,0.0162,Ativo
506765,20269,105,3,2022-03-06,93600.84,12,0.0125,Ativo
506766,20306,106,4,2024-01-21,86176.92,18,0.0432,Ativo
506767,20343,107,4,2020-05-01,59104.17,24,0.0255,Em atraso
506768,20380,108,3,2024-09-08,112711.80,36,0.0375,Ativo
506769,20417,109,4,2022-08-10,94031.96,24,0.0379,Ativo
506770,20454,110,3,2023-10-21,81854.05,48,0.0354,Em atraso
506771,20491,111,3,2026-10-05,24697.39,6,0.0182,Em atraso
506772,20528,112,3,2025-12-10,76886.73,48,0.0104,Quitado
506773,20565,113,4,2026-11-19,39870.59,36,0.0281,Ativo
506774,20602,114,4,2025-03-29,8293.10,12,0.0187,Ativo
506775,20639,115,3,2022-07-17,5301.10,18,0.0397,Quitado
506776,20676,116,3,2022-10-21,111829.50,24,0.0177,Quitado
506777,20713,117,3,2025-08-15,107344.94,12,0.0411,Ativo
506778,20750,118,4,2022-12-01,108429.18,6,0.0402,Quitado
506779,20787,119,4,2020-08-17,86836.70,6,0.0362,Em atraso
506780,20824,120,3,2024-03-02,13952.85,36,0.0216,Quitado
506781,20861,101,4,2024-10-16,66097.46,48,0.0434,Ativo
506782,20898,102,3,2023-05-08,23551.58,48,0.0183,Quitado
506783,20935,103,4,2025-04-19,51718.98,12,0.0317,Ativo
506784,20972,104,3,2023-08-20,19157.50,12,0.0252,Ativo
506785,21009,105,4,2020-07-04,104514.95,24,0.0199,Quitado
506786,21046,106,4,2026-06-21,111368.23,24,0.0420,Em atraso
506787,21083,107,4,2022-11-26,103779.86,18,0.0166,Ativo
506788,21120,108,3,2023-03-01,86740.33,12,0.0365,Em atraso
506789,21157,109,3,2023-03-26,85746.08,60,0.0431,Em atraso
506790,21194,110,3,2025-01-10,64257.67,24,0.0154,Quitado
506791,21231,111,3,2022-01-10,23879.80,48,0.0396,Ativo
506792,21268,112,3,2025-09-11,53490.13,18,0.0425,Em atraso
506793,21305,113,3,2026-06-08,90406.51,12,0.0201,Ativo
506794,21342,114,4,2021-11-17,63708.46,18,0.0143,Ativo
506795,21379,115,3,2024-02-17,88206.56,12,0.0126,Ativo
506796,21416,116,4,2024-09-04,62970.74,24,0.0292,Em atraso
506797,21453,117,4,2024-09-03,103971.47,24,0.0285,Em atraso
506798,21490,118,3,2023-04-09,67946.17,60,0.0226,Ativo
506799,21527,119,3,2022-08-08,60261.60,6,0.0347,Em atraso
506800,21564,120,4,2025-07-19,79991.82,36,0.0126,Em atraso
506801,21601,101,3,2025-02-15,38855.82,24,0.0154,Ativo
506802,21638,102,3,2022-01-12,88747.85,24,0.0302,Ativo
506803,21675,103,4,2023-03-28,64533.83,18,0.0090,Ativo
506804,21712,104,3,2022-02-25,37267.01,48,0.0111,Quitado
506805,21749,105,3,2024-07-18,91181.63,12,0.0151,Ativo
506806,21786,106,4,2026-09-15,29443.90,12,0.0370,Em atraso
506807,21823,107,3,2023-03-10,9860.99,12,0.0237,Quitado
506808,21860,108,4,2026-02-04,19259.64,60,0.0284,Em atraso
506809,21897,109,3,2021-08-30,4233.26,48,0.0102,Ativo
506810,21934,110,3,2024-08-19,36107.63,60,0.0323,Em atraso
506811,21971,111,3,2025-04-29,61478.46,6,0.0254,Em atraso
506812,22008,112,3,2023-01-15,7215.95,24,0.0120,Em atraso
506813,22045,113,4,2023-01-11,94599.95,18,0.0308,Ativo
506814,22082,114,3,2025-12-08,52932.13,18,0.0206,Ativo
506815,22119,115,3,2025-01-17,19755.60,12,0.0121,Quitado
506816,22156,116,3,2023-12-01,18385.77,24,0.0336,Ativo
506817,22193,117,4,2021-04-17,114005.88,60,0.0377,Quitado
506818,22230,118,4,2020-07-01,9794.78,6,0.0233,Ativo
506819,22267,119,4,2025-07-05,104619.58,60,0.0437,Ativo
506820,22304,120,3,2022-02-09,44430.74,12,0.0246,Em atraso
506821,22341,101,3,2022-11-24,111827.77,18,0.0435,Ativo
506822,22378,102,3,2022-10-29,47009.15,6,0.0209,Em atraso
506823,22415,103,4,2025-05-02,51666.66,24,0.0366,Em atraso
506824,22452,104,3,2024-07-20,27020.00,48,0.0128,Ativo
506825,22489,105,4,2020-04-01,85299.92,12,0.0174,Ativo
506826,22526,106,4,2022-11-17,63264.51,24,0.0115,Ativo
506827,22563,107,3,2020-09-15,89961.10,6,0.0411,Ativo
506828,22600,108,3,2023-10-06,108613.42,12,0.0203,Ativo
506829,22637,109,4,2020-04-19,83406.85,36,0.0287,Quitado
506830,22674,110,3,2024-10-28,14752.73,60,0.0105,Em atraso
506831,22711,111,3,2021-12-08,112521.42,60,0.0230,Ativo
506832,22748,112,4,2022-11-02,87432.25,24,0.0418,Em atraso
506833,22785,113,3,2024-07-24,50463.30,18,0.0331,Em atraso
506834,22822,114,4,2026-10-02,13482.78,18,0.0256,Ativo
506835,22859,115,3,2021-06-16,14494.26,36,0.0228,Em atraso
506836,22896,116,3,2022-05-07,99617.39,18,0.0344,Em atraso
506837,22933,117,4,2023-08-05,4381.88,36,0.0379,Ativo
506838,22970,118,4,2025-04-14,105782.64,18,0.0431,Ativo
506839,23007,119,3,2025-04-04,9015.70,48,0.0291,Em atraso
506840,23044,120,3,2025-03-17,29575.05,48,0.0229,Ativo
506841,23081,101,4,2026-11-14,73628.10,18,0.0156,Em atraso
506842,23118,102,4,2024-03-01,87988.79,6,0.0254,Quitado
506843,23155,103,3,2021-09-28,87760.09,6,0.0200,Em atraso
506844,23192,104,4,2024-06-18,28509.94,24,0.0414,Ativo
506845,23229,105,4,2023-02-26,35862.98,48,0.0207,Ativo
506846,23266,106,3,2025-10-06,73323.13,36,0.0236,Ativo
506847,23303,107,3,2021-01-19,54176.37,12,0.0328,Em atraso
506848,23340,108,4,2023-01-06,118146.04,48,0.0153,Ativo
506849,23377,109,4,2025-03-27,24273.11,12,0.0205,Ativo
506850,23414,110,3,2026-07-11,24957.48,60,0.0220,Ativo
506851,23451,111,3,2024-10-15,10411.91,18,0.0175,Em atraso
506852,23488,112,4,2022-04-15,69634.71,24,0.0401,Ativo
506853,23525,113,3,2024-03-05,21588.21,6,0.0332,Ativo
506854,23562,114,4,2023-05-08,40265.47,6,0.0380,Em atraso
506855,23599,115,3,2024-03-23,107923.85,48,0.0340,Ativo
506856,23636,116,3,2021-10-31,33650.48,12,0.0403,Quitado
506857,23673,117,3,2020-12-11,45786.27,60,0.0161,Ativo
506858,23710,118,4,2023-12-01,77262.04,24,0.0231,Quitado
506859,23747,119,3,2026-11-22,37777.88,36,0.0217,Ativo
506860,23784,120,4,2022-11-14,17674.20,18,0.0345,Quitado
506861,23821,101,3,2023-07-04,75486.06,48,0.0256,Em atraso
506862,23858,102,4,2025-12-14,75230.38,24,0.0196,Quitado
506863,23895,103,3,2020-08-28,45634.62,36,0.0185,Em atraso
506864,23932,104,4,2021-10-09,114463.76,24,0.0268,Ativo
506865,23969,105,4,2023-05-05,72027.23,6,0.0214,Em atraso
506866,24006,106,4,2021-06-01,112536.39,6,0.0134,Ativo
506867,24043,107,4,2022-03-18,20423.43,24,0.0230,Ativo
506868,24080,108,3,2021-06-18,53712.30,6,0.0135,Quitado
506869,24117,109,4,2021-06-05,98237.92,60,0.0146,Quitado
506870,24154,110,3,2025-08-22,6630.61,60,0.0432,Ativo
506871,24191,111,4,2020-12-31,107703.73,48,0.0251,Ativo
506872,24228,112,4,2025-10-16,99893.88,48,0.0363,Ativo
506873,24265,113,3,2026-08-13,57889.80,18,0.0334,Quitado
506874,24302,114,4,2026-05-28,22237.70,48,0.0397,Em atraso
506875,24339,115,4,2021-08-06,110713.82,48,0.0294,Em atraso
506876,24376,116,4,2023-10-26,83296.75,36,0.0363,Ativo
506877,24413,117,3,2026-06-30,7840.65,36,0.0122,Quitado
506878,24450,118,3,2020-12-09,69733.37,24,0.0265,Em atraso
506879,24487,119,4,2023-07-04,59107.25,24,0.0386,Quitado
506880,24524,120,3,2020-01-11,15243.96,6,0.0336,Ativo
506881,24561,101,3,2021-08-22,90864.47,60,0.0253,Ativo
506882,24598,102,3,2021-11-17,11708.88,48,0.0166,Ativo
506883,24635,103,3,2022-05-27,41376.59,6,0.0285,Ativo
506884,24672,104,3,2026-07-06,26501.65,18,0.0382,Ativo
506885,24709,105,3,2025-05-06,89169.02,36,0.0225,Em atraso
506886,24746,106,3,2025-02-21,6722.90,60,0.0247,Quitado
506887,24783,107,3,2025-10-28,14964.83,48,0.0229,Ativo
506888,24820,108,4,2024-01-26,104874.72,48,0.0418,Ativo
506889,24857,109,3,2021-10-07,26600.91,36,0.0143,Ativo
506890,24894,110,3,2023-10-06,57241.08,18,0.0212,Em atraso
506891,24931,111,4,2020-04-14,70064.12,60,0.0208,Ativo
506892,24968,112,4,2025-04-01,107990.00,6,0.0203,Ativo
506893,25005,113,3,2022-07-03,34538.21,24,0.0399,Em atraso
506894,25042,114,4,2025-08-20,70762.91,12,0.0360,Quitado
506895,25079,115,3,2022-10-30,76102.17,48,0.0231,Ativo
506896,25116,116,3,2022-04-26,51267.01,18,0.0177,Em atraso
506897,25153,117,4,2025-08-20,76470.48,24,0.0242,Quitado
506898,25190,118,3,2026-03-23,77136.21,24,0.0291,Ativo
506899,25227,119,3,2021-01-12,19916.06,24,0.0171,Ativo
506900,25264,120,4,2023-03-08,76076.14,36,0.0302,Ativo
506901,25301,101,4,2024-03-09,7266.38,48,0.0123,Ativo
506902,25338,102,3,2020-03-13,7059.09,18,0.0169,Quitado
506903,25375,103,4,2025-06-03,83613.53,36,0.0243,Em atraso
506904,25412,104,3,2021-04-03,98084.31,12,0.0422,Ativo
506905,25449,105,3,2022-01-04,86128.72,6,0.0135,Ativo
506906,25486,106,3,2023-12-26,102769.39,12,0.0343,Quitado
506907,25523,107,3,2024-05-13,105121.87,60,0.0370,Ativo
506908,25560,108,3,2025-03-21,87788.27,18,0.0372,Ativo
506909,25597,109,3,2022-02-20,39237.07,12,0.0132,Ativo
506910,25634,110,4,2025-04-24,56921.64,6,0.0377,Ativo
506911,25671,111,3,2023-05-08,87424.21,60,0.0185,Em atraso
506912,25708,112,4,2022-10-15,31235.20,18,0.0206,Ativo
506913,25745,113,4,2022-07-24,4077.82,36,0.0130,Quitado
506914,25782,114,3,2020-08-18,92651.51,18,0.0295,Em atraso
506915,25819,115,4,2021-10-03,90483.35,60,0.0360,Ativo
506916,25856,116,4,2025-05-03,46930.99,48,0.0176,Em atraso
506917,25893,117,4,2026-06-04,23461.77,36,0.0300,Ativo
506918,25930,118,3,2021-07-02,57827.76,24,0.0176,Ativo
506919,25967,119,3,2025-01-04,100853.08,36,0.0378,Ativo
506920,26004,120,4,2025-07-17,63935.88,24,0.0128,Ativo
506921,26041,101,4,2024-09-11,112229.19,12,0.0186,Ativo
506922,26078,102,3,2022-12-04,103491.69,24,0.0216,Ativo
506923,26115,103,3,2022-03-26,116977.05,18,0.0436,Em atraso
506924,26152,104,3,2021-11-23,13147.73,60,0.0400,Quitado
506925,26189,105,3,2021-04-01,63642.41,24,0.0317,Em atraso
506926,26226,106,3,2024-08-08,90484.11,36,0.0199,Em atraso
506927,26263,107,3,2020-04-09,93175.05,24,0.0126,Ativo
506928,26300,108,3,2026-03-10,55772.67,36,0.0386,Quitado
506929,26337,109,4,2023-05-18,66465.90,18,0.0243,Ativo
506930,26374,110,3,2021-02-16,104259.79,18,0.0120,Quitado
506931,26411,111,3,2022-03-17,99316.87,48,0.0212,Ativo
506932,26448,112,4,2025-12-10,15983.32,60,0.0355,Quitado
506933,26485,113,4,2025-10-09,109733.84,12,0.0366,Ativo
506934,26522,114,4,2024-02-13,54889.38,36,0.0228,Quitado
506935,26559,115,4,2020-04-13,101183.60,48,0.0134,Ativo
506936,26596,116,4,2020-09-29,40764.50,18,0.0232,Ativo
506937,26633,117,4,2022-11-30,79205.20,36,0.0197,Quitado
506938,26670,118,3,2025-04-18,28248.91,12,0.0118,Em atraso
506939,26707,119,4,2024-04-08,75516.48,18,0.0348,Ativo
506940,26744,120,3,2020-07-18,106946.43,6,0.0234,Em atraso
506941,26781,101,3,2021-12-01,69506.33,36,0.0403,Ativo
506942,26818,102,3,2026-06-30,79396.72,36,0.0391,Ativo
506943,26855,103,4,2020-04-13,102753.24,24,0.0398,Ativo
506944,26892,104,4,2026-11-20,41425.43,12,0.0223,Em atraso
506945,26929,105,4,2020-10-17,78961.02,6,0.0233,Quitado
506946,26966,106,3,2024-08-10,63137.92,60,0.0219,Ativo
506947,27003,107,3,2021-01-04,80451.89,60,0.0428,Ativo
506948,27040,108,4,2025-01-28,54572.12,60,0.0211,Ativo
506949,27077,109,3,2022-03-07,39108.09,6,0.0134,Ativo
506950,27114,110,4,2021-06-19,96776.31,18,0.0270,Em atraso
506951,27151,111,3,2025-06-01,9402.08,12,0.0174,Em atraso
506952,27188,112,3,2022-04-12,1827.13,60,0.0277,Em atraso
506953,27225,113,4,2026-06-24,59906.46,36,0.0098,Quitado
506954,27262,114,3,2023-09-02,108053.89,36,0.0140,Em atraso
506955,27299,115,4,2020-11-01,19423.89,18,0.0340,Quitado
506956,27336,116,3,2026-07-21,110484.31,24,0.0246,Ativo
506957,27373,117,4,2025-06-14,57627.76,60,0.0393,Ativo
506958,27410,118,3,2025-05-04,15277.77,6,0.0101,Em atraso
506959,27447,119,3,2020-07-20,15854.23,18,0.0411,Quitado
506960,27484,120,3,2022-11-09,77661.39,24,0.0172,Em atraso
506961,27521,101,4,2024-03-29,74436.33,36,0.0131,Ativo
506962,27558,102,3,2022-10-28,63634.66,6,0.0151,Ativo
506963,27595,103,4,2024-10-09,17720.59,12,0.0250,Ativo
506964,27632,104,4,2022-12-05,109458.26,36,0.0238,Ativo
506965,27669,105,3,2021-10-30,99656.91,6,0.0319,Quitado
506966,27706,106,4,2026-04-29,8692.76,24,0.0230,Em atraso
506967,27743,107,3,2024-01-30,116602.40,60,0.0227,Em atraso
506968,27780,108,4,2021-03-03,93302.61,36,0.0403,Quitado
506969,27817,109,4,2026-12-12,106729.60,6,0.0194,Ativo
506970,27854,110,3,2026-06-22,3091.30,24,0.0186,Em atraso
506971,27891,111,3,2024-04-13,56179.87,24,0.0235,Em atraso
506972,27928,112,3,2024-05-31,116483.15,60,0.0177,Ativo
506973,27965,113,3,2025-05-30,67852.53,6,0.0139,Quitado
506974,28002,114,4,2020-11-04,92417.41,60,0.0212,Ativo
506975,28039,115,4,2022-09-27,98470.32,24,0.0389,Em atraso
506976,28076,116,4,2022-09-03,69870.31,60,0.0233,Quitado
506977,28113,117,3,2024-11-22,65311.90,48,0.0345,Ativo
506978,28150,118,4,2023-05-22,105270.63,36,0.0337,Ativo
506979,28187,119,4,2020-01-31,82751.97,24,0.0258,Quitado
506980,28224,120,4,2026-10-16,2824.48,18,0.0299,Quitado
506981,28261,101,3,2023-02-19,23499.56,12,0.0090,Ativo
506982,28298,102,3,2021-11-01,56514.85,60,0.0370,Ativo
506983,28335,103,3,2025-06-02,9175.30,6,0.0137,Em atraso
506984,28372,104,4,2026-01-19,39291.64,36,0.0296,Quitado
506985,28409,105,4,2025-08-08,13618.08,60,0.0120,Ativo
506986,28446,106,3,2023-01-02,111717.72,60,0.0315,Ativo
506987,28483,107,4,2026-12-10,5061.88,12,0.0147,Quitado
506988,28520,108,3,2026-09-22,93086.64,48,0.0190,Quitado
506989,28557,109,4,2021-07-28,60073.35,60,0.0400,Ativo
506990,28594,110,4,2025-01-27,112777.68,18,0.0191,Ativo
506991,28631,111,3,2025-12-25,30890.69,24,0.0319,Quitado
506992,28668,112,4,2024-07-12,96363.85,6,0.0302,Em atraso
506993,28705,113,3,2023-08-27,43554.64,36,0.0259,Ativo
506994,28742,114,4,2021-10-07,92738.36,12,0.0302,Ativo
506995,28779,115,4,2022-07-07,39971.94,18,0.0272,Quitado
506996,28816,116,3,2023-01-27,27275.38,60,0.0332,Em atraso
506997,28853,117,4,2023-10-01,57802.18,48,0.0216,Quitado
506998,28890,118,4,2024-06-27,113790.53,36,0.0235,Em atraso
506999,28927,119,4,2022-01-27,115808.41,60,0.0213,Quitado
507000,28964,120,3,2021-03-06,93816.81,6,0.0237,Ativo
507001,29001,101,3,2026-06-21,30062.27,48,0.0237,Ativo
507002,29038,102,3,2025-05-29,23461.59,6,0.0399,Ativo
507003,29075,103,4,2022-02-18,111144.27,48,0.0127,Ativo
507004,29112,104,4,2025-03-13,2860.33,48,0.0168,Em atraso
507005,29149,105,4,2026-12-15,33229.78,48,0.0382,Em atraso
507006,29186,106,4,2020-06-17,80992.49,36,0.0186,Ativo
507007,29223,107,3,2026-11-30,97701.41,18,0.0307,Quitado
507008,29260,108,4,2023-03-26,51375.51,60,0.0170,Quitado
507009,29297,109,4,2024-02-28,99678.34,48,0.0337,Ativo
507010,29334,110,3,2022-04-17,73902.21,24,0.0434,Quitado
507011,29371,111,3,2020-08-18,79603.29,6,0.0404,Em atraso
507012,29408,112,3,2026-04-15,112837.46,24,0.0343,Ativo
507013,29445,113,4,2020-07-23,12777.79,18,0.0269,Quitado
507014,29482,114,3,2021-02-23,18739.66,36,0.0404,Ativo
507015,29519,115,3,2025-02-24,41486.22,24,0.0177,Ativo
507016,29556,116,3,2022-05-26,88822.56,36,0.0404,Ativo
507017,29593,117,4,2022-04-22,28099.39,48,0.0233,Ativo
507018,29630,118,3,2026-09-11,66023.23,24,0.0114,Em atraso
507019,29667,119,4,2025-02-24,93298.24,36,0.0170,Quitado
507020,29704,120,4,2025-08-26,40791.64,6,0.0416,Em atraso
507021,29741,101,3,2025-10-25,25308.29,60,0.0199,Em atraso
507022,29778,102,3,2022-10-15,85367.63,18,0.0331,Em atraso
507023,29815,103,3,2026-08-22,116785.41,60,0.0219,Ativo
507024,29852,104,4,2024-03-07,2060.70,48,0.0227,Ativo
507025,29889,105,3,2025-10-15,65743.66,6,0.0367,Em atraso
507026,29926,106,3,2024-02-25,1798.43,18,0.0227,Quitado
507027,29963,107,4,2024-12-20,103665.66,60,0.0352,Ativo
507028,30000,108,4,2023-01-22,64959.09,36,0.0410,Em atraso
507029,10037,109,3,2023-09-07,94686.27,48,0.0375,Ativo
507030,10074,110,3,2025-01-09,50253.97,18,0.0391,Ativo
507031,10111,111,3,2022-04-07,114490.11,6,0.0219,Em atraso
507032,10148,112,3,2021-03-06,29175.25,24,0.0170,Ativo
507033,10185,113,3,2022-08-08,97313.56,12,0.0175,Quitado
507034,10222,114,4,2021-09-26,115274.83,18,0.0347,Ativo
507035,10259,115,3,2024-04-15,96191.90,60,0.0208,Quitado
507036,10296,116,4,2020-01-09,39289.89,6,0.0261,Ativo
507037,10333,117,4,2022-08-21,113342.19,18,0.0161,Ativo
507038,10370,118,4,2025-03-16,59880.76,6,0.0393,Quitado
507039,10407,119,4,2023-10-03,34322.50,12,0.0389,Quitado
507040,10444,120,4,2022-05-27,69496.68,48,0.0406,Quitado
507041,10481,101,3,2023-08-25,110358.16,6,0.0168,Quitado
507042,10518,102,3,2021-05-25,91635.17,12,0.0385,Ativo
507043,10555,103,3,2026-01-23,82975.59,18,0.0107,Ativo
507044,10592,104,3,2021-02-15,40510.50,24,0.0331,Ativo
507045,10629,105,3,2021-06-23,72834.39,18,0.0160,Ativo
507046,10666,106,4,2026-09-12,94897.05,6,0.0390,Ativo
507047,10703,107,3,2026-06-29,77398.32,48,0.0291,Ativo
507048,10740,108,3,2026-08-03,92663.07,6,0.0206,Em atraso
507049,10777,109,4,2025-07-30,68835.75,60,0.0156,Ativo
507050,10814,110,3,2021-04-04,71260.45,36,0.0394,Ativo
507051,10851,111,4,2022-10-23,95290.20,12,0.0112,Em atraso
507052,10888,112,4,2021-05-04,63186.24,48,0.0150,Em atraso
507053,10925,113,4,2021-02-20,56411.68,60,0.0437,Ativo
507054,10962,114,4,2026-03-19,22181.41,18,0.0123,Em atraso
507055,10999,115,3,2021-05-02,43789.37,60,0.0216,Ativo
507056,11036,116,4,2023-07-10,71682.61,36,0.0188,Ativo
507057,11073,117,3,2022-07-31,24676.26,18,0.0282,Ativo
507058,11110,118,3,2023-12-07,106792.42,48,0.0370,Quitado
507059,11147,119,4,2022-06-04,57146.47,60,0.0300,Ativo
507060,11184,120,4,2021-04-29,71783.80,6,0.0327,Ativo
507061,11221,101,3,2022-07-10,112575.78,12,0.0153,Ativo
507062,11258,102,3,2022-02-08,3904.38,24,0.0232,Ativo
507063,11295,103,4,2020-05-30,39085.98,60,0.0112,Em atraso
507064,11332,104,4,2023-04-27,34996.11,18,0.0377,Quitado
507065,11369,105,3,2025-03-14,110343.82,18,0.0296,Ativo
507066,11406,106,3,2023-11-05,96196.04,60,0.0408,Quitado
507067,11443,107,3,2024-12-22,15854.98,60,0.0396,Ativo
507068,11480,108,4,2021-10-02,52733.74,18,0.0249,Ativo
507069,11517,109,3,2024-04-13,9643.84,60,0.0342,Quitado
507070,11554,110,3,2022-09-07,73590.99,18,0.0304,Quitado
507071,11591,111,4,2026-12-11,109959.56,36,0.0262,Em atraso
507072,11628,112,4,2022-10-11,118539.50,18,0.0350,Ativo
507073,11665,113,4,2023-02-27,55399.24,18,0.0233,Em atraso
507074,11702,114,3,2022-07-12,72822.06,48,0.0152,Ativo
507075,11739,115,3,2020-07-18,15588.59,48,0.0099,Quitado
507076,11776,116,4,2024-08-11,66492.99,12,0.0338,Ativo
507077,11813,117,3,2020-08-26,61310.95,60,0.0387,Em atraso
507078,11850,118,3,2026-07-15,69183.29,12,0.0430,Em atraso
507079,11887,119,3,2026-01-26,117725.08,24,0.0214,Ativo
507080,11924,120,3,2020-08-28,22806.32,24,0.0096,Ativo
507081,11961,101,4,2025-02-27,12062.50,12,0.0394,Ativo
507082,11998,102,4,2022-12-12,19469.42,12,0.0351,Ativo
507083,12035,103,3,2022-01-07,89944.97,18,0.0111,Em atraso
507084,12072,104,3,2020-07-11,61607.33,36,0.0100,Ativo
507085,12109,105,4,2020-04-02,48212.62,48,0.0099,Em atraso
507086,12146,106,4,2023-11-01,42102.80,60,0.0304,Em atraso
507087,12183,107,4,2024-08-19,87903.53,24,0.0155,Ativo
507088,12220,108,3,2026-01-06,16910.24,24,0.0164,Em atraso
507089,12257,109,3,2021-09-12,71775.28,60,0.0270,Quitado
507090,12294,110,3,2023-10-23,39447.85,36,0.0210,Ativo
507091,12331,111,4,2020-11-29,16509.10,24,0.0365,Em atraso
507092,12368,112,3,2025-01-19,45773.92,12,0.0378,Ativo
507093,12405,113,3,2022-11-30,43487.30,48,0.0396,Ativo
507094,12442,114,4,2025-08-24,71313.03,6,0.0431,Em atraso
507095,12479,115,4,2021-01-06,83784.49,60,0.0195,Quitado
507096,12516,116,4,2024-07-04,38647.54,12,0.0420,Ativo
507097,12553,117,3,2024-11-18,19763.41,18,0.0274,Quitado
507098,12590,118,3,2020-11-14,51640.28,24,0.0345,Ativo
507099,12627,119,3,2020-03-02,23415.76,6,0.0350,Quitado
507100,12664,120,3,2024-01-07,18903.80,24,0.0361,Ativo
507101,12701,101,3,2024-06-23,48338.85,18,0.0129,Ativo
507102,12738,102,3,2023-04-02,77381.99,18,0.0175,Em atraso
507103,12775,103,3,2023-12-08,79988.57,12,0.0338,Quitado
507104,12812,104,3,2021-09-12,103559.62,36,0.0198,Ativo
507105,12849,105,3,2024-03-29,41599.42,48,0.0318,Quitado
507106,12886,106,4,2022-04-05,80565.42,60,0.0132,Ativo
507107,12923,107,4,2024-12-26,67912.03,12,0.0146,Quitado
507108,12960,108,3,2023-10-24,25184.35,18,0.0180,Ativo
507109,12997,109,4,2021-08-10,103599.08,36,0.0265,Ativo
507110,13034,110,4,2024-06-13,112544.68,12,0.0365,Ativo
507111,13071,111,3,2022-04-08,74029.96,24,0.0117,Em atraso
507112,13108,112,4,2023-05-19,118995.48,24,0.0204,Ativo
507113,13145,113,4,2026-07-15,1765.01,60,0.0140,Em atraso
507114,13182,114,4,2021-10-13,70440.19,12,0.0318,Em atraso
507115,13219,115,4,2026-08-16,66919.80,18,0.0395,Quitado
507116,13256,116,4,2024-09-16,86141.84,36,0.0365,Quitado
507117,13293,117,4,2023-08-12,44290.22,36,0.0359,Ativo
507118,13330,118,4,2026-11-17,55765.60,48,0.0300,Ativo
507119,13367,119,4,2024-11-10,78878.88,12,0.0317,Em atraso
507120,13404,120,3,2022-11-20,55174.27,24,0.0218,Ativo
507121,13441,101,4,2025-07-28,31213.57,48,0.0332,Em atraso
507122,13478,102,3,2021-03-25,56242.27,18,0.0365,Ativo
507123,13515,103,3,2021-03-21,8598.27,60,0.0182,Em atraso
507124,13552,104,4,2022-03-06,14703.88,48,0.0247,Quitado
507125,13589,105,3,2022-04-03,87187.43,60,0.0284,Em atraso
507126,13626,106,3,2026-04-27,21801.23,24,0.0348,Em atraso
507127,13663,107,3,2023-05-03,115524.12,18,0.0157,Ativo
507128,13700,108,4,2023-05-25,116247.72,60,0.0298,Em atraso
507129,13737,109,4,2021-01-06,43932.67,24,0.0220,Quitado
507130,13774,110,3,2024-09-14,96772.58,18,0.0360,Ativo
507131,13811,111,4,2021-08-03,63906.44,48,0.0166,Ativo
507132,13848,112,4,2022-03-10,62261.98,36,0.0213,Ativo
507133,13885,113,4,2024-07-21,109381.31,12,0.0214,Ativo
507134,13922,114,4,2025-01-06,56262.54,48,0.0349,Em atraso
507135,13959,115,4,2024-11-29,86535.51,12,0.0416,Ativo
507136,13996,116,3,2025-04-03,78362.71,18,0.0234,Ativo
507137,14033,117,3,2023-03-15,86506.54,6,0.0292,Quitado
507138,14070,118,3,2025-12-02,88717.79,6,0.0114,Ativo
507139,14107,119,4,2020-01-18,103165.62,24,0.0103,Ativo
507140,14144,120,4,2021-07-14,18734.00,24,0.0106,Em atraso
507141,14181,101,4,2022-08-13,116840.37,24,0.0245,Ativo
507142,14218,102,3,2025-12-26,68677.51,24,0.0125,Ativo
507143,14255,103,4,2022-03-19,6626.45,48,0.0259,Quitado
507144,14292,104,3,2020-04-14,55723.72,6,0.0399,Em atraso
507145,14329,105,4,2022-12-13,92678.62,24,0.0424,Ativo
507146,14366,106,3,2023-07-10,56712.79,36,0.0366,Quitado
507147,14403,107,3,2021-03-25,45621.90,48,0.0226,Ativo
507148,14440,108,3,2023-02-22,97626.67,60,0.0430,Em atraso
507149,14477,109,4,2026-06-06,117973.57,18,0.0376,Ativo
507150,14514,110,3,2020-04-30,3553.59,60,0.0324,Ativo
507151,14551,111,3,2026-01-28,114216.40,24,0.0371,Quitado
507152,14588,112,3,2021-02-03,76655.35,18,0.0154,Quitado
507153,14625,113,3,2024-05-18,113914.00,36,0.0208,Quitado
507154,14662,114,4,2022-05-25,86403.22,48,0.0141,Quitado
507155,14699,115,4,2025-11-19,90008.71,60,0.0177,Ativo
507156,14736,116,4,2023-05-21,36098.08,18,0.0404,Em atraso
507157,14773,117,3,2026-09-08,116192.78,18,0.0139,Ativo
507158,14810,118,4,2023-07-17,11440.25,18,0.0129,Ativo
507159,14847,119,3,2021-05-17,30993.34,12,0.0129,Em atraso
507160,14884,120,4,2020-05-21,16664.81,18,0.0099,Em atraso
507161,14921,101,3,2021-09-16,73961.96,18,0.0334,Quitado
507162,14958,102,3,2020-12-24,19507.98,36,0.0393,Ativo
507163,14995,103,3,2021-09-16,112109.27,48,0.0377,Ativo
507164,15032,104,3,2020-05-20,99020.20,6,0.0211,Em atraso
507165,15069,105,3,2020-08-06,102475.32,60,0.0325,Quitado
507166,15106,106,4,2020-11-01,24991.42,48,0.0210,Ativo
507167,15143,107,3,2020-10-27,63476.35,36,0.0384,Ativo
507168,15180,108,4,2020-04-16,7504.44,48,0.0130,Em atraso
507169,15217,109,3,2025-02-01,118418.47,24,0.0115,Quitado
507170,15254,110,4,2026-07-31,100881.70,6,0.0319,Ativo
507171,15291,111,4,2023-02-20,14319.09,24,0.0262,Ativo
507172,15328,112,3,2022-05-03,60041.36,24,0.0107,Em atraso
507173,15365,113,4,2023-09-12,47926.43,36,0.0164,Em atraso
507174,15402,114,3,2024-06-08,49028.05,36,0.0425,Em atraso
507175,15439,115,3,2020-10-13,5578.03,60,0.0288,Em atraso
507176,15476,116,3,2026-08-25,13234.19,18,0.0287,Ativo
507177,15513,117,4,2023-05-23,12288.68,48,0.0264,Em atraso
507178,15550,118,3,2021-09-06,78577.25,12,0.0304,Ativo
507179,15587,119,3,2020-03-05,75208.51,24,0.0358,Ativo
507180,15624,120,4,2020-10-26,86648.75,12,0.0220,Em atraso
507181,15661,101,4,2025-08-28,15341.77,18,0.0098,Ativo
507182,15698,102,3,2025-11-30,93600.57,18,0.0326,Em atraso
507183,15735,103,4,2020-02-07,83167.05,24,0.0422,Em atraso
507184,15772,104,4,2022-05-09,1284.14,36,0.0212,Ativo
507185,15809,105,3,2024-01-17,84549.40,12,0.0426,Ativo
507186,15846,106,4,2021-04-05,88908.24,60,0.0329,Ativo
507187,15883,107,3,2025-03-12,109085.15,36,0.0158,Quitado
507188,15920,108,4,2020-02-09,78230.94,12,0.0354,Ativo
507189,15957,109,4,2023-02-09,32769.95,48,0.0366,Em atraso
507190,15994,110,4,2025-06-25,107051.39,12,0.0360,Em atraso
507191,16031,111,3,2024-11-19,113630.64,6,0.0324,Em atraso
507192,16068,112,4,2024-08-19,113516.96,6,0.0348,Em atraso
507193,16105,113,4,2022-10-30,30711.63,48,0.0203,Ativo
507194,16142,114,3,2025-02-01,113511.52,60,0.0121,Ativo
507195,16179,115,4,2021-10-04,53556.46,12,0.0202,Ativo
507196,16216,116,3,2024-06-22,75140.37,24,0.0145,Ativo
507197,16253,117,4,2024-06-09,86075.00,36,0.0280,Ativo
507198,16290,118,3,2026-04-24,28077.44,48,0.0275,Ativo
507199,16327,119,3,2025-05-09,93437.06,18,0.0217,Ativo
507200,16364,120,4,2023-05-24,4290.46,60,0.0345,Ativo
507201,16401,101,4,2022-09-14,95383.06,12,0.0182,Quitado
507202,16438,102,4,2026-01-25,31409.71,12,0.0360,Quitado
507203,16475,103,4,2025-06-04,81092.18,60,0.0303,Em atraso
507204,16512,104,3,2025-07-11,72755.83,24,0.0257,Ativo
507205,16549,105,3,2026-08-15,111498.86,36,0.0298,Ativo
507206,16586,106,3,2021-11-06,75792.61,48,0.0318,Ativo
507207,16623,107,4,2021-08-12,71698.16,12,0.0288,Em atraso
507208,16660,108,3,2024-07-03,82520.07,48,0.0262,Em atraso
507209,16697,109,3,2024-08-05,112830.55,48,0.0167,Ativo
507210,16734,110,3,2025-07-10,28073.62,18,0.0377,Ativo
507211,16771,111,3,2025-07-26,115586.84,48,0.0228,Quitado
507212,16808,112,4,2024-06-26,73544.99,60,0.0093,Quitado
507213,16845,113,4,2020-01-04,107223.94,48,0.0260,Quitado
507214,16882,114,4,2025-02-13,87790.32,60,0.0344,Ativo
507215,16919,115,3,2021-07-02,23731.82,60,0.0315,Ativo
507216,16956,116,4,2023-02-18,16741.31,24,0.0370,Em atraso
507217,16993,117,3,2025-03-31,94542.63,36,0.0201,Ativo
507218,17030,118,4,2020-07-08,52484.86,6,0.0410,Quitado
507219,17067,119,4,2025-03-08,62922.31,6,0.0375,Ativo
507220,17104,120,3,2026-07-12,20126.88,24,0.0395,Ativo
507221,17141,101,3,2021-03-01,6935.54,12,0.0411,Ativo
507222,17178,102,3,2021-01-23,48205.94,18,0.0314,Ativo
507223,17215,103,4,2024-05-18,81624.48,36,0.0347,Ativo
507224,17252,104,4,2026-01-14,96172.35,24,0.0256,Em atraso
507225,17289,105,4,2021-12-28,102792.03,60,0.0200,Quitado
507226,17326,106,3,2026-03-02,107198.24,12,0.0359,Quitado
507227,17363,107,4,2024-09-14,41530.24,18,0.0349,Quitado
507228,17400,108,3,2021-02-02,85334.40,24,0.0245,Quitado
507229,17437,109,4,2021-08-30,29384.43,18,0.0331,Ativo
507230,17474,110,4,2023-10-22,20779.37,12,0.0102,Em atraso
507231,17511,111,4,2025-12-13,50793.63,60,0.0328,Quitado
507232,17548,112,4,2024-11-26,92776.45,60,0.0375,Ativo
507233,17585,113,4,2024-08-06,5198.15,18,0.0277,Quitado
507234,17622,114,3,2020-12-17,62404.33,48,0.0286,Ativo
507235,17659,115,4,2026-10-24,17954.60,18,0.0343,Em atraso
507236,17696,116,4,2025-03-01,10276.83,60,0.0371,Em atraso
507237,17733,117,4,2020-11-27,75949.26,60,0.0311,Quitado
507238,17770,118,4,2022-01-05,81917.48,60,0.0346,Quitado
507239,17807,119,4,2023-01-30,116550.33,36,0.0431,Em atraso
507240,17844,120,3,2025-08-16,27324.51,6,0.0104,Quitado
507241,17881,101,3,2025-01-20,62289.57,24,0.0374,Quitado
507242,17918,102,3,2025-01-22,64991.94,12,0.0217,Ativo
507243,17955,103,3,2020-04-02,37414.13,48,0.0414,Quitado
507244,17992,104,3,2021-08-22,108402.30,6,0.0149,Ativo
507245,18029,105,3,2023-12-09,80199.16,48,0.0285,Em atraso
507246,18066,106,3,2022-03-07,15756.63,6,0.0153,Quitado
507247,18103,107,3,2025-08-05,3661.69,48,0.0332,Quitado
507248,18140,108,4,2021-08-25,102457.53,6,0.0344,Ativo
507249,18177,109,3,2023-05-30,87066.54,6,0.0235,Ativo
507250,18214,110,4,2024-08-14,114610.63,48,0.0302,Quitado
507251,18251,111,4,2026-08-21,97364.92,48,0.0114,Em atraso
507252,18288,112,4,2023-08-04,8560.30,48,0.0208,Em atraso
507253,18325,113,3,2025-04-01,119456.16,12,0.0155,Ativo
507254,18362,114,4,2021-12-12,80225.19,60,0.0399,Em atraso
507255,18399,115,3,2026-02-07,39913.35,48,0.0238,Quitado
507256,18436,116,3,2023-04-05,40749.14,24,0.0174,Em atraso
507257,18473,117,3,2025-07-23,32563.51,12,0.0438,Ativo
507258,18510,118,3,2022-02-07,115733.17,36,0.0258,Em atraso
507259,18547,119,4,2021-04-11,21062.85,18,0.0214,Em atraso
507260,18584,120,3,2026-08-06,16064.21,24,0.0128,Ativo
507261,18621,101,4,2020-08-08,50357.72,24,0.0120,Em atraso
507262,18658,102,3,2025-06-03,107106.01,12,0.0384,Ativo
507263,18695,103,3,2025-10-22,77672.04,18,0.0167,Quitado
507264,18732,104,4,2023-11-30,88768.07,12,0.0155,Em atraso
507265,18769,105,4,2020-01-28,103411.60,12,0.0272,Ativo
507266,18806,106,3,2023-07-31,48718.12,24,0.0232,Em atraso
507267,18843,107,3,2021-12-19,45126.08,18,0.0237,Quitado
507268,18880,108,3,2024-01-24,93753.78,18,0.0350,Ativo
507269,18917,109,3,2025-10-29,96419.24,60,0.0304,Ativo
507270,18954,110,4,2023-06-23,30098.93,24,0.0437,Em atraso
507271,18991,111,4,2025-04-25,81448.02,18,0.0277,Ativo
507272,19028,112,3,2022-07-18,117140.68,12,0.0381,Ativo
507273,19065,113,4,2025-01-03,34401.10,36,0.0167,Ativo
507274,19102,114,4,2026-01-19,21872.25,6,0.0247,Quitado
507275,19139,115,4,2023-10-29,98097.60,12,0.0180,Em atraso
507276,19176,116,3,2022-07-13,33057.59,6,0.0223,Quitado
507277,19213,117,3,2025-08-27,7596.55,6,0.0384,Quitado
507278,19250,118,3,2023-01-25,55883.29,6,0.0317,Ativo
507279,19287,119,4,2022-06-13,1457.62,12,0.0140,Ativo
507280,19324,120,3,2024-11-11,29613.46,60,0.0285,Ativo
507281,19361,101,3,2022-09-18,35043.99,6,0.0267,Quitado
507282,19398,102,4,2025-10-09,85513.08,48,0.0359,Quitado
507283,19435,103,3,2025-02-03,31007.71,12,0.0148,Em atraso
507284,19472,104,3,2021-12-20,101055.62,48,0.0262,Ativo
507285,19509,105,4,2020-07-06,4848.40,6,0.0269,Ativo
507286,19546,106,4,2020-07-23,2180.42,24,0.0413,Em atraso
507287,19583,107,4,2024-01-25,4185.72,48,0.0125,Em atraso
507288,19620,108,3,2023-09-11,53115.48,6,0.0188,Ativo
507289,19657,109,4,2020-08-24,68136.43,6,0.0415,Em atraso
507290,19694,110,4,2026-07-13,46031.37,12,0.0109,Ativo
507291,19731,111,4,2024-12-10,85936.49,18,0.0331,Quitado
507292,19768,112,4,2024-02-13,21541.72,36,0.0198,Ativo
507293,19805,113,4,2024-05-03,58698.97,36,0.0427,Ativo
507294,19842,114,3,2024-01-06,63816.14,36,0.0154,Em atraso
507295,19879,115,3,2022-11-12,107948.25,6,0.0321,Quitado
507296,19916,116,4,2021-04-07,75820.97,24,0.0406,Quitado
507297,19953,117,3,2021-03-09,80321.25,36,0.0125,Em atraso
507298,19990,118,4,2020-01-01,112953.62,12,0.0424,Ativo
507299,20027,119,3,2021-04-18,55576.35,36,0.0277,Quitado
507300,20064,120,3,2026-10-13,98086.08,60,0.0182,Quitado
507301,20101,101,4,2020-05-27,119800.39,12,0.0115,Em atraso
507302,20138,102,3,2026-07-11,31783.26,18,0.0258,Em atraso
507303,20175,103,4,2023-03-13,56454.69,24,0.0172,Ativo
507304,20212,104,3,2023-07-15,56211.75,18,0.0351,Ativo
507305,20249,105,4,2026-06-12,113650.49,48,0.0313,Ativo
507306,20286,106,4,2022-01-06,118004.58,12,0.0275,Ativo
507307,20323,107,3,2022-08-23,108794.48,60,0.0277,Quitado
507308,20360,108,4,2025-02-24,76097.78,18,0.0238,Ativo
507309,20397,109,4,2022-02-12,111495.20,18,0.0153,Em atraso
507310,20434,110,4,2021-07-09,59304.09,48,0.0435,Em atraso
507311,20471,111,3,2024-11-18,25370.60,24,0.0196,Em atraso
507312,20508,112,4,2020-07-01,75139.76,60,0.0435,Ativo
507313,20545,113,4,2022-01-31,60147.82,24,0.0127,Quitado
507314,20582,114,3,2024-12-01,43169.75,6,0.0325,Em atraso
507315,20619,115,4,2024-11-01,69195.40,24,0.0289,Quitado
507316,20656,116,3,2020-02-07,27887.26,36,0.0417,Ativo
507317,20693,117,4,2021-11-04,41378.86,48,0.0108,Ativo
507318,20730,118,3,2025-01-23,118892.93,60,0.0241,Quitado
507319,20767,119,4,2021-01-09,19880.07,6,0.0223,Em atraso
507320,20804,120,3,2022-07-02,30889.56,36,0.0123,Quitado
507321,20841,101,3,2024-02-13,11371.13,24,0.0419,Quitado
507322,20878,102,3,2026-11-04,72757.85,36,0.0287,Quitado
507323,20915,103,3,2022-12-06,2683.41,12,0.0268,Em atraso
507324,20952,104,4,2026-07-11,47728.83,36,0.0248,Em atraso
507325,20989,105,3,2023-09-14,112862.29,48,0.0368,Ativo
507326,21026,106,4,2021-03-12,54418.56,60,0.0281,Ativo
507327,21063,107,4,2023-10-25,105248.24,24,0.0416,Ativo
507328,21100,108,4,2026-07-19,48240.83,18,0.0186,Ativo
507329,21137,109,4,2020-09-25,12974.97,18,0.0232,Ativo
507330,21174,110,3,2026-01-17,50463.36,6,0.0121,Quitado
507331,21211,111,4,2022-12-18,91025.14,18,0.0143,Ativo
507332,21248,112,3,2025-08-17,65923.15,36,0.0294,Ativo
507333,21285,113,3,2020-05-27,3734.32,48,0.0369,Quitado
507334,21322,114,3,2026-03-20,109166.77,12,0.0262,Quitado
507335,21359,115,3,2020-05-10,42383.83,60,0.0200,Em atraso
507336,21396,116,3,2024-08-17,54530.87,60,0.0405,Ativo
507337,21433,117,3,2026-02-07,57273.08,60,0.0269,Ativo
507338,21470,118,4,2022-03-19,7428.98,18,0.0195,Quitado
507339,21507,119,4,2025-10-17,29412.00,6,0.0144,Quitado
507340,21544,120,3,2022-04-02,19859.78,24,0.0204,Ativo
507341,21581,101,4,2026-01-12,48724.21,36,0.0329,Ativo
507342,21618,102,4,2020-01-07,25902.82,6,0.0196,Quitado
507343,21655,103,4,2026-06-17,113401.60,24,0.0345,Em atraso
507344,21692,104,4,2026-01-05,69717.09,48,0.0421,Em atraso
507345,21729,105,3,2022-03-14,75800.88,24,0.0427,Ativo
507346,21766,106,3,2024-10-05,95308.19,60,0.0379,Em atraso
507347,21803,107,3,2024-11-26,90022.72,60,0.0434,Ativo
507348,21840,108,3,2025-03-05,25079.63,24,0.0265,Quitado
507349,21877,109,3,2024-11-21,42064.15,18,0.0169,Quitado
507350,21914,110,4,2024-05-20,50934.00,12,0.0205,Em atraso
507351,21951,111,4,2021-06-24,43184.87,24,0.0137,Em atraso
507352,21988,112,3,2023-07-30,20439.52,36,0.0241,Ativo
507353,22025,113,3,2026-08-02,50877.96,24,0.0124,Quitado
507354,22062,114,3,2026-03-05,43327.67,60,0.0207,Ativo
507355,22099,115,4,2025-03-18,43585.83,6,0.0384,Em atraso
507356,22136,116,4,2020-06-11,70337.45,12,0.0156,Ativo
507357,22173,117,3,2025-04-13,63051.77,60,0.0196,Ativo
507358,22210,118,3,2020-04-25,34172.05,48,0.0321,Em atraso
507359,22247,119,4,2023-02-06,62948.00,18,0.0163,Ativo
507360,22284,120,4,2023-02-07,30083.31,6,0.0394,Em atraso
507361,22321,101,3,2020-04-09,8170.60,48,0.0376,Ativo
507362,22358,102,4,2024-04-19,43349.87,24,0.0424,Ativo
507363,22395,103,3,2026-11-16,103942.17,36,0.0301,Ativo
507364,22432,104,4,2021-08-30,69664.41,60,0.0150,Quitado
507365,22469,105,3,2022-05-07,111612.62,60,0.0381,Ativo
507366,22506,106,4,2026-05-01,76195.73,18,0.0290,Quitado
507367,22543,107,4,2022-03-04,69798.92,18,0.0184,Quitado
507368,22580,108,3,2023-08-09,113841.22,36,0.0325,Quitado
507369,22617,109,3,2022-06-23,9254.25,18,0.0276,Ativo
507370,22654,110,3,2023-08-27,87935.48,24,0.0341,Em atraso
507371,22691,111,3,2023-02-19,87607.38,6,0.0358,Quitado
507372,22728,112,4,2022-04-30,33430.52,24,0.0221,Ativo
507373,22765,113,3,2023-11-11,100862.69,6,0.0333,Ativo
507374,22802,114,3,2022-10-15,104313.27,24,0.0426,Em atraso
507375,22839,115,4,2022-07-03,95301.61,48,0.0166,Ativo
507376,22876,116,3,2025-08-18,111776.13,60,0.0308,Quitado
507377,22913,117,4,2025-06-24,25176.04,6,0.0121,Ativo
507378,22950,118,3,2022-10-02,22405.92,48,0.0440,Ativo
507379,22987,119,4,2026-01-30,1334.39,36,0.0220,Em atraso
507380,23024,120,3,2025-02-13,1407.13,6,0.0191,Ativo
507381,23061,101,3,2020-01-19,87670.87,12,0.0332,Em atraso
507382,23098,102,4,2023-03-09,43624.92,48,0.0366,Ativo
507383,23135,103,3,2024-09-08,60038.60,60,0.0257,Quitado
507384,23172,104,3,2025-07-31,97883.54,60,0.0193,Ativo
507385,23209,105,4,2020-06-02,48017.29,24,0.0342,Ativo
507386,23246,106,4,2022-06-02,72905.86,6,0.0423,Quitado
507387,23283,107,4,2022-07-05,34675.97,24,0.0425,Quitado
507388,23320,108,4,2022-03-29,94829.52,24,0.0239,Em atraso
507389,23357,109,4,2023-05-30,27221.52,24,0.0254,Ativo
507390,23394,110,4,2026-06-26,107085.40,60,0.0268,Em atraso
507391,23431,111,4,2023-11-30,4173.49,48,0.0414,Em atraso
507392,23468,112,4,2024-01-08,75154.07,6,0.0261,Ativo
507393,23505,113,4,2023-02-04,83455.99,6,0.0430,Ativo
507394,23542,114,3,2020-01-30,65465.71,12,0.0418,Ativo
507395,23579,115,3,2020-09-13,76547.17,12,0.0258,Quitado
507396,23616,116,3,2024-09-10,92459.28,24,0.0351,Quitado
507397,23653,117,4,2024-07-04,3576.91,6,0.0251,Ativo
507398,23690,118,4,2025-06-03,14566.43,12,0.0270,Ativo
507399,23727,119,3,2021-10-10,80013.42,48,0.0384,Em atraso
507400,23764,120,4,2026-12-26,27635.95,18,0.0329,Em atraso
507401,23801,101,4,2022-10-18,24329.32,36,0.0316,Ativo
507402,23838,102,4,2025-02-06,73064.13,48,0.0435,Em atraso
507403,23875,103,3,2020-04-05,64787.84,18,0.0183,Ativo
507404,23912,104,3,2021-08-17,77646.89,36,0.0122,Quitado
507405,23949,105,3,2024-10-21,103239.73,12,0.0376,Quitado
507406,23986,106,3,2021-10-26,115919.23,60,0.0287,Ativo
507407,24023,107,3,2024-01-28,68571.58,60,0.0380,Ativo
507408,24060,108,4,2026-04-23,91497.53,60,0.0249,Ativo
507409,24097,109,4,2022-02-10,119196.13,6,0.0349,Em atraso
507410,24134,110,4,2025-02-02,110690.50,36,0.0161,Ativo
507411,24171,111,4,2023-11-27,97725.15,24,0.0421,Quitado
507412,24208,112,3,2023-08-17,14394.20,6,0.0314,Ativo
507413,24245,113,4,2020-06-20,50715.62,36,0.0218,Ativo
507414,24282,114,4,2020-11-20,15036.99,6,0.0170,Quitado
507415,24319,115,4,2024-08-27,86129.74,24,0.0360,Ativo
507416,24356,116,4,2021-11-30,12089.78,48,0.0414,Ativo
507417,24393,117,4,2020-09-22,12899.45,6,0.0221,Ativo
507418,24430,118,4,2022-03-15,68407.47,12,0.0172,Quitado
507419,24467,119,3,2021-04-19,69736.07,12,0.0223,Ativo
507420,24504,120,3,2022-01-15,37416.93,60,0.0202,Ativo
507421,24541,101,3,2021-03-02,34075.64,12,0.0270,Em atraso
507422,24578,102,3,2025-07-23,49917.41,36,0.0205,Ativo
507423,24615,103,4,2024-03-13,100800.70,60,0.0355,Ativo
507424,24652,104,3,2023-02-21,29008.78,6,0.0161,Ativo
507425,24689,105,4,2020-04-05,48129.00,6,0.0351,Quitado
507426,24726,106,3,2020-06-18,1413.41,60,0.0328,Ativo
507427,24763,107,3,2021-11-05,20809.87,48,0.0305,Ativo
507428,24800,108,4,2025-04-12,28207.15,6,0.0185,Quitado
507429,24837,109,4,2026-11-26,102518.77,48,0.0166,Em atraso
507430,24874,110,3,2023-10-13,35725.18,18,0.0219,Em atraso
507431,24911,111,4,2021-01-16,44090.82,24,0.0095,Em atraso
507432,24948,112,4,2022-01-21,95158.24,24,0.0374,Quitado
507433,24985,113,3,2022-01-22,67983.67,18,0.0107,Ativo
507434,25022,114,4,2020-01-27,63104.95,48,0.0284,Ativo
507435,25059,115,3,2024-07-08,10110.62,6,0.0372,Ativo
507436,25096,116,4,2025-02-22,24095.82,18,0.0182,Quitado
507437,25133,117,4,2025-10-30,39934.45,60,0.0406,Ativo
507438,25170,118,4,2024-11-01,30854.48,60,0.0429,Em atraso
507439,25207,119,3,2022-12-29,41462.52,60,0.0392,Ativo
507440,25244,120,3,2022-10-08,47811.96,24,0.0135,Ativo
507441,25281,101,3,2025-01-04,3534.02,6,0.0237,Quitado
507442,25318,102,3,2025-09-22,81139.45,12,0.0337,Ativo
507443,25355,103,4,2022-08-30,108539.72,18,0.0146,Ativo
507444,25392,104,3,2026-02-14,32315.24,24,0.0141,Em atraso
507445,25429,105,4,2020-01-14,71465.00,60,0.0233,Ativo
507446,25466,106,3,2025-08-29,31991.48,48,0.0202,Ativo
507447,25503,107,4,2024-02-19,47896.77,36,0.0313,Em atraso
507448,25540,108,3,2021-09-23,17676.40,12,0.0380,Ativo
507449,25577,109,4,2023-05-18,104384.81,12,0.0399,Quitado
507450,25614,110,3,2026-12-02,85497.52,12,0.0182,Ativo
507451,25651,111,4,2022-10-20,34298.34,18,0.0398,Ativo
507452,25688,112,4,2025-09-18,82061.60,60,0.0187,Ativo
507453,25725,113,4,2023-05-21,23068.23,60,0.0410,Ativo
507454,25762,114,4,2026-02-21,26176.85,6,0.0300,Quitado
507455,25799,115,3,2023-08-24,78455.60,24,0.0311,Em atraso
507456,25836,116,4,2023-01-21,4953.10,36,0.0202,Quitado
507457,25873,117,3,2025-07-27,98237.48,36,0.0186,Em atraso
507458,25910,118,3,2020-04-10,3545.51,48,0.0114,Quitado
507459,25947,119,4,2021-06-22,97449.99,24,0.0121,Ativo
507460,25984,120,3,2022-09-26,38557.46,6,0.0429,Ativo
507461,26021,101,3,2024-04-22,28079.82,6,0.0404,Em atraso
507462,26058,102,3,2023-06-14,42868.25,48,0.0240,Ativo
507463,26095,103,4,2023-08-11,81844.59,18,0.0103,Ativo
507464,26132,104,3,2025-11-04,50401.23,12,0.0152,Ativo
507465,26169,105,3,2023-12-31,16452.62,24,0.0153,Em atraso
507466,26206,106,3,2024-10-28,69098.00,12,0.0134,Ativo
507467,26243,107,4,2024-01-05,2482.94,6,0.0361,Quitado
507468,26280,108,3,2025-08-18,12114.22,24,0.0411,Ativo
507469,26317,109,4,2025-08-21,43775.93,6,0.0108,Quitado
507470,26354,110,4,2020-04-29,87002.82,36,0.0191,Ativo
507471,26391,111,4,2026-10-29,51975.38,36,0.0396,Ativo
507472,26428,112,4,2025-06-22,49400.09,24,0.0292,Ativo
507473,26465,113,4,2020-11-12,67612.55,12,0.0401,Ativo
507474,26502,114,3,2020-05-11,41480.33,6,0.0096,Ativo
507475,26539,115,4,2021-05-21,30872.82,24,0.0345,Ativo
507476,26576,116,4,2025-10-19,53194.66,36,0.0318,Em atraso
507477,26613,117,4,2021-05-28,81935.62,36,0.0172,Em atraso
507478,26650,118,3,2026-06-04,72059.70,12,0.0435,Ativo
507479,26687,119,4,2020-08-19,20528.15,18,0.0418,Quitado
507480,26724,120,4,2021-12-06,42011.57,60,0.0353,Ativo
507481,26761,101,3,2025-12-24,35083.71,48,0.0200,Ativo
507482,26798,102,3,2025-09-17,90591.07,48,0.0217,Ativo
507483,26835,103,4,2022-12-30,81645.02,60,0.0259,Em atraso
507484,26872,104,3,2026-11-20,85475.45,24,0.0423,Quitado
507485,26909,105,4,2022-08-25,82403.38,36,0.0229,Ativo
507486,26946,106,3,2024-08-05,110122.53,6,0.0110,Quitado
507487,26983,107,3,2023-09-12,49514.16,12,0.0346,Em atraso
507488,27020,108,4,2021-02-08,27042.70,12,0.0231,Em atraso
507489,27057,109,3,2026-07-28,102579.27,60,0.0418,Quitado
507490,27094,110,3,2023-02-02,15964.54,18,0.0176,Em atraso
507491,27131,111,4,2026-06-28,20937.25,36,0.0175,Em atraso
507492,27168,112,4,2025-02-11,76909.60,48,0.0196,Ativo
507493,27205,113,4,2020-03-29,24651.65,12,0.0278,Ativo
507494,27242,114,4,2021-03-23,87941.93,36,0.0174,Ativo
507495,27279,115,3,2020-11-07,104838.21,6,0.0229,Ativo
507496,27316,116,4,2022-02-15,14108.11,18,0.0144,Em atraso
507497,27353,117,3,2020-02-09,13721.55,12,0.0349,Ativo
507498,27390,118,3,2022-05-17,12833.31,48,0.0318,Ativo
507499,27427,119,3,2022-08-02,31562.03,60,0.0380,Ativo
507500,27464,120,4,2024-07-31,91789.00,60,0.0208,Ativo
507501,27501,101,4,2024-09-09,39343.29,60,0.0305,Ativo
507502,27538,102,4,2026-07-08,75998.03,6,0.0398,Ativo
507503,27575,103,4,2023-11-23,48861.14,6,0.0324,Quitado
507504,27612,104,4,2025-08-23,75692.57,18,0.0438,Em atraso
507505,27649,105,3,2026-02-04,16604.57,48,0.0144,Em atraso
507506,27686,106,3,2020-06-09,10190.66,24,0.0407,Em atraso
507507,27723,107,3,2020-11-12,10569.19,12,0.0304,Em atraso
507508,27760,108,3,2024-08-02,104806.89,60,0.0176,Ativo
507509,27797,109,4,2021-12-19,43894.07,24,0.0267,Em atraso
507510,27834,110,3,2020-11-04,23562.92,24,0.0228,Ativo
507511,27871,111,4,2020-05-27,108962.38,18,0.0367,Quitado
507512,27908,112,3,2021-03-04,42213.45,36,0.0333,Ativo
507513,27945,113,3,2020-11-26,23356.50,12,0.0436,Em atraso
507514,27982,114,3,2023-06-17,79853.15,60,0.0131,Em atraso
507515,28019,115,3,2026-08-07,37808.33,36,0.0251,Quitado
507516,28056,116,4,2020-12-05,53120.40,48,0.0176,Ativo
507517,28093,117,3,2020-04-16,92035.21,60,0.0418,Quitado
507518,28130,118,4,2026-01-08,48763.22,18,0.0330,Ativo
507519,28167,119,4,2020-07-18,37102.37,60,0.0258,Ativo
507520,28204,120,4,2023-05-21,30083.23,60,0.0181,Quitado
507521,28241,101,4,2026-07-28,78702.23,18,0.0218,Ativo
507522,28278,102,3,2020-03-26,12523.06,12,0.0300,Em atraso
507523,28315,103,3,2024-07-25,11491.40,48,0.0320,Em atraso
507524,28352,104,3,2021-03-25,7413.01,48,0.0438,Ativo
507525,28389,105,4,2026-12-20,9375.87,36,0.0237,Em atraso
507526,28426,106,4,2022-08-24,14642.52,18,0.0300,Ativo
507527,28463,107,4,2026-11-25,54385.15,36,0.0383,Ativo
507528,28500,108,3,2024-06-05,17772.03,48,0.0220,Ativo
507529,28537,109,4,2024-08-16,114525.80,18,0.0324,Ativo
507530,28574,110,3,2025-06-24,83850.91,6,0.0207,Em atraso
507531,28611,111,4,2025-11-02,116755.12,6,0.0390,Quitado
507532,28648,112,3,2025-03-30,104957.08,48,0.0107,Ativo
507533,28685,113,3,2025-03-12,99965.62,12,0.0156,Em atraso
507534,28722,114,4,2021-05-24,57223.90,60,0.0213,Quitado
507535,28759,115,4,2025-04-05,10620.79,6,0.0193,Ativo
507536,28796,116,4,2023-03-29,16870.07,24,0.0374,Em atraso
507537,28833,117,3,2023-11-17,61432.93,12,0.0255,Em atraso
507538,28870,118,4,2025-03-01,35497.99,24,0.0225,Quitado
507539,28907,119,3,2023-08-20,104223.54,18,0.0096,Em atraso
507540,28944,120,4,2026-03-03,6676.32,18,0.0186,Em atraso
507541,28981,101,3,2020-11-13,67856.95,60,0.0138,Em atraso
507542,29018,102,3,2022-05-05,42572.45,12,0.0428,Ativo
507543,29055,103,3,2024-06-13,90887.91,60,0.0288,Ativo
507544,29092,104,3,2026-11-08,5150.20,36,0.0406,Ativo
507545,29129,105,3,2023-04-06,79313.54,12,0.0255,Em atraso
507546,29166,106,3,2026-10-21,79198.79,6,0.0211,Quitado
507547,29203,107,3,2026-02-02,115570.50,6,0.0206,Ativo
507548,29240,108,3,2025-12-17,20208.34,60,0.0201,Em atraso
507549,29277,109,4,2026-05-24,80667.82,12,0.0356,Ativo
507550,29314,110,3,2023-04-12,94857.72,6,0.0340,Em atraso
507551,29351,111,4,2026-02-18,94096.21,12,0.0287,Em atraso
507552,29388,112,4,2023-09-23,97630.37,36,0.0425,Quitado
507553,29425,113,4,2023-08-15,73904.22,36,0.0246,Ativo
507554,29462,114,4,2025-10-12,115823.58,12,0.0360,Ativo
507555,29499,115,4,2026-02-06,81082.14,36,0.0149,Quitado
507556,29536,116,4,2022-08-22,80967.08,12,0.0094,Em atraso
507557,29573,117,4,2023-07-08,48144.08,60,0.0122,Ativo
507558,29610,118,4,2021-01-04,53416.30,48,0.0284,Ativo
507559,29647,119,3,2022-08-21,20548.90,24,0.0211,Ativo
507560,29684,120,4,2020-01-12,3636.16,48,0.0335,Quitado
507561,29721,101,4,2025-07-15,46350.72,12,0.0147,Em atraso
507562,29758,102,4,2020-08-29,25440.86,12,0.0310,Ativo
507563,29795,103,3,2020-02-15,69219.43,36,0.0095,Quitado
507564,29832,104,4,2025-08-12,42205.37,36,0.0381,Ativo
507565,29869,105,3,2024-02-10,90722.02,24,0.0310,Quitado
507566,29906,106,3,2026-09-06,119814.23,48,0.0287,Ativo
507567,29943,107,4,2022-09-29,64505.30,12,0.0112,Em atraso
507568,29980,108,3,2026-12-23,30863.26,48,0.0340,Quitado
507569,10017,109,4,2020-02-22,85770.50,24,0.0211,Em atraso
507570,10054,110,3,2021-06-28,76379.85,48,0.0342,Ativo
507571,10091,111,3,2026-12-24,41180.61,36,0.0233,Ativo
507572,10128,112,3,2021-12-26,84077.39,60,0.0206,Ativo
507573,10165,113,4,2026-01-01,56090.88,36,0.0192,Ativo
507574,10202,114,4,2025-01-31,76909.56,6,0.0222,Ativo
507575,10239,115,3,2021-07-13,11743.24,24,0.0396,Ativo
507576,10276,116,4,2020-02-19,66439.99,60,0.0397,Em atraso
507577,10313,117,4,2021-12-01,4815.18,24,0.0296,Em atraso
507578,10350,118,4,2023-02-18,25293.04,48,0.0135,Ativo
507579,10387,119,4,2022-09-09,81463.75,18,0.0395,Em atraso
507580,10424,120,4,2026-11-09,51701.21,36,0.0290,Em atraso
507581,10461,101,3,2024-10-17,106755.30,36,0.0210,Ativo
507582,10498,102,4,2024-12-20,54914.82,24,0.0311,Quitado
507583,10535,103,4,2026-02-26,65121.63,18,0.0406,Quitado
507584,10572,104,4,2024-09-23,104989.77,6,0.0370,Quitado
507585,10609,105,4,2024-07-08,46233.07,36,0.0197,Quitado
507586,10646,106,4,2020-07-23,2218.67,24,0.0317,Em atraso
507587,10683,107,4,2022-04-07,33429.21,12,0.0392,Ativo
507588,10720,108,4,2021-08-28,102221.24,60,0.0289,Quitado
507589,10757,109,3,2025-08-26,117597.87,12,0.0206,Em atraso
507590,10794,110,3,2025-05-12,107459.56,24,0.0230,Ativo
507591,10831,111,3,2025-09-08,4142.93,18,0.0149,Em atraso
507592,10868,112,3,2025-12-17,62693.66,48,0.0181,Ativo
507593,10905,113,3,2026-08-03,42431.66,60,0.0324,Quitado
507594,10942,114,3,2024-03-04,86643.18,12,0.0172,Em atraso
507595,10979,115,4,2021-07-14,86862.18,24,0.0334,Ativo
507596,11016,116,3,2025-06-10,42870.78,12,0.0342,Ativo
507597,11053,117,3,2020-02-21,25441.60,48,0.0102,Em atraso
507598,11090,118,3,2023-11-14,25652.80,48,0.0306,Ativo
507599,11127,119,4,2023-11-30,10515.64,12,0.0273,Quitado
507600,11164,120,3,2026-04-29,67352.80,60,0.0314,Ativo
507601,11201,101,4,2022-07-25,3040.11,24,0.0278,Quitado
507602,11238,102,3,2026-02-11,2563.79,60,0.0239,Ativo
507603,11275,103,3,2022-12-09,56535.12,24,0.0262,Ativo
507604,11312,104,4,2026-03-20,97034.50,48,0.0180,Em atraso
507605,11349,105,4,2026-01-07,59612.44,60,0.0223,Ativo
507606,11386,106,4,2024-12-29,104145.54,18,0.0280,Ativo
507607,11423,107,4,2023-02-23,65716.84,48,0.0294,Em atraso
507608,11460,108,4,2025-11-30,34450.98,18,0.0219,Ativo
507609,11497,109,4,2021-06-26,107471.77,18,0.0231,Em atraso
507610,11534,110,3,2022-08-02,3550.94,48,0.0367,Ativo
507611,11571,111,3,2026-05-16,88770.31,36,0.0127,Ativo
507612,11608,112,3,2024-03-27,4310.90,48,0.0323,Quitado
507613,11645,113,3,2022-01-26,20501.76,12,0.0233,Ativo
507614,11682,114,4,2020-06-16,3193.31,18,0.0149,Ativo
507615,11719,115,4,2022-01-19,62554.64,12,0.0329,Quitado
507616,11756,116,3,2023-09-24,76217.11,24,0.0215,Ativo
507617,11793,117,3,2023-10-26,102486.66,24,0.0205,Quitado
507618,11830,118,4,2022-02-21,91810.84,18,0.0220,Ativo
507619,11867,119,4,2026-12-19,59002.34,6,0.0116,Quitado
507620,11904,120,4,2026-05-02,24574.90,36,0.0137,Quitado
507621,11941,101,4,2022-11-24,105128.86,24,0.0155,Ativo
507622,11978,102,3,2025-06-30,109718.60,6,0.0327,Ativo
507623,12015,103,3,2020-06-08,35730.71,48,0.0368,Em atraso
507624,12052,104,4,2026-01-01,77687.69,18,0.0241,Ativo
507625,12089,105,4,2026-04-07,8753.98,60,0.0396,Quitado
507626,12126,106,4,2026-01-12,70247.91,36,0.0126,Quitado
507627,12163,107,4,2026-12-01,40340.61,6,0.0282,Ativo
507628,12200,108,3,2026-03-21,38040.24,24,0.0438,Ativo
507629,12237,109,3,2020-09-29,66703.47,18,0.0354,Ativo
507630,12274,110,3,2024-03-07,42373.40,60,0.0398,Ativo
507631,12311,111,3,2024-01-31,35402.80,60,0.0257,Ativo
507632,12348,112,3,2026-07-02,105769.35,24,0.0362,Ativo
507633,12385,113,4,2026-07-26,113414.63,36,0.0107,Ativo
507634,12422,114,4,2022-06-27,70527.34,12,0.0182,Em atraso
507635,12459,115,3,2026-04-19,58131.80,12,0.0169,Quitado
507636,12496,116,3,2026-10-18,73322.06,36,0.0141,Em atraso
507637,12533,117,4,2025-04-24,40188.25,60,0.0114,Quitado
507638,12570,118,4,2026-09-26,12601.69,12,0.0312,Em atraso
507639,12607,119,3,2021-07-23,119747.18,48,0.0373,Ativo
507640,12644,120,4,2021-11-05,104301.35,36,0.0222,Ativo
507641,12681,101,3,2021-04-30,10643.66,60,0.0173,Quitado
507642,12718,102,4,2023-01-16,10137.53,18,0.0410,Em atraso
507643,12755,103,4,2020-11-11,82522.41,24,0.0195,Em atraso
507644,12792,104,3,2020-06-23,2499.35,24,0.0265,Ativo
507645,12829,105,3,2026-07-23,58861.30,12,0.0417,Ativo
507646,12866,106,3,2021-11-04,43701.97,24,0.0197,Em atraso
507647,12903,107,4,2024-01-05,109521.19,48,0.0205,Quitado
507648,12940,108,3,2026-10-26,65118.04,6,0.0242,Ativo
507649,12977,109,3,2024-10-27,22212.82,48,0.0141,Ativo
507650,13014,110,3,2021-11-08,1452.65,48,0.0206,Em atraso
507651,13051,111,3,2020-11-12,21021.25,36,0.0226,Em atraso
507652,13088,112,3,2025-06-27,69177.47,48,0.0240,Ativo
507653,13125,113,3,2020-07-10,46878.63,18,0.0418,Em atraso
507654,13162,114,3,2026-12-14,22889.69,24,0.0157,Ativo
507655,13199,115,4,2021-01-03,56625.73,60,0.0427,Ativo
507656,13236,116,4,2026-09-04,80111.42,24,0.0383,Ativo
507657,13273,117,3,2024-10-21,119053.03,18,0.0345,Ativo
507658,13310,118,3,2024-12-31,46795.11,6,0.0243,Ativo
507659,13347,119,4,2020-11-17,68061.93,6,0.0254,Em atraso
507660,13384,120,3,2024-03-13,107550.65,36,0.0154,Quitado
507661,13421,101,4,2021-02-19,49836.71,48,0.0226,Ativo
507662,13458,102,4,2026-08-09,110359.81,6,0.0424,Ativo
507663,13495,103,3,2020-04-28,117667.74,24,0.0434,Ativo
507664,13532,104,4,2020-06-19,36293.58,60,0.0287,Ativo
507665,13569,105,4,2022-05-01,32816.89,18,0.0139,Ativo
507666,13606,106,4,2023-10-23,90498.04,24,0.0178,Ativo
507667,13643,107,3,2025-08-04,102565.37,24,0.0379,Ativo
507668,13680,108,3,2020-05-30,70464.49,6,0.0208,Em atraso
507669,13717,109,4,2023-01-10,108334.90,18,0.0184,Ativo
507670,13754,110,3,2022-09-25,77349.30,6,0.0117,Ativo
507671,13791,111,3,2024-10-06,70522.73,48,0.0412,Ativo
507672,13828,112,3,2022-05-02,24859.24,48,0.0141,Quitado
507673,13865,113,3,2022-07-25,81441.20,60,0.0321,Ativo
507674,13902,114,3,2024-02-25,70967.84,48,0.0204,Ativo
507675,13939,115,4,2026-08-18,37502.27,36,0.0434,Em atraso
507676,13976,116,4,2026-09-10,81478.45,6,0.0173,Ativo
507677,14013,117,4,2020-05-04,12538.02,24,0.0140,Ativo
507678,14050,118,3,2021-12-26,72199.59,6,0.0189,Quitado
507679,14087,119,4,2022-12-26,20897.27,18,0.0272,Em atraso
507680,14124,120,3,2020-11-02,36248.23,36,0.0124,Em atraso
507681,14161,101,3,2025-07-31,90709.40,60,0.0313,Quitado
507682,14198,102,3,2026-10-09,91746.63,18,0.0148,Quitado
507683,14235,103,3,2021-05-17,50455.67,36,0.0313,Em atraso
507684,14272,104,4,2023-09-04,10928.36,12,0.0237,Em atraso
507685,14309,105,3,2025-07-19,8738.80,24,0.0133,Ativo
507686,14346,106,4,2023-01-11,77419.13,48,0.0433,Ativo
507687,14383,107,3,2022-04-16,37891.45,12,0.0324,Quitado
507688,14420,108,4,2022-04-07,12208.01,24,0.0211,Ativo
507689,14457,109,3,2024-03-14,100814.15,6,0.0239,Quitado
507690,14494,110,3,2021-08-05,116574.79,48,0.0331,Ativo
507691,14531,111,4,2024-10-05,100183.39,18,0.0301,Quitado
507692,14568,112,4,2024-05-16,3988.93,12,0.0113,Em atraso
507693,14605,113,3,2025-04-07,77920.43,48,0.0367,Em atraso
507694,14642,114,3,2024-11-13,80745.84,24,0.0335,Quitado
507695,14679,115,4,2025-06-13,27561.45,18,0.0210,Ativo
507696,14716,116,4,2023-12-09,16856.15,48,0.0328,Ativo
507697,14753,117,3,2022-10-14,1919.76,24,0.0201,Em atraso
507698,14790,118,4,2024-01-11,21453.43,48,0.0319,Ativo
507699,14827,119,3,2025-02-07,38180.56,12,0.0352,Ativo
507700,14864,120,3,2026-06-30,56736.21,12,0.0240,Ativo
507701,14901,101,3,2020-01-22,47318.99,60,0.0140,Em atraso
507702,14938,102,4,2021-02-24,8209.65,60,0.0278,Em atraso
507703,14975,103,3,2021-07-11,82481.99,6,0.0275,Quitado
507704,15012,104,4,2022-07-13,50742.83,12,0.0153,Quitado
507705,15049,105,3,2021-01-19,2724.74,12,0.0262,Quitado
507706,15086,106,3,2020-04-17,3706.91,24,0.0124,Ativo
507707,15123,107,3,2023-11-27,77242.13,6,0.0413,Quitado
507708,15160,108,4,2020-10-05,68210.13,6,0.0186,Quitado
507709,15197,109,4,2022-04-01,58986.02,48,0.0270,Ativo
507710,15234,110,3,2022-06-28,14194.97,12,0.0292,Quitado
507711,15271,111,4,2025-08-28,117308.85,24,0.0154,Ativo
507712,15308,112,4,2022-05-19,102913.35,60,0.0319,Ativo
507713,15345,113,4,2025-11-23,28024.27,6,0.0419,Ativo
507714,15382,114,4,2024-09-19,39045.33,12,0.0357,Quitado
507715,15419,115,4,2026-08-27,70025.33,12,0.0408,Ativo
507716,15456,116,3,2020-03-16,11477.00,18,0.0202,Quitado
507717,15493,117,3,2025-09-29,86350.97,60,0.0278,Em atraso
507718,15530,118,4,2022-10-08,57503.21,48,0.0210,Em atraso
507719,15567,119,4,2020-11-26,99341.36,18,0.0143,Ativo
507720,15604,120,4,2022-10-18,83970.63,36,0.0121,Ativo
507721,15641,101,3,2021-03-10,68272.70,12,0.0233,Em atraso
507722,15678,102,4,2025-01-25,52627.01,24,0.0287,Ativo
507723,15715,103,4,2026-09-01,96612.20,60,0.0214,Ativo
507724,15752,104,4,2026-06-29,104691.99,48,0.0325,Ativo
507725,15789,105,4,2024-11-05,45783.73,18,0.0112,Ativo
507726,15826,106,3,2021-06-15,72415.26,48,0.0170,Em atraso
507727,15863,107,3,2026-01-11,41084.90,60,0.0128,Ativo
507728,15900,108,3,2026-05-20,116137.72,12,0.0114,Em atraso
507729,15937,109,4,2021-08-07,53146.09,6,0.0208,Ativo
507730,15974,110,3,2025-11-05,90121.06,24,0.0435,Ativo
507731,16011,111,3,2023-11-17,100072.11,48,0.0336,Em atraso
507732,16048,112,3,2024-03-27,30161.62,24,0.0181,Ativo
507733,16085,113,3,2026-01-18,27157.13,48,0.0126,Quitado
507734,16122,114,3,2024-11-28,20754.03,48,0.0418,Ativo
507735,16159,115,4,2023-05-05,111813.42,36,0.0267,Ativo
507736,16196,116,4,2026-05-04,109320.27,18,0.0169,Em atraso
507737,16233,117,4,2021-05-30,82104.64,60,0.0370,Ativo
507738,16270,118,4,2021-08-10,12769.79,18,0.0285,Em atraso
507739,16307,119,3,2022-08-27,117024.20,60,0.0140,Em atraso
507740,16344,120,3,2024-04-21,57406.30,12,0.0185,Ativo
507741,16381,101,3,2024-11-11,48409.40,12,0.0360,Ativo
507742,16418,102,4,2026-09-18,62946.89,48,0.0414,Ativo
507743,16455,103,4,2026-06-22,35131.91,60,0.0266,Ativo
507744,16492,104,3,2021-10-13,51169.05,6,0.0324,Ativo
507745,16529,105,3,2020-04-27,59955.26,12,0.0240,Ativo
507746,16566,106,3,2026-04-09,25451.27,60,0.0184,Ativo
507747,16603,107,3,2022-08-13,32199.94,36,0.0278,Quitado
507748,16640,108,4,2023-02-20,24222.80,24,0.0301,Ativo
507749,16677,109,4,2024-08-19,48106.73,24,0.0165,Ativo
507750,16714,110,4,2022-12-18,15088.21,36,0.0378,Quitado
507751,16751,111,4,2022-03-27,33538.93,60,0.0405,Ativo
507752,16788,112,4,2026-01-18,59142.45,48,0.0243,Ativo
507753,16825,113,4,2021-04-05,46414.04,48,0.0220,Ativo
507754,16862,114,4,2025-06-11,14741.81,12,0.0092,Quitado
507755,16899,115,3,2023-06-12,47005.59,12,0.0217,Ativo
507756,16936,116,4,2025-01-19,102746.74,24,0.0190,Ativo
507757,16973,117,4,2020-05-02,116005.72,48,0.0283,Em atraso
507758,17010,118,3,2020-08-04,115001.88,24,0.0402,Ativo
507759,17047,119,3,2024-05-19,106989.07,24,0.0120,Ativo
507760,17084,120,3,2026-01-06,75568.97,24,0.0409,Ativo
507761,17121,101,3,2021-03-17,10668.72,18,0.0163,Ativo
507762,17158,102,3,2026-09-18,76978.46,60,0.0093,Ativo
507763,17195,103,4,2022-09-11,77084.73,18,0.0318,Ativo
507764,17232,104,3,2022-07-25,18515.15,12,0.0413,Quitado
507765,17269,105,3,2024-05-26,9615.91,12,0.0376,Ativo
507766,17306,106,4,2024-09-04,3303.73,60,0.0247,Ativo
507767,17343,107,4,2022-06-20,25455.50,6,0.0427,Em atraso
507768,17380,108,4,2025-06-01,38709.74,12,0.0188,Quitado
507769,17417,109,3,2023-01-02,61941.25,18,0.0406,Ativo
507770,17454,110,3,2025-12-24,94321.51,36,0.0190,Em atraso
507771,17491,111,4,2020-08-09,101880.72,48,0.0411,Em atraso
507772,17528,112,4,2025-09-10,54528.87,60,0.0137,Ativo
507773,17565,113,4,2022-07-11,98762.27,12,0.0402,Quitado
507774,17602,114,3,2025-10-05,84464.14,36,0.0198,Ativo
507775,17639,115,4,2021-08-18,35492.43,48,0.0406,Ativo
507776,17676,116,3,2025-02-19,53821.00,24,0.0424,Ativo
507777,17713,117,4,2026-02-25,85050.24,48,0.0350,Ativo
507778,17750,118,3,2022-10-03,24817.00,6,0.0113,Ativo
507779,17787,119,4,2024-12-02,38199.24,24,0.0128,Quitado
507780,17824,120,3,2021-04-13,32315.16,18,0.0435,Quitado
507781,17861,101,3,2020-06-25,49147.69,6,0.0244,Em atraso
507782,17898,102,4,2022-02-28,31870.44,36,0.0167,Ativo
507783,17935,103,4,2026-05-30,19797.63,6,0.0320,Ativo
507784,17972,104,4,2024-07-19,88216.61,48,0.0095,Ativo
507785,18009,105,3,2024-08-26,89973.50,24,0.0181,Ativo
507786,18046,106,4,2021-06-24,73459.21,6,0.0169,Ativo
507787,18083,107,3,2020-09-09,89770.79,60,0.0277,Ativo
507788,18120,108,4,2023-04-20,77990.11,24,0.0242,Ativo
507789,18157,109,3,2020-12-08,4915.50,36,0.0390,Ativo
507790,18194,110,4,2021-04-07,29889.46,36,0.0197,Quitado
507791,18231,111,3,2024-07-28,84774.93,60,0.0204,Ativo
507792,18268,112,4,2022-10-21,23330.55,6,0.0317,Em atraso
507793,18305,113,3,2025-10-13,85410.51,6,0.0154,Ativo
507794,18342,114,3,2025-10-31,30253.16,60,0.0350,Ativo
507795,18379,115,4,2024-02-02,25813.14,36,0.0371,Em atraso
507796,18416,116,4,2025-03-01,79321.20,12,0.0357,Quitado
507797,18453,117,3,2021-04-03,105211.95,48,0.0158,Ativo
507798,18490,118,4,2026-11-15,111930.05,60,0.0263,Em atraso
507799,18527,119,4,2026-11-29,77096.70,60,0.0185,Em atraso
507800,18564,120,3,2020-02-29,63779.40,36,0.0299,Quitado
507801,18601,101,4,2026-12-10,71344.91,6,0.0221,Quitado
507802,18638,102,4,2026-01-19,36277.11,24,0.0129,Ativo
507803,18675,103,4,2024-03-25,6593.90,24,0.0359,Em atraso
507804,18712,104,3,2022-01-18,94789.76,18,0.0095,Ativo
507805,18749,105,3,2025-04-23,119748.73,24,0.0124,Ativo
507806,18786,106,4,2026-06-29,93505.51,48,0.0427,Ativo
507807,18823,107,3,2023-01-23,52266.38,6,0.0112,Quitado
507808,18860,108,4,2026-04-15,75424.87,60,0.0288,Ativo
507809,18897,109,4,2020-06-14,31607.05,36,0.0356,Ativo
507810,18934,110,3,2021-03-30,40745.06,24,0.0369,Em atraso
507811,18971,111,3,2022-12-24,99992.96,36,0.0250,Ativo
507812,19008,112,4,2026-03-13,48653.50,36,0.0241,Em atraso
507813,19045,113,3,2020-04-25,36365.45,12,0.0355,Ativo
507814,19082,114,3,2020-08-25,100296.16,48,0.0293,Em atraso
507815,19119,115,3,2021-04-24,29180.96,18,0.0236,Em atraso
507816,19156,116,3,2026-07-29,113436.30,48,0.0332,Ativo
507817,19193,117,3,2026-05-10,45436.45,48,0.0184,Ativo
507818,19230,118,4,2020-09-07,91069.27,24,0.0326,Em atraso
507819,19267,119,4,2025-10-02,36065.02,60,0.0093,Ativo
507820,19304,120,4,2026-03-26,21009.00,12,0.0405,Ativo
507821,19341,101,4,2023-08-13,53592.16,36,0.0382,Em atraso
507822,19378,102,4,2024-03-16,25211.82,24,0.0203,Ativo
507823,19415,103,3,2025-06-03,101693.47,36,0.0138,Quitado
507824,19452,104,4,2025-06-18,117353.12,48,0.0428,Quitado
507825,19489,105,3,2020-04-02,42044.30,48,0.0361,Ativo
507826,19526,106,3,2024-02-24,27922.71,24,0.0246,Ativo
507827,19563,107,4,2025-05-08,32602.09,48,0.0306,Em atraso
507828,19600,108,3,2023-06-22,61854.19,36,0.0220,Ativo
507829,19637,109,3,2024-07-04,97211.83,18,0.0229,Ativo
507830,19674,110,3,2025-09-01,56454.26,24,0.0349,Em atraso
507831,19711,111,4,2025-06-05,74175.51,18,0.0105,Em atraso
507832,19748,112,4,2026-09-23,82147.41,6,0.0325,Ativo
507833,19785,113,3,2022-02-04,31175.98,60,0.0101,Ativo
507834,19822,114,3,2023-03-19,13301.63,24,0.0127,Ativo
507835,19859,115,4,2020-10-03,73695.99,60,0.0253,Ativo
507836,19896,116,4,2026-03-31,5150.88,6,0.0202,Em atraso
507837,19933,117,4,2024-01-21,50822.87,60,0.0394,Ativo
507838,19970,118,4,2023-07-07,15579.79,36,0.0220,Ativo
507839,20007,119,4,2023-06-19,49079.74,36,0.0409,Ativo
507840,20044,120,4,2020-10-26,110286.32,12,0.0377,Ativo
507841,20081,101,4,2024-01-05,95673.55,24,0.0304,Em atraso
507842,20118,102,3,2023-07-25,106587.99,18,0.0214,Ativo
507843,20155,103,3,2021-12-14,21300.82,6,0.0323,Ativo
507844,20192,104,3,2023-03-12,115887.25,36,0.0147,Quitado
507845,20229,105,4,2025-11-24,105401.61,48,0.0423,Em atraso
507846,20266,106,4,2020-06-24,4561.69,36,0.0158,Ativo
507847,20303,107,4,2024-07-26,62502.37,6,0.0236,Ativo
507848,20340,108,3,2021-02-27,106794.67,18,0.0300,Ativo
507849,20377,109,3,2023-02-09,27038.24,48,0.0384,Ativo
507850,20414,110,3,2025-04-30,78612.01,18,0.0107,Quitado
507851,20451,111,3,2026-09-24,83795.51,12,0.0155,Ativo
507852,20488,112,4,2026-08-06,71140.33,24,0.0339,Ativo
507853,20525,113,4,2020-01-27,37864.81,36,0.0293,Em atraso
507854,20562,114,3,2024-11-22,100852.72,36,0.0109,Em atraso
507855,20599,115,3,2020-06-29,76745.65,24,0.0114,Ativo
507856,20636,116,3,2023-06-16,69317.36,24,0.0370,Quitado
507857,20673,117,4,2026-04-17,31992.96,36,0.0347,Quitado
507858,20710,118,3,2024-05-13,58714.65,60,0.0313,Ativo
507859,20747,119,4,2025-07-07,94546.29,48,0.0372,Em atraso
507860,20784,120,4,2024-09-03,83138.54,36,0.0297,Quitado
507861,20821,101,4,2022-10-21,36632.17,60,0.0384,Ativo
507862,20858,102,4,2023-12-25,52447.66,48,0.0129,Quitado
507863,20895,103,3,2022-07-10,91880.40,18,0.0140,Ativo
507864,20932,104,4,2021-01-08,21181.93,6,0.0179,Em atraso
507865,20969,105,4,2020-01-28,11044.82,12,0.0420,Em atraso
507866,21006,106,3,2020-08-04,110810.11,36,0.0299,Quitado
507867,21043,107,3,2020-02-26,99469.19,18,0.0103,Ativo
507868,21080,108,3,2024-11-25,118324.15,6,0.0337,Ativo
507869,21117,109,3,2025-05-04,99188.81,24,0.0414,Ativo
507870,21154,110,3,2020-03-06,43945.77,36,0.0183,Em atraso
507871,21191,111,3,2024-04-13,19308.49,12,0.0310,Em atraso
507872,21228,112,3,2020-01-30,63461.02,12,0.0187,Ativo
507873,21265,113,3,2024-05-22,27047.59,36,0.0328,Ativo
507874,21302,114,4,2026-04-16,47448.32,6,0.0395,Ativo
507875,21339,115,3,2021-10-02,111592.54,6,0.0115,Ativo
507876,21376,116,4,2020-05-01,68415.80,48,0.0316,Quitado
507877,21413,117,3,2026-10-04,24647.77,60,0.0111,Em atraso
507878,21450,118,3,2025-06-09,34613.29,36,0.0304,Ativo
507879,21487,119,4,2020-07-24,31325.35,12,0.0143,Quitado
507880,21524,120,3,2020-01-29,70034.89,60,0.0128,Em atraso
507881,21561,101,4,2020-05-27,59764.21,48,0.0324,Em atraso
507882,21598,102,3,2025-06-02,76877.48,24,0.0196,Ativo
507883,21635,103,4,2020-06-23,103619.49,6,0.0340,Quitado
507884,21672,104,3,2025-11-21,40471.01,6,0.0142,Ativo
507885,21709,105,3,2024-10-08,1312.56,6,0.0245,Em atraso
507886,21746,106,4,2020-07-24,48445.97,48,0.0390,Quitado
507887,21783,107,4,2026-02-07,77682.46,6,0.0415,Em atraso
507888,21820,108,3,2022-01-01,96653.93,36,0.0207,Ativo
507889,21857,109,3,2025-04-30,117429.34,48,0.0114,Em atraso
507890,21894,110,4,2023-12-07,22106.52,48,0.0118,Quitado
507891,21931,111,4,2025-05-14,119490.48,12,0.0204,Ativo
507892,21968,112,4,2023-09-14,51948.65,48,0.0271,Ativo
507893,22005,113,3,2020-07-17,4239.56,60,0.0156,Ativo
507894,22042,114,4,2026-06-23,107231.54,6,0.0361,Ativo
507895,22079,115,4,2024-06-11,116149.84,48,0.0333,Ativo
507896,22116,116,3,2022-09-11,76001.13,24,0.0210,Em atraso
507897,22153,117,3,2020-03-30,110311.77,6,0.0239,Em atraso
507898,22190,118,3,2023-01-31,86967.58,48,0.0149,Em atraso
507899,22227,119,4,2020-02-23,28945.75,18,0.0352,Ativo
507900,22264,120,3,2020-05-24,82771.47,12,0.0117,Ativo
507901,22301,101,4,2023-07-03,25800.63,36,0.0177,Ativo
507902,22338,102,4,2021-08-05,44612.24,60,0.0311,Em atraso
507903,22375,103,4,2021-09-15,105078.60,36,0.0314,Ativo
507904,22412,104,3,2023-02-25,107754.62,36,0.0352,Quitado
507905,22449,105,3,2024-11-18,81277.01,18,0.0299,Em atraso
507906,22486,106,3,2020-09-30,75178.60,12,0.0350,Quitado
507907,22523,107,4,2024-01-15,115087.86,12,0.0180,Ativo
507908,22560,108,4,2020-06-03,8388.58,48,0.0300,Quitado
507909,22597,109,4,2021-02-28,68245.54,18,0.0221,Em atraso
507910,22634,110,3,2020-01-29,34147.27,6,0.0310,Em atraso
507911,22671,111,4,2023-06-02,114963.38,60,0.0215,Em atraso
507912,22708,112,4,2022-11-09,34650.12,48,0.0384,Ativo
507913,22745,113,3,2025-06-22,79349.73,12,0.0335,Ativo
507914,22782,114,4,2026-09-20,37405.73,12,0.0315,Quitado
507915,22819,115,3,2026-08-02,114944.18,24,0.0262,Ativo
507916,22856,116,3,2020-05-12,8837.96,24,0.0350,Quitado
507917,22893,117,3,2025-11-30,17264.49,24,0.0101,Quitado
507918,22930,118,4,2024-03-09,46375.35,48,0.0210,Em atraso
507919,22967,119,3,2025-04-28,83004.86,60,0.0358,Quitado
507920,23004,120,3,2021-01-24,89543.48,24,0.0093,Ativo
507921,23041,101,4,2021-07-18,33276.27,6,0.0104,Quitado
507922,23078,102,4,2022-01-18,85325.84,48,0.0367,Em atraso
507923,23115,103,4,2020-06-11,45029.37,36,0.0226,Em atraso
507924,23152,104,4,2024-03-28,25808.95,60,0.0261,Ativo
507925,23189,105,3,2023-11-12,110550.61,60,0.0213,Ativo
507926,23226,106,4,2025-07-30,19877.19,60,0.0145,Ativo
507927,23263,107,3,2025-03-16,43672.32,48,0.0109,Quitado
507928,23300,108,3,2025-02-23,114473.18,12,0.0156,Quitado
507929,23337,109,3,2023-09-19,101087.19,12,0.0109,Quitado
507930,23374,110,3,2023-04-29,86689.10,24,0.0314,Em atraso
507931,23411,111,4,2020-03-17,74907.88,24,0.0134,Ativo
507932,23448,112,4,2023-11-04,52704.77,6,0.0296,Ativo
507933,23485,113,4,2021-08-15,97362.45,12,0.0111,Ativo
507934,23522,114,3,2020-08-13,32337.98,24,0.0335,Em atraso
507935,23559,115,3,2020-09-05,2266.05,12,0.0310,Ativo
507936,23596,116,3,2023-11-19,88722.79,60,0.0194,Ativo
507937,23633,117,3,2023-07-19,67659.67,18,0.0177,Quitado
507938,23670,118,4,2021-01-04,74381.37,48,0.0303,Quitado
507939,23707,119,3,2025-03-23,43756.51,18,0.0112,Ativo
507940,23744,120,3,2021-01-07,67705.00,18,0.0436,Em atraso
507941,23781,101,4,2023-02-16,64086.52,24,0.0240,Quitado
507942,23818,102,3,2025-09-07,114609.91,48,0.0192,Quitado
507943,23855,103,3,2021-01-07,46479.92,24,0.0100,Ativo
507944,23892,104,4,2023-10-10,61883.52,60,0.0326,Ativo
507945,23929,105,4,2026-04-25,51280.13,48,0.0135,Em atraso
507946,23966,106,3,2022-09-30,60486.77,48,0.0271,Ativo
507947,24003,107,4,2024-05-28,47926.81,60,0.0323,Ativo
507948,24040,108,3,2022-01-02,85828.08,60,0.0186,Ativo
507949,24077,109,3,2020-06-19,69799.72,24,0.0156,Ativo
507950,24114,110,4,2022-07-05,64774.65,60,0.0218,Ativo
507951,24151,111,3,2023-12-21,100963.85,6,0.0400,Ativo
507952,24188,112,4,2022-05-13,86916.69,60,0.0268,Quitado
507953,24225,113,4,2020-11-09,20206.63,60,0.0143,Ativo
507954,24262,114,4,2026-08-31,88350.18,6,0.0101,Em atraso
507955,24299,115,4,2022-01-11,76507.69,60,0.0249,Quitado
507956,24336,116,3,2024-09-21,91993.84,12,0.0126,Ativo
507957,24373,117,3,2026-09-01,19831.91,24,0.0262,Quitado
507958,24410,118,3,2022-06-15,95205.89,6,0.0413,Em atraso
507959,24447,119,4,2020-07-22,38886.31,60,0.0387,Em atraso
507960,24484,120,4,2023-07-17,34216.23,48,0.0191,Ativo
507961,24521,101,3,2026-05-11,23231.42,24,0.0316,Quitado
507962,24558,102,4,2022-09-14,46639.69,12,0.0122,Ativo
507963,24595,103,4,2021-07-24,3887.82,60,0.0420,Ativo
507964,24632,104,3,2020-02-13,93085.95,12,0.0317,Em atraso
507965,24669,105,4,2024-07-12,15328.37,48,0.0384,Em atraso
507966,24706,106,4,2025-11-07,51631.79,36,0.0425,Quitado
507967,24743,107,3,2020-11-21,31496.82,36,0.0272,Em atraso
507968,24780,108,3,2024-11-11,119671.20,6,0.0172,Ativo
507969,24817,109,3,2020-03-07,63243.43,48,0.0356,Em atraso
507970,24854,110,4,2021-11-27,78409.16,60,0.0214,Ativo
507971,24891,111,4,2023-06-22,58318.19,24,0.0289,Quitado
507972,24928,112,4,2021-06-09,51014.47,60,0.0102,Ativo
507973,24965,113,4,2020-06-06,107812.30,24,0.0094,Quitado
507974,25002,114,4,2023-04-22,60197.49,18,0.0403,Quitado
507975,25039,115,4,2023-12-30,64688.47,18,0.0233,Em atraso
507976,25076,116,4,2025-11-11,4728.27,48,0.0345,Em atraso
507977,25113,117,3,2026-08-31,89790.78,24,0.0230,Ativo
507978,25150,118,3,2022-10-05,38160.67,60,0.0310,Em atraso
507979,25187,119,3,2023-01-14,100474.61,48,0.0311,Quitado
507980,25224,120,4,2023-07-27,53778.30,18,0.0360,Ativo
507981,25261,101,4,2021-02-17,53747.34,12,0.0096,Em atraso
507982,25298,102,4,2024-12-31,103527.67,48,0.0103,Quitado
507983,25335,103,4,2022-08-11,50560.39,18,0.0385,Ativo
507984,25372,104,3,2022-05-11,38454.22,6,0.0360,Ativo
507985,25409,105,3,2023-12-13,110643.25,36,0.0146,Em atraso
507986,25446,106,4,2026-06-26,19907.06,36,0.0201,Ativo
507987,25483,107,4,2022-02-28,92020.17,24,0.0172,Em atraso
507988,25520,108,4,2025-05-04,10527.74,24,0.0159,Quitado
507989,25557,109,3,2024-08-06,21100.07,6,0.0100,Quitado
507990,25594,110,4,2020-01-09,72788.94,24,0.0439,Em atraso
507991,25631,111,3,2022-01-02,57980.28,48,0.0417,Quitado
507992,25668,112,4,2021-10-08,119598.46,36,0.0228,Ativo
507993,25705,113,4,2025-10-14,65354.82,60,0.0184,Ativo
507994,25742,114,3,2024-05-09,52234.40,48,0.0388,Quitado
507995,25779,115,4,2020-03-08,88167.78,48,0.0167,Ativo
507996,25816,116,3,2023-11-05,60626.94,18,0.0407,Quitado
507997,25853,117,3,2024-10-24,105902.48,36,0.0198,Em atraso
507998,25890,118,3,2026-08-29,57752.45,6,0.0136,Ativo
507999,25927,119,3,2023-10-15,67146.88,36,0.0263,Em atraso
508000,25964,120,3,2023-06-07,105655.51,12,0.0132,Ativo
